id,area,feature,report,axis,x1_cm,y1_cm,x2_cm,y2_cm,z_cm,length_cm,limits
PIT_WALL_SECTION_350,Pit,Opposing Pit retaining-wall concrete collision faces at y350 z-90,PIT_WALL_ENDPOINTS_001,X,3230.88,889.0,4043.68,889.0,-228.6,812.8,"Opposing Pit side-wall concrete mesh faces at y350 z-90; corresponding visible retaining walls in Pit forward/reverse/side views. Cross-section only, not minimum route clearance. No full footprint or minimum body clearance certification."
LONG_CHAMBER_350,Long Doors,Opposing concrete chamber mesh walls at source y350 z69,LONG_DOORS_CROSS_SECTIONS_001,X,1300.48,889.0,1950.72,889.0,175.26,650.24,"Visible chamber walls corroborated by inspected forward/reverse/elevation views. Section only; not room length, opening width, or full-height clearance."
LONG_CHAMBER_450,Long Doors,Opposing chamber collision hull faces at source y450 z69,LONG_DOORS_CROSS_SECTIONS_001,X,1326.3626,1143.0,1927.8092,1143.0,175.26,601.4466,"Timber support/wall section visible in side view. Hull faces differ from neighboring concrete mesh walls; preserve separate section, not minimum room width."
LONG_INNER_THRESHOLD_700,Long Doors,Horizontal collision passage sample INNER_THRESHOLD_700 at source z69,LONG_DOORS_CROSS_SECTIONS_001,X,1300.48,1778.0,1760.093,1778.0,175.26,459.613,"Door-leaf/wall cross-section only. Angled leaves require a weaving path verified separately in WALK_PROBES. Sample does not establish minimum orthogonal passage clearance, structural jamb span or opening height."
LONG_OUTER_GAP_280,Long Doors,Horizontal collision passage sample OUTER_GAP_280 at source z69,LONG_DOORS_LEAF_SECTIONS_002,X,1429.7152,711.2,1726.3872,711.2,175.26,296.672,"Door-leaf/wall cross-section only. Angled leaves require a weaving path verified separately in WALK_PROBES. Sample does not establish minimum orthogonal passage clearance, structural jamb span or opening height."
LONG_OUTER_GAP_300,Long Doors,Horizontal collision passage sample OUTER_GAP_300 at source z69,LONG_DOORS_LEAF_SECTIONS_002,X,1463.8274,762.0,1809.369,762.0,175.26,345.5416,"Door-leaf/wall cross-section only. Angled leaves require a weaving path verified separately in WALK_PROBES. Sample does not establish minimum orthogonal passage clearance, structural jamb span or opening height."
LONG_OUTER_GAP_320,Long Doors,Horizontal collision passage sample OUTER_GAP_320 at source z69,LONG_DOORS_LEAF_SECTIONS_002,X,1546.5806,812.8,1909.2672,812.8,175.26,362.6866,"Door-leaf/wall cross-section only. Angled leaves require a weaving path verified separately in WALK_PROBES. Sample does not establish minimum orthogonal passage clearance, structural jamb span or opening height."
LONG_INNER_GAP_640,Long Doors,Horizontal collision passage sample INNER_GAP_640 at source z69,LONG_DOORS_LEAF_SECTIONS_002,X,1300.48,1625.6,1657.7564,1625.6,175.26,357.2764,"Door-leaf/wall cross-section only. Angled leaves require a weaving path verified separately in WALK_PROBES. Sample does not establish minimum orthogonal passage clearance, structural jamb span or opening height."
LONG_INNER_GAP_660,Long Doors,Horizontal collision passage sample INNER_GAP_660 at source z69,LONG_DOORS_LEAF_SECTIONS_002,X,1300.48,1676.4,1657.7564,1676.4,175.26,357.2764,"Door-leaf/wall cross-section only. Angled leaves require a weaving path verified separately in WALK_PROBES. Sample does not establish minimum orthogonal passage clearance, structural jamb span or opening height."
LONG_INNER_GAP_680,Long Doors,Horizontal collision passage sample INNER_GAP_680 at source z69,LONG_DOORS_LEAF_SECTIONS_002,X,1300.48,1727.2,1657.7564,1727.2,175.26,357.2764,"Door-leaf/wall cross-section only. Angled leaves require a weaving path verified separately in WALK_PROBES. Sample does not establish minimum orthogonal passage clearance, structural jamb span or opening height."
B_DOOR_LEAF_SECTION_1350,B Doors,Leaf-to-opposing-wall collision section at source x-1349.86 z67,B_DOORS_PASSAGE_SECTIONS_001,Y,-3428.6444,5282.9714,-3428.6444,5655.945,170.18,372.9736,"Local horizontal section, not minimum angled-leaf clearance, full structural opening width or height. Adjacent ray stations extend beyond doorway into courtyard/slope and are retained as diagnostics only."
SHORT_SECTION_1660,Short Stairs,Opposing collision wall section at source Y1660 (stair flight),SHORT_STAIR_LOW_WALL_SECTIONS_002,X,648.2334,4216.4,970.153,4216.4,50.8,321.9196,Local eye-level cross-section; does not imply uniform flight width. Corresponding walls/parapet visible in reviewed stair views. Player width clearance is separately supported by walking.
SHORT_SECTION_1740,Short Stairs,Opposing collision wall section at source Y1740 (stair flight),SHORT_STAIR_LOW_WALL_SECTIONS_002,X,628.2436,4419.6,970.7372,4419.6,193.04,342.4936,Local eye-level cross-section; does not imply uniform flight width. Corresponding walls/parapet visible in reviewed stair views. Player width clearance is separately supported by walking.
SHORT_SECTION_1790,Short Stairs,Opposing collision wall section at source Y1790 (upper landing),SHORT_STAIR_LOW_WALL_SECTIONS_002,X,629.92,4546.6,1300.48,4546.6,274.32,670.56,Local eye-level cross-section; does not imply uniform flight width. Corresponding walls/parapet visible in reviewed stair views. Player width clearance is separately supported by walking.
CATWALK_SECTION_900,Catwalk,Corridor opposing collision faces at source Y900 Z24,CATWALK_WALL_SECTIONS_001,X,-585.3684,2286.0,-325.12,2286.0,60.96,260.2484,Facade/grille-to-parapet cross-section at low ray height. Ground forward/reverse views corroborate the narrow upper lane; not overall Mid street width.
CATWALK_SECTION_1200,Catwalk,Corridor opposing collision faces at source Y1200 Z24,CATWALK_WALL_SECTIONS_001,X,-585.5716,3048.0,-313.1058,3048.0,60.96,272.4658,Facade/grille-to-parapet cross-section at low ray height. Ground forward/reverse views corroborate the narrow upper lane; not overall Mid street width.
MID_DOOR_SECTION_1500,Mid Doors,Horizontal collision passage section at source Y1500 Z-40,MID_DOOR_LEAF_SECTIONS_001,X,-1287.8562,3810.0,-651.0782,3810.0,-101.6,636.778,Local concrete/leaf section with actual surfaces retained; not minimum angled-leaf clearance or complete structural aperture. Ground/elevated frames corroborate portal and approach.
MID_DOOR_SECTION_1550,Mid Doors,Horizontal collision passage section at source Y1550 Z-40,MID_DOOR_LEAF_SECTIONS_001,X,-1300.48,3937.0,-814.324,3937.0,-101.6,486.156,Local concrete/leaf section with actual surfaces retained; not minimum angled-leaf clearance or complete structural aperture. Ground/elevated frames corroborate portal and approach.
MID_DOOR_SECTION_1600,Mid Doors,Horizontal collision passage section at source Y1600 Z-40,MID_DOOR_LEAF_SECTIONS_001,X,-1145.2098,4064.0,-821.182,4064.0,-101.6,324.0278,Local concrete/leaf section with actual surfaces retained; not minimum angled-leaf clearance or complete structural aperture. Ground/elevated frames corroborate portal and approach.
MID_DOOR_SECTION_1650,Mid Doors,Horizontal collision passage section at source Y1650 Z-40,MID_DOOR_LEAF_SECTIONS_001,X,-1503.68,4191.0,-981.9132,4191.0,-101.6,521.7668,Local concrete/leaf section with actual surfaces retained; not minimum angled-leaf clearance or complete structural aperture. Ground/elevated frames corroborate portal and approach.
LONG_OUTER_ARCH_Y275_RAYZ164,Long outer recessed arch,Concrete-to-angled-leaf local passage chord at source y275 z164,LONG_OUTER_ARCH_WIDTH_SECTIONS_001,X,1428.3436,698.5,1705.6608,698.5,416.56,277.3172,"Exact repeated native/rangefinder endpoints. Upper chords identify changing concrete intrados span; lower chord is shortened by angled wood leaf. These are separate sections, not minimum passable aperture, full lower structural width, or render edge certification."
LONG_OUTER_ARCH_Y275_RAYZ194,Long outer recessed arch,Concrete-to-concrete recessed arch chord at source y275 z194,LONG_OUTER_ARCH_WIDTH_SECTIONS_001,X,1429.1818,698.5,1824.6598,698.5,492.76,395.478,"Exact repeated native/rangefinder endpoints. Upper chords identify changing concrete intrados span; lower chord is shortened by angled wood leaf. These are separate sections, not minimum passable aperture, full lower structural width, or render edge certification."
LONG_OUTER_ARCH_Y275_RAYZ244,Long outer recessed arch,Concrete-to-concrete recessed arch chord at source y275 z244,LONG_OUTER_ARCH_WIDTH_SECTIONS_001,X,1470.3552,698.5,1784.1722,698.5,619.76,313.817,"Exact repeated native/rangefinder endpoints. Upper chords identify changing concrete intrados span; lower chord is shortened by angled wood leaf. These are separate sections, not minimum passable aperture, full lower structural width, or render edge certification."
LONG_OUTER_ARCH_Y275_RAYZ264,Long outer recessed arch,Concrete-to-concrete recessed arch chord at source y275 z264,LONG_OUTER_ARCH_WIDTH_SECTIONS_001,X,1523.6444,698.5,1730.0448,698.5,670.56,206.4004,"Exact repeated native/rangefinder endpoints. Upper chords identify changing concrete intrados span; lower chord is shortened by angled wood leaf. These are separate sections, not minimum passable aperture, full lower structural width, or render edge certification."
LONG_OUTER_ARCH_Y280_RAYZ164,Long outer recessed arch,Concrete-to-angled-leaf local passage chord at source y280 z164,LONG_OUTER_ARCH_WIDTH_SECTIONS_001,X,1428.369,711.2,1726.3872,711.2,416.56,298.0182,"Exact repeated native/rangefinder endpoints. Upper chords identify changing concrete intrados span; lower chord is shortened by angled wood leaf. These are separate sections, not minimum passable aperture, full lower structural width, or render edge certification."
LONG_OUTER_ARCH_Y280_RAYZ194,Long outer recessed arch,Concrete-to-concrete recessed arch chord at source y280 z194,LONG_OUTER_ARCH_WIDTH_SECTIONS_001,X,1429.1818,711.2,1824.6598,711.2,492.76,395.478,"Exact repeated native/rangefinder endpoints. Upper chords identify changing concrete intrados span; lower chord is shortened by angled wood leaf. These are separate sections, not minimum passable aperture, full lower structural width, or render edge certification."
LONG_OUTER_ARCH_Y280_RAYZ244,Long outer recessed arch,Concrete-to-concrete recessed arch chord at source y280 z244,LONG_OUTER_ARCH_WIDTH_SECTIONS_001,X,1470.3552,711.2,1784.1722,711.2,619.76,313.817,"Exact repeated native/rangefinder endpoints. Upper chords identify changing concrete intrados span; lower chord is shortened by angled wood leaf. These are separate sections, not minimum passable aperture, full lower structural width, or render edge certification."
LONG_OUTER_ARCH_Y280_RAYZ264,Long outer recessed arch,Concrete-to-concrete recessed arch chord at source y280 z264,LONG_OUTER_ARCH_WIDTH_SECTIONS_001,X,1523.6444,711.2,1730.0448,711.2,670.56,206.4004,"Exact repeated native/rangefinder endpoints. Upper chords identify changing concrete intrados span; lower chord is shortened by angled wood leaf. These are separate sections, not minimum passable aperture, full lower structural width, or render edge certification."
CT_ROOM_EW_SECTION,CT Spawn,Concrete opposing CT room faces at y2369.67 z-56.63,AREA_SECTION_CT_COLUMN_001,X,80.9752,6018.9618,1301.1404,6018.9618,-143.8402,1220.1652,"Reviewed native views QA_CTSPAWN_G1_PX_001;QA_CTSPAWN_G1_NX_001. Rays are 8 native units below directional-camera eye for CT/B; surfaces remain visible and repeated concrete hits identify collision faces. Local section only; no full room rectangle, minimum body clearance or rendered offset bound."
CT_ROOM_NS_SECTION,CT Spawn,Concrete opposing CT room faces at x160.12 z-56.63,AREA_SECTION_CT_COLUMN_001,Y,406.7048,5159.248,406.7048,6501.3078,-143.8402,1342.0598,"Reviewed native views QA_CTSPAWN_G1_PY_001;QA_CTSPAWN_G1_NY_001. Rays are 8 native units below directional-camera eye for CT/B; surfaces remain visible and repeated concrete hits identify collision faces. Local section only; no full room rectangle, minimum body clearance or rendered offset bound."
B_COURTYARD_EW_SECTION,B Site,Opposing B courtyard concrete faces at y2500 z94.74,AREA_SECTION_FLOOR_BSITE_001,X,-5405.1454,6350.0,-3413.76,6350.0,240.6396,1991.3854,"Reviewed native views QA_BSITE_G1_PX_001;QA_BSITE_G1_NX_001. Rays are 8 native units below directional-camera eye for CT/B; surfaces remain visible and repeated concrete hits identify collision faces. Local section only; no full room rectangle, minimum body clearance or rendered offset bound."
LONG_CHAMBER_EW_SECTION,Long Doors chamber,Opposing Long chamber concrete faces at y450 z69,AREA_SECTION_LONG_CHAMBER_001,X,1326.3626,1143.0,1927.8092,1143.0,175.26,601.4466,"Reviewed native views QA_LONGDOORS_FORWARD_RECOVERY_002;QA_LONGDOORS_REVERSE_RECOVERY_002;QA_LONGDOORS_SIDE_RECOVERY_002. Rays are 8 native units below directional-camera eye for CT/B; surfaces remain visible and repeated concrete hits identify collision faces. Local section only; no full room rectangle, minimum body clearance or rendered offset bound."
LOWER_WALL_SECTION_X1000,Lower Tunnels / Mid,Opposing concrete Lower passage wall section at X1000,LOWER_PASSAGE_WALL_SECTIONS_001,Y,-2540.0,3344.418,-2540.0,3901.44,-121.92,557.022,"QA_LOWTUN_G1_PX_001 and QA_LOWTUN_SIDE_RECOVERY_002 show continuous passage walls and south stacked cover. X1100 south hits stair riser8, excluded as passage wall width. X800 south Wood_Panel cover gives local horizontal cover/wall gap; other selected opposing concrete samples are local wall sections, not full arch or minimum body clearance. Source endpoint/eye Z retained. Cross-section only; no full width interpolation, whole-body clearance, aperture height or render offset certification."
LOWER_WALL_SECTION_X900,Lower Tunnels / Mid,Opposing concrete Lower passage wall section at X900,LOWER_PASSAGE_WALL_SECTIONS_001,Y,-2286.0,3332.48,-2286.0,3901.44,-121.92,568.96,"QA_LOWTUN_G1_PX_001 and QA_LOWTUN_SIDE_RECOVERY_002 show continuous passage walls and south stacked cover. X1100 south hits stair riser8, excluded as passage wall width. X800 south Wood_Panel cover gives local horizontal cover/wall gap; other selected opposing concrete samples are local wall sections, not full arch or minimum body clearance. Source endpoint/eye Z retained. Cross-section only; no full width interpolation, whole-body clearance, aperture height or render offset certification."
LOWER_WALL_SECTION_X700,Lower Tunnels / Mid,Opposing concrete Lower passage wall section at X700,LOWER_PASSAGE_WALL_SECTIONS_001,Y,-1778.0,3332.48,-1778.0,3901.44,-121.92,568.96,"QA_LOWTUN_G1_PX_001 and QA_LOWTUN_SIDE_RECOVERY_002 show continuous passage walls and south stacked cover. X1100 south hits stair riser8, excluded as passage wall width. X800 south Wood_Panel cover gives local horizontal cover/wall gap; other selected opposing concrete samples are local wall sections, not full arch or minimum body clearance. Source endpoint/eye Z retained. Cross-section only; no full width interpolation, whole-body clearance, aperture height or render offset certification."
LOWER_WALL_SECTION_X600,Lower Tunnels / Mid,Opposing concrete Lower passage wall section at X600,LOWER_PASSAGE_WALL_SECTIONS_001,Y,-1524.0,3332.48,-1524.0,3901.44,-121.92,568.96,"QA_LOWTUN_G1_PX_001 and QA_LOWTUN_SIDE_RECOVERY_002 show continuous passage walls and south stacked cover. X1100 south hits stair riser8, excluded as passage wall width. X800 south Wood_Panel cover gives local horizontal cover/wall gap; other selected opposing concrete samples are local wall sections, not full arch or minimum body clearance. Source endpoint/eye Z retained. Cross-section only; no full width interpolation, whole-body clearance, aperture height or render offset certification."
LOWER_WALL_SECTION_X550,Lower Tunnels / Mid,Opposing concrete Lower passage wall section at X550,LOWER_PASSAGE_WALL_SECTIONS_001,Y,-1397.0,3332.48,-1397.0,3901.44,-121.92,568.96,"QA_LOWTUN_G1_PX_001 and QA_LOWTUN_SIDE_RECOVERY_002 show continuous passage walls and south stacked cover. X1100 south hits stair riser8, excluded as passage wall width. X800 south Wood_Panel cover gives local horizontal cover/wall gap; other selected opposing concrete samples are local wall sections, not full arch or minimum body clearance. Source endpoint/eye Z retained. Cross-section only; no full width interpolation, whole-body clearance, aperture height or render offset certification."
LOWER_WALL_SECTION_X800,Lower Tunnels / Mid,Lower passage concrete wall to wooden cover local gap at X800,LOWER_PASSAGE_WALL_SECTIONS_001,Y,-2032.0,3517.6206,-2032.0,3901.44,-121.92,383.8194,"QA_LOWTUN_G1_PX_001 and QA_LOWTUN_SIDE_RECOVERY_002 show continuous passage walls and south stacked cover. X1100 south hits stair riser8, excluded as passage wall width. X800 south Wood_Panel cover gives local horizontal cover/wall gap; other selected opposing concrete samples are local wall sections, not full arch or minimum body clearance. Source endpoint/eye Z retained. Cross-section only; no full width interpolation, whole-body clearance, aperture height or render offset certification."
UPPER_B_WALL_SECTION_Y1500,Upper Tunnels / B exit,Opposing concrete Upper B corridor wall section at Y1500,UPPER_B_PASSAGE_WALL_SECTIONS_001,X,-5201.92,3810.0,-4876.8,3810.0,242.2652,325.12,"QA_UPTUN_G1_PY_001 shows both narrow concrete corridor walls, wooden roof and end arches. Y1500..1700 local narrow wall sections accepted. QA_BSITE_REVERSE_RECOVERY_001 corroborates exterior approach walls atY1900/2000. Y1400 wooden chamber cover; Y1800 metal prop; Y2100 wooden cover; Y2200 east ray crosses B door opening to CT Mid. Those diagnostics do not establish passage width. Source endpoint/eye Z retained. Cross-section only; no full width interpolation, whole-body clearance, aperture height or render offset certification."
UPPER_B_WALL_SECTION_Y1600,Upper Tunnels / B exit,Opposing concrete Upper B corridor wall section at Y1600,UPPER_B_PASSAGE_WALL_SECTIONS_001,X,-5201.92,4064.0,-4876.8,4064.0,242.2652,325.12,"QA_UPTUN_G1_PY_001 shows both narrow concrete corridor walls, wooden roof and end arches. Y1500..1700 local narrow wall sections accepted. QA_BSITE_REVERSE_RECOVERY_001 corroborates exterior approach walls atY1900/2000. Y1400 wooden chamber cover; Y1800 metal prop; Y2100 wooden cover; Y2200 east ray crosses B door opening to CT Mid. Those diagnostics do not establish passage width. Source endpoint/eye Z retained. Cross-section only; no full width interpolation, whole-body clearance, aperture height or render offset certification."
UPPER_B_WALL_SECTION_Y1700,Upper Tunnels / B exit,Opposing concrete Upper B corridor wall section at Y1700,UPPER_B_PASSAGE_WALL_SECTIONS_001,X,-5201.92,4318.0,-4876.8,4318.0,242.2652,325.12,"QA_UPTUN_G1_PY_001 shows both narrow concrete corridor walls, wooden roof and end arches. Y1500..1700 local narrow wall sections accepted. QA_BSITE_REVERSE_RECOVERY_001 corroborates exterior approach walls atY1900/2000. Y1400 wooden chamber cover; Y1800 metal prop; Y2100 wooden cover; Y2200 east ray crosses B door opening to CT Mid. Those diagnostics do not establish passage width. Source endpoint/eye Z retained. Cross-section only; no full width interpolation, whole-body clearance, aperture height or render offset certification."
UPPER_B_WALL_SECTION_Y1900,Upper Tunnels / B exit,Opposing concrete B courtyard approach wall section at Y1900,UPPER_B_PASSAGE_WALL_SECTIONS_001,X,-5527.04,4826.0,-3496.0814,4826.0,242.2652,2030.9586,"QA_UPTUN_G1_PY_001 shows both narrow concrete corridor walls, wooden roof and end arches. Y1500..1700 local narrow wall sections accepted. QA_BSITE_REVERSE_RECOVERY_001 corroborates exterior approach walls atY1900/2000. Y1400 wooden chamber cover; Y1800 metal prop; Y2100 wooden cover; Y2200 east ray crosses B door opening to CT Mid. Those diagnostics do not establish passage width. Source endpoint/eye Z retained. Cross-section only; no full width interpolation, whole-body clearance, aperture height or render offset certification."
UPPER_B_WALL_SECTION_Y2000,Upper Tunnels / B exit,Opposing concrete B courtyard approach wall section at Y2000,UPPER_B_PASSAGE_WALL_SECTIONS_001,X,-5527.04,5080.0,-3495.04,5080.0,242.2652,2032.0,"QA_UPTUN_G1_PY_001 shows both narrow concrete corridor walls, wooden roof and end arches. Y1500..1700 local narrow wall sections accepted. QA_BSITE_REVERSE_RECOVERY_001 corroborates exterior approach walls atY1900/2000. Y1400 wooden chamber cover; Y1800 metal prop; Y2100 wooden cover; Y2200 east ray crosses B door opening to CT Mid. Those diagnostics do not establish passage width. Source endpoint/eye Z retained. Cross-section only; no full width interpolation, whole-body clearance, aperture height or render offset certification."
