id,area,feature,value,unit,method,source_id,confidence,tolerance,notes
B_FRAME_Z40_MATERIAL_WIDTH,B Doors,Masonry-to-timber lateral material-region span at native Z40,525.8562,cm,opposing repeated native first-material rays; independently repeated height checks; SCALE_CALIBRATION,B_FRAME_SECTIONS/B_JAMB_PARALLEL_MATERIAL_TRANSITIONS_002;B_JAMB_INDEPENDENT_HEIGHT_CHECKS_005,bounded local collision-material section,"[525.7546,525.9578]cm native numerical/transition bounds","Only opposed first-material sections at nativeZ40/80/140. Lateral span delimits masonry-to-timber collision interfaces, not inner post edges, moving leaf gap, minimum walking clearance, continuous height interpolation, hidden solid body or complete aperture. Normal spans pair actual same-tangent first faces with printed endpoint rounding. Visual fixed-post association does not prove shared entity/hull identity; rendered/collision offsets remain unbounded separately."
B_FRAME_Z40_SOUTH_MASONRY_DEPTH,B Doors,south masonry opposite first-face normal span at native Z40,121.92,cm,opposing repeated native first-material rays; independently repeated height checks; SCALE_CALIBRATION,B_FRAME_SECTIONS/B_JAMB_PARALLEL_MATERIAL_TRANSITIONS_002;B_JAMB_INDEPENDENT_HEIGHT_CHECKS_005,bounded local collision-material section,"[121.8946,121.9454]cm native numerical/transition bounds","Only opposed first-material sections at nativeZ40/80/140. Lateral span delimits masonry-to-timber collision interfaces, not inner post edges, moving leaf gap, minimum walking clearance, continuous height interpolation, hidden solid body or complete aperture. Normal spans pair actual same-tangent first faces with printed endpoint rounding. Visual fixed-post association does not prove shared entity/hull identity; rendered/collision offsets remain unbounded separately."
B_FRAME_Z40_SOUTH_TIMBER_DEPTH,B Doors,south timber opposite first-face normal span at native Z40,130.9624,cm,opposing repeated native first-material rays; independently repeated height checks; SCALE_CALIBRATION,B_FRAME_SECTIONS/B_JAMB_PARALLEL_MATERIAL_TRANSITIONS_002;B_JAMB_INDEPENDENT_HEIGHT_CHECKS_005,bounded local collision-material section,"[130.9370,130.9878]cm native numerical/transition bounds","Only opposed first-material sections at nativeZ40/80/140. Lateral span delimits masonry-to-timber collision interfaces, not inner post edges, moving leaf gap, minimum walking clearance, continuous height interpolation, hidden solid body or complete aperture. Normal spans pair actual same-tangent first faces with printed endpoint rounding. Visual fixed-post association does not prove shared entity/hull identity; rendered/collision offsets remain unbounded separately."
B_FRAME_Z40_NORTH_MASONRY_DEPTH,B Doors,north masonry opposite first-face normal span at native Z40,121.92,cm,opposing repeated native first-material rays; independently repeated height checks; SCALE_CALIBRATION,B_FRAME_SECTIONS/B_JAMB_PARALLEL_MATERIAL_TRANSITIONS_002;B_JAMB_INDEPENDENT_HEIGHT_CHECKS_005,bounded local collision-material section,"[121.8946,121.9454]cm native numerical/transition bounds","Only opposed first-material sections at nativeZ40/80/140. Lateral span delimits masonry-to-timber collision interfaces, not inner post edges, moving leaf gap, minimum walking clearance, continuous height interpolation, hidden solid body or complete aperture. Normal spans pair actual same-tangent first faces with printed endpoint rounding. Visual fixed-post association does not prove shared entity/hull identity; rendered/collision offsets remain unbounded separately."
B_FRAME_Z40_NORTH_TIMBER_DEPTH,B Doors,north timber opposite first-face normal span at native Z40,130.9624,cm,opposing repeated native first-material rays; independently repeated height checks; SCALE_CALIBRATION,B_FRAME_SECTIONS/B_JAMB_PARALLEL_MATERIAL_TRANSITIONS_002;B_JAMB_INDEPENDENT_HEIGHT_CHECKS_005,bounded local collision-material section,"[130.9370,130.9878]cm native numerical/transition bounds","Only opposed first-material sections at nativeZ40/80/140. Lateral span delimits masonry-to-timber collision interfaces, not inner post edges, moving leaf gap, minimum walking clearance, continuous height interpolation, hidden solid body or complete aperture. Normal spans pair actual same-tangent first faces with printed endpoint rounding. Visual fixed-post association does not prove shared entity/hull identity; rendered/collision offsets remain unbounded separately."
B_FRAME_Z80_MATERIAL_WIDTH,B Doors,Masonry-to-timber lateral material-region span at native Z80,525.8594,cm,opposing repeated native first-material rays; independently repeated height checks; SCALE_CALIBRATION,B_FRAME_SECTIONS/B_JAMB_PARALLEL_MATERIAL_TRANSITIONS_002;B_JAMB_INDEPENDENT_HEIGHT_CHECKS_005,bounded local collision-material section,"[525.8030,525.9158]cm native numerical/transition bounds","Only opposed first-material sections at nativeZ40/80/140. Lateral span delimits masonry-to-timber collision interfaces, not inner post edges, moving leaf gap, minimum walking clearance, continuous height interpolation, hidden solid body or complete aperture. Normal spans pair actual same-tangent first faces with printed endpoint rounding. Visual fixed-post association does not prove shared entity/hull identity; rendered/collision offsets remain unbounded separately."
B_FRAME_Z80_SOUTH_MASONRY_DEPTH,B Doors,south masonry opposite first-face normal span at native Z80,121.92,cm,opposing repeated native first-material rays; independently repeated height checks; SCALE_CALIBRATION,B_FRAME_SECTIONS/B_JAMB_PARALLEL_MATERIAL_TRANSITIONS_002;B_JAMB_INDEPENDENT_HEIGHT_CHECKS_005,bounded local collision-material section,"[121.8946,121.9454]cm native numerical/transition bounds","Only opposed first-material sections at nativeZ40/80/140. Lateral span delimits masonry-to-timber collision interfaces, not inner post edges, moving leaf gap, minimum walking clearance, continuous height interpolation, hidden solid body or complete aperture. Normal spans pair actual same-tangent first faces with printed endpoint rounding. Visual fixed-post association does not prove shared entity/hull identity; rendered/collision offsets remain unbounded separately."
B_FRAME_Z80_SOUTH_TIMBER_DEPTH,B Doors,south timber opposite first-face normal span at native Z80,130.9624,cm,opposing repeated native first-material rays; independently repeated height checks; SCALE_CALIBRATION,B_FRAME_SECTIONS/B_JAMB_PARALLEL_MATERIAL_TRANSITIONS_002;B_JAMB_INDEPENDENT_HEIGHT_CHECKS_005,bounded local collision-material section,"[130.9370,130.9878]cm native numerical/transition bounds","Only opposed first-material sections at nativeZ40/80/140. Lateral span delimits masonry-to-timber collision interfaces, not inner post edges, moving leaf gap, minimum walking clearance, continuous height interpolation, hidden solid body or complete aperture. Normal spans pair actual same-tangent first faces with printed endpoint rounding. Visual fixed-post association does not prove shared entity/hull identity; rendered/collision offsets remain unbounded separately."
B_FRAME_Z80_NORTH_MASONRY_DEPTH,B Doors,north masonry opposite first-face normal span at native Z80,121.92,cm,opposing repeated native first-material rays; independently repeated height checks; SCALE_CALIBRATION,B_FRAME_SECTIONS/B_JAMB_PARALLEL_MATERIAL_TRANSITIONS_002;B_JAMB_INDEPENDENT_HEIGHT_CHECKS_005,bounded local collision-material section,"[121.8946,121.9454]cm native numerical/transition bounds","Only opposed first-material sections at nativeZ40/80/140. Lateral span delimits masonry-to-timber collision interfaces, not inner post edges, moving leaf gap, minimum walking clearance, continuous height interpolation, hidden solid body or complete aperture. Normal spans pair actual same-tangent first faces with printed endpoint rounding. Visual fixed-post association does not prove shared entity/hull identity; rendered/collision offsets remain unbounded separately."
B_FRAME_Z80_NORTH_TIMBER_DEPTH,B Doors,north timber opposite first-face normal span at native Z80,130.9624,cm,opposing repeated native first-material rays; independently repeated height checks; SCALE_CALIBRATION,B_FRAME_SECTIONS/B_JAMB_PARALLEL_MATERIAL_TRANSITIONS_002;B_JAMB_INDEPENDENT_HEIGHT_CHECKS_005,bounded local collision-material section,"[130.9370,130.9878]cm native numerical/transition bounds","Only opposed first-material sections at nativeZ40/80/140. Lateral span delimits masonry-to-timber collision interfaces, not inner post edges, moving leaf gap, minimum walking clearance, continuous height interpolation, hidden solid body or complete aperture. Normal spans pair actual same-tangent first faces with printed endpoint rounding. Visual fixed-post association does not prove shared entity/hull identity; rendered/collision offsets remain unbounded separately."
B_FRAME_Z140_MATERIAL_WIDTH,B Doors,Masonry-to-timber lateral material-region span at native Z140,525.8562,cm,opposing repeated native first-material rays; independently repeated height checks; SCALE_CALIBRATION,B_FRAME_SECTIONS/B_JAMB_PARALLEL_MATERIAL_TRANSITIONS_002;B_JAMB_INDEPENDENT_HEIGHT_CHECKS_005,bounded local collision-material section,"[525.7546,525.9578]cm native numerical/transition bounds","Only opposed first-material sections at nativeZ40/80/140. Lateral span delimits masonry-to-timber collision interfaces, not inner post edges, moving leaf gap, minimum walking clearance, continuous height interpolation, hidden solid body or complete aperture. Normal spans pair actual same-tangent first faces with printed endpoint rounding. Visual fixed-post association does not prove shared entity/hull identity; rendered/collision offsets remain unbounded separately."
B_FRAME_Z140_SOUTH_MASONRY_DEPTH,B Doors,south masonry opposite first-face normal span at native Z140,121.92,cm,opposing repeated native first-material rays; independently repeated height checks; SCALE_CALIBRATION,B_FRAME_SECTIONS/B_JAMB_PARALLEL_MATERIAL_TRANSITIONS_002;B_JAMB_INDEPENDENT_HEIGHT_CHECKS_005,bounded local collision-material section,"[121.8946,121.9454]cm native numerical/transition bounds","Only opposed first-material sections at nativeZ40/80/140. Lateral span delimits masonry-to-timber collision interfaces, not inner post edges, moving leaf gap, minimum walking clearance, continuous height interpolation, hidden solid body or complete aperture. Normal spans pair actual same-tangent first faces with printed endpoint rounding. Visual fixed-post association does not prove shared entity/hull identity; rendered/collision offsets remain unbounded separately."
B_FRAME_Z140_SOUTH_TIMBER_DEPTH,B Doors,south timber opposite first-face normal span at native Z140,130.9624,cm,opposing repeated native first-material rays; independently repeated height checks; SCALE_CALIBRATION,B_FRAME_SECTIONS/B_JAMB_PARALLEL_MATERIAL_TRANSITIONS_002;B_JAMB_INDEPENDENT_HEIGHT_CHECKS_005,bounded local collision-material section,"[130.9370,130.9878]cm native numerical/transition bounds","Only opposed first-material sections at nativeZ40/80/140. Lateral span delimits masonry-to-timber collision interfaces, not inner post edges, moving leaf gap, minimum walking clearance, continuous height interpolation, hidden solid body or complete aperture. Normal spans pair actual same-tangent first faces with printed endpoint rounding. Visual fixed-post association does not prove shared entity/hull identity; rendered/collision offsets remain unbounded separately."
B_FRAME_Z140_NORTH_MASONRY_DEPTH,B Doors,north masonry opposite first-face normal span at native Z140,121.8438,cm,opposing repeated native first-material rays; independently repeated height checks; SCALE_CALIBRATION,B_FRAME_SECTIONS/B_JAMB_PARALLEL_MATERIAL_TRANSITIONS_002;B_JAMB_INDEPENDENT_HEIGHT_CHECKS_005,bounded local collision-material section,"[121.8184,121.8692]cm native numerical/transition bounds","Only opposed first-material sections at nativeZ40/80/140. Lateral span delimits masonry-to-timber collision interfaces, not inner post edges, moving leaf gap, minimum walking clearance, continuous height interpolation, hidden solid body or complete aperture. Normal spans pair actual same-tangent first faces with printed endpoint rounding. Visual fixed-post association does not prove shared entity/hull identity; rendered/collision offsets remain unbounded separately."
B_FRAME_Z140_NORTH_TIMBER_DEPTH,B Doors,north timber opposite first-face normal span at native Z140,130.9624,cm,opposing repeated native first-material rays; independently repeated height checks; SCALE_CALIBRATION,B_FRAME_SECTIONS/B_JAMB_PARALLEL_MATERIAL_TRANSITIONS_002;B_JAMB_INDEPENDENT_HEIGHT_CHECKS_005,bounded local collision-material section,"[130.9370,130.9878]cm native numerical/transition bounds","Only opposed first-material sections at nativeZ40/80/140. Lateral span delimits masonry-to-timber collision interfaces, not inner post edges, moving leaf gap, minimum walking clearance, continuous height interpolation, hidden solid body or complete aperture. Normal spans pair actual same-tangent first faces with printed endpoint rounding. Visual fixed-post association does not prove shared entity/hull identity; rendered/collision offsets remain unbounded separately."
