station_id,observation_index,source_x,source_y,source_z,predicted_x,predicted_y,predicted_z,error_native,error_cm,threshold_native,prediction_result,interpretation,inside_camera_checked_depth
B_REAR_HEIGHT_X1800_Z80,0,-1800.0,2880.0,80.0,-1800,2880,80,0.0,0.0,1,PASS,local first-hit sample; unseen extrusion unaccepted,True
B_REAR_HEIGHT_X1600_Z80,2,-1600.0,2880.01,80.0,-1600,2880,80,0.010000000000218279,0.025400000000554427,1,PASS,local first-hit sample; unseen extrusion unaccepted,True
B_REAR_HEIGHT_X1496_Z80,4,-1496.0,2875.1,80.0,-1496,2875.1,80,0.0,0.0,1,PASS,local first-hit sample; unseen extrusion unaccepted,True
B_REAR_HEIGHT_X1456_Z80,6,-1456.0,2850.6,80.0,-1456,2850.6,80,0.0,0.0,1,PASS,local first-hit sample; unseen extrusion unaccepted,True
B_REAR_HEIGHT_X1800_Z160,8,-1800.0,2880.0,160.0,-1800,2880,160,0.0,0.0,1,PASS,local first-hit sample; unseen extrusion unaccepted,True
B_REAR_HEIGHT_X1600_Z160,10,-1600.0,2880.0,160.0,-1600,2880,160,0.0,0.0,1,PASS,local first-hit sample; unseen extrusion unaccepted,True
B_REAR_HEIGHT_X1496_Z160,12,-1496.0,2875.1,160.0,-1496,2875.1,160,0.0,0.0,1,PASS,local first-hit sample; unseen extrusion unaccepted,True
B_REAR_HEIGHT_X1456_Z160,14,-1456.0,2850.6,160.0,-1456,2850.6,160,0.0,0.0,1,PASS,local first-hit sample; unseen extrusion unaccepted,True
B_REAR_HEIGHT_X1800_Z220,16,-1800.0,2880.0,220.0,-1800,2880,220,0.0,0.0,1,PASS,local first-hit sample; unseen extrusion unaccepted,True
B_REAR_HEIGHT_X1600_Z220,18,-1600.0,2880.0,220.0,-1600,2880,220,0.0,0.0,1,PASS,local first-hit sample; unseen extrusion unaccepted,True
B_REAR_HEIGHT_X1496_Z220,20,-1496.0,3088.01,220.0,-1496,2875.1,220,212.9100000000003,540.7914000000007,1,REJECT,local first-hit sample; unseen extrusion unaccepted,False
B_REAR_HEIGHT_X1456_Z220,22,-1456.0,3088.01,220.0,-1456,2850.6,220,237.4100000000003,603.0214000000008,1,REJECT,local first-hit sample; unseen extrusion unaccepted,False
B_REAR_SIDE_HEIGHT_Y2890_Z80,24,-1887.87,2890.0,80.0,-1886.61,2890,80,1.259999999999991,3.200399999999977,1,REJECT,local first-hit sample; unseen extrusion unaccepted,True
B_REAR_SIDE_HEIGHT_Y2910_Z80,26,-1888.01,2910.0,80.0,-1887.37,2910,80,0.6400000000001,1.6256000000002542,1,PASS,local first-hit sample; unseen extrusion unaccepted,True
B_REAR_SIDE_HEIGHT_Y2890_Z160,28,-1888.0,2890.0,160.0,-1886.61,2890,160,1.3900000000001,3.530600000000254,1,REJECT,local first-hit sample; unseen extrusion unaccepted,True
B_REAR_SIDE_HEIGHT_Y2910_Z160,30,-1888.0,2910.0,160.0,-1887.37,2910,160,0.6300000000001091,1.6002000000002772,1,PASS,local first-hit sample; unseen extrusion unaccepted,True
