report,observation_index,group,source_x,source_y,source_z,x_cm,y_cm,z_cm,surface,source_status,confidence
B_REAR_WALL_JOIN_PREFLIGHT_001,0,front/recess diagnostic,-1850.0,2880.14,104.0,-4699.0,7315.5556,264.16,"Hit: hitbox 0, hitgroup -1, bone -1, solid 1, surfaceprop concrete, contents 400004c1, shape type: Mesh, face: 119696",complete; architectural interpretation pending,confirmed repeated local first-hit Mesh point; boundary interpretation unaccepted
B_REAR_WALL_JOIN_PREFLIGHT_001,2,front/recess diagnostic,-1870.0,2880.58,104.0,-4749.8,7316.6732,264.16,"Hit: hitbox 0, hitgroup -1, bone -1, solid 1, surfaceprop concrete, contents 400004c1, shape type: Mesh, face: 117383",complete; architectural interpretation pending,confirmed repeated local first-hit Mesh point; boundary interpretation unaccepted
B_REAR_WALL_JOIN_PREFLIGHT_001,4,front/recess diagnostic,-1880.0,2880.9,104.0,-4775.2,7317.486000000001,264.16,"Hit: hitbox 0, hitgroup -1, bone -1, solid 1, surfaceprop concrete, contents 400004c1, shape type: Mesh, face: 117367",complete; architectural interpretation pending,confirmed repeated local first-hit Mesh point; boundary interpretation unaccepted
B_REAR_WALL_JOIN_PREFLIGHT_001,8,front/recess diagnostic,-1560.0,2880.0,104.0,-3962.4,7315.2,264.16,"Hit: hitbox 0, hitgroup -1, bone -1, solid 1, surfaceprop concrete, contents 400004c1, shape type: Mesh, face: 120136",complete; architectural interpretation pending,confirmed repeated local first-hit Mesh point; boundary interpretation unaccepted
B_REAR_WALL_JOIN_PREFLIGHT_001,10,front/recess diagnostic,-1540.0,2880.0,104.0,-3911.6,7315.2,264.16,"Hit: hitbox 0, hitgroup -1, bone -1, solid 1, surfaceprop concrete, contents 400004c1, shape type: Mesh, face: 120154",complete; architectural interpretation pending,confirmed repeated local first-hit Mesh point; boundary interpretation unaccepted
B_REAR_WALL_JOIN_PREFLIGHT_001,12,front/recess diagnostic,-1536.0,2880.0,104.0,-3901.44,7315.2,264.16,"Hit: hitbox 0, hitgroup -1, bone -1, solid 1, surfaceprop concrete, contents 400004c1, shape type: Mesh, face: 120154",complete; architectural interpretation pending,confirmed repeated local first-hit Mesh point; boundary interpretation unaccepted
B_REAR_WALL_JOIN_PREFLIGHT_001,14,front/recess diagnostic,-1530.0,2880.0,104.0,-3886.2000000000003,7315.2,264.16,"Hit: hitbox 0, hitgroup -1, bone -1, solid 1, surfaceprop concrete, contents 400004c1, shape type: Mesh, face: 120155",complete; architectural interpretation pending,confirmed repeated local first-hit Mesh point; boundary interpretation unaccepted
B_REAR_WALL_JOIN_PREFLIGHT_001,16,front/recess diagnostic,-1520.0,2880.0,104.0,-3860.8,7315.2,264.16,"Hit: hitbox 0, hitgroup -1, bone -1, solid 1, surfaceprop concrete, contents 400004c1, shape type: Mesh, face: 120162",complete; architectural interpretation pending,confirmed repeated local first-hit Mesh point; boundary interpretation unaccepted
B_REAR_WALL_JOIN_PREFLIGHT_001,18,front/recess diagnostic,-1850.0,2880.14,104.0,-4699.0,7315.5556,264.16,"Hit: hitbox 0, hitgroup -1, bone -1, solid 1, surfaceprop concrete, contents 400004c1, shape type: Mesh, face: 119696",complete; architectural interpretation pending,confirmed repeated local first-hit Mesh point; boundary interpretation unaccepted
B_REAR_WALL_JOIN_PREFLIGHT_001,20,front/recess diagnostic,-1870.0,2880.58,104.0,-4749.8,7316.6732,264.16,"Hit: hitbox 0, hitgroup -1, bone -1, solid 1, surfaceprop concrete, contents 400004c1, shape type: Mesh, face: 117383",complete; architectural interpretation pending,confirmed repeated local first-hit Mesh point; boundary interpretation unaccepted
B_REAR_WALL_JOIN_PREFLIGHT_001,22,front/recess diagnostic,-1880.0,2880.9,104.0,-4775.2,7317.486000000001,264.16,"Hit: hitbox 0, hitgroup -1, bone -1, solid 1, surfaceprop concrete, contents 400004c1, shape type: Mesh, face: 117367",complete; architectural interpretation pending,confirmed repeated local first-hit Mesh point; boundary interpretation unaccepted
B_REAR_WALL_JOIN_PREFLIGHT_001,26,front/recess diagnostic,-1560.0,2880.0,104.0,-3962.4,7315.2,264.16,"Hit: hitbox 0, hitgroup -1, bone -1, solid 1, surfaceprop concrete, contents 400004c1, shape type: Mesh, face: 120136",complete; architectural interpretation pending,confirmed repeated local first-hit Mesh point; boundary interpretation unaccepted
B_REAR_WALL_JOIN_PREFLIGHT_001,28,front/recess diagnostic,-1540.0,2880.0,104.0,-3911.6,7315.2,264.16,"Hit: hitbox 0, hitgroup -1, bone -1, solid 1, surfaceprop concrete, contents 400004c1, shape type: Mesh, face: 120154",complete; architectural interpretation pending,confirmed repeated local first-hit Mesh point; boundary interpretation unaccepted
B_REAR_WALL_JOIN_PREFLIGHT_001,30,front/recess diagnostic,-1536.0,2880.0,104.0,-3901.44,7315.2,264.16,"Hit: hitbox 0, hitgroup -1, bone -1, solid 1, surfaceprop concrete, contents 400004c1, shape type: Mesh, face: 120154",complete; architectural interpretation pending,confirmed repeated local first-hit Mesh point; boundary interpretation unaccepted
B_REAR_WALL_JOIN_PREFLIGHT_001,32,front/recess diagnostic,-1530.0,2880.0,104.0,-3886.2000000000003,7315.2,264.16,"Hit: hitbox 0, hitgroup -1, bone -1, solid 1, surfaceprop concrete, contents 400004c1, shape type: Mesh, face: 120155",complete; architectural interpretation pending,confirmed repeated local first-hit Mesh point; boundary interpretation unaccepted
B_REAR_WALL_JOIN_PREFLIGHT_001,34,front/recess diagnostic,-1520.0,2880.0,104.0,-3860.8,7315.2,264.16,"Hit: hitbox 0, hitgroup -1, bone -1, solid 1, surfaceprop concrete, contents 400004c1, shape type: Mesh, face: 120162",complete; architectural interpretation pending,confirmed repeated local first-hit Mesh point; boundary interpretation unaccepted
B_REAR_EAST_JOIN_PREFLIGHT_002,0,east return,-1504.0,2880.0,104.0,-3820.16,7315.2,264.16,"Hit: hitbox 0, hitgroup -1, bone -1, solid 1, surfaceprop concrete, contents 400004c1, shape type: Mesh, face: 120332",failed; inspect before continuing,confirmed repeated local first-hit Mesh point; boundary interpretation unaccepted
B_REAR_EAST_JOIN_PREFLIGHT_002,2,east return,-1496.0,2875.1,104.0,-3799.84,7302.754,264.16,"Hit: hitbox 0, hitgroup -1, bone -1, solid 1, surfaceprop concrete, contents 400004c1, shape type: Mesh, face: 120333",failed; inspect before continuing,confirmed repeated local first-hit Mesh point; boundary interpretation unaccepted
B_REAR_EAST_JOIN_PREFLIGHT_002,4,east return,-1488.0,2870.2,104.0,-3779.52,7290.308,264.16,"Hit: hitbox 0, hitgroup -1, bone -1, solid 1, surfaceprop concrete, contents 400004c1, shape type: Mesh, face: 120333",failed; inspect before continuing,confirmed repeated local first-hit Mesh point; boundary interpretation unaccepted
B_REAR_EAST_JOIN_PREFLIGHT_002,6,east return,-1472.0,2860.4,104.0,-3738.88,7265.416,264.16,"Hit: hitbox 0, hitgroup -1, bone -1, solid 1, surfaceprop concrete, contents 400004c1, shape type: Mesh, face: 120353",failed; inspect before continuing,confirmed repeated local first-hit Mesh point; boundary interpretation unaccepted
B_REAR_EAST_JOIN_PREFLIGHT_002,8,east return,-1456.0,2850.6,104.0,-3698.2400000000002,7240.523999999999,264.16,"Hit: hitbox 0, hitgroup -1, bone -1, solid 1, surfaceprop concrete, contents 400004c1, shape type: Mesh, face: 120369",failed; inspect before continuing,confirmed repeated local first-hit Mesh point; boundary interpretation unaccepted
B_REAR_EAST_JOIN_PREFLIGHT_002,10,east return,-1440.0,2840.8,104.0,-3657.6,7215.6320000000005,264.16,"Hit: hitbox 0, hitgroup -1, bone -1, solid 1, surfaceprop concrete, contents 400004c1, shape type: Mesh, face: 120387",failed; inspect before continuing,confirmed repeated local first-hit Mesh point; boundary interpretation unaccepted
B_REAR_EAST_JOIN_PREFLIGHT_004,0,east return,-1504.0,2880.0,104.0,-3820.16,7315.2,264.16,"Hit: hitbox 0, hitgroup -1, bone -1, solid 1, surfaceprop concrete, contents 400004c1, shape type: Mesh, face: 120332",complete; architectural interpretation pending,confirmed repeated local first-hit Mesh point; boundary interpretation unaccepted
B_REAR_EAST_JOIN_PREFLIGHT_004,2,east return,-1496.0,2875.1,104.0,-3799.84,7302.754,264.16,"Hit: hitbox 0, hitgroup -1, bone -1, solid 1, surfaceprop concrete, contents 400004c1, shape type: Mesh, face: 120333",complete; architectural interpretation pending,confirmed repeated local first-hit Mesh point; boundary interpretation unaccepted
B_REAR_EAST_JOIN_PREFLIGHT_004,4,east return,-1488.0,2870.2,104.0,-3779.52,7290.308,264.16,"Hit: hitbox 0, hitgroup -1, bone -1, solid 1, surfaceprop concrete, contents 400004c1, shape type: Mesh, face: 120333",complete; architectural interpretation pending,confirmed repeated local first-hit Mesh point; boundary interpretation unaccepted
B_REAR_EAST_JOIN_PREFLIGHT_004,6,east return,-1472.0,2860.4,104.0,-3738.88,7265.416,264.16,"Hit: hitbox 0, hitgroup -1, bone -1, solid 1, surfaceprop concrete, contents 400004c1, shape type: Mesh, face: 120353",complete; architectural interpretation pending,confirmed repeated local first-hit Mesh point; boundary interpretation unaccepted
B_REAR_EAST_JOIN_PREFLIGHT_004,8,east return,-1456.0,2850.6,104.0,-3698.2400000000002,7240.523999999999,264.16,"Hit: hitbox 0, hitgroup -1, bone -1, solid 1, surfaceprop concrete, contents 400004c1, shape type: Mesh, face: 120369",complete; architectural interpretation pending,confirmed repeated local first-hit Mesh point; boundary interpretation unaccepted
B_REAR_EAST_JOIN_PREFLIGHT_004,10,east return,-1440.0,2840.8,104.0,-3657.6,7215.6320000000005,264.16,"Hit: hitbox 0, hitgroup -1, bone -1, solid 1, surfaceprop concrete, contents 400004c1, shape type: Mesh, face: 120387",complete; architectural interpretation pending,confirmed repeated local first-hit Mesh point; boundary interpretation unaccepted
B_REAR_WEST_MESH_HULL_TRANSITION_003,0,west wrapped Mesh,-1880.0,2880.9,104.0,-4775.2,7317.486000000001,264.16,"Hit: hitbox 0, hitgroup -1, bone -1, solid 1, surfaceprop concrete, contents 400004c1, shape type: Mesh, face: 117367",failed; preserve partial observations and inspect before resume,confirmed repeated local first-hit Mesh point; boundary interpretation unaccepted
B_REAR_WEST_MESH_HULL_TRANSITION_003,4,west wrapped Mesh,-1885.0,2881.63,104.0,-4787.9,7319.340200000001,264.16,"Hit: hitbox 0, hitgroup -1, bone -1, solid 1, surfaceprop concrete, contents 400004c1, shape type: Mesh, face: 117365",failed; preserve partial observations and inspect before resume,confirmed repeated local first-hit Mesh point; boundary interpretation unaccepted
B_REAR_WEST_MESH_HULL_TRANSITION_003,8,west wrapped Mesh,-1886.25,2883.06,104.0,-4791.075,7322.9724,264.16,"Hit: hitbox 0, hitgroup -1, bone -1, solid 1, surfaceprop concrete, contents 400004c1, shape type: Mesh, face: 117554",failed; preserve partial observations and inspect before resume,confirmed repeated local first-hit Mesh point; boundary interpretation unaccepted
B_REAR_WEST_COMPONENT_TRANSITION_005,0,west wrapped Mesh,-1886.25,2883.06,104.0,-4791.075,7322.9724,264.16,"Hit: hitbox 0, hitgroup -1, bone -1, solid 1, surfaceprop concrete, contents 400004c1, shape type: Mesh, face: 117554",failed; preserve partial observations and inspect before resume,confirmed repeated local first-hit Mesh point; boundary interpretation unaccepted
B_REAR_WEST_COMPONENT_TRANSITION_005,4,west wrapped Mesh,-1886.88,2892.89,104.0,-4792.675200000001,7347.9406,264.16,"Hit: hitbox 0, hitgroup -1, bone -1, solid 1, surfaceprop concrete, contents 400004c1, shape type: Mesh, face: 117555",failed; preserve partial observations and inspect before resume,confirmed repeated local first-hit Mesh point; boundary interpretation unaccepted
B_REAR_WEST_COMPONENT_TRANSITION_005,6,west wrapped Mesh,-1887.19,2896.22,104.0,-4793.4626,7356.3988,264.16,"Hit: hitbox 0, hitgroup -1, bone -1, solid 1, surfaceprop concrete, contents 400004c1, shape type: Mesh, face: 117555",failed; preserve partial observations and inspect before resume,confirmed repeated local first-hit Mesh point; boundary interpretation unaccepted
B_REAR_WEST_COMPONENT_TRANSITION_005,8,west wrapped Mesh,-1887.34,2907.67,104.0,-4793.8436,7385.4818000000005,264.16,"Hit: hitbox 0, hitgroup -1, bone -1, solid 1, surfaceprop concrete, contents 400004c1, shape type: Mesh, face: 117549",failed; preserve partial observations and inspect before resume,confirmed repeated local first-hit Mesh point; boundary interpretation unaccepted
B_REAR_CORNER_SIDE_PREFLIGHT_006,6,west side-normal return,-1886.34,2885.0,104.0,-4791.3036,7327.900000000001,264.16,"Hit: hitbox 0, hitgroup -1, bone -1, solid 1, surfaceprop concrete, contents 400004c1, shape type: Mesh, face: 117554",complete; architectural interpretation pending,confirmed repeated local first-hit Mesh point; boundary interpretation unaccepted
B_REAR_CORNER_SIDE_PREFLIGHT_006,8,west side-normal return,-1886.61,2890.0,104.0,-4791.9893999999995,7340.6,264.16,"Hit: hitbox 0, hitgroup -1, bone -1, solid 1, surfaceprop concrete, contents 400004c1, shape type: Mesh, face: 117555",complete; architectural interpretation pending,confirmed repeated local first-hit Mesh point; boundary interpretation unaccepted
B_REAR_CORNER_SIDE_PREFLIGHT_006,10,west side-normal return,-1887.27,2900.0,104.0,-4793.6658,7366.0,264.16,"Hit: hitbox 0, hitgroup -1, bone -1, solid 1, surfaceprop concrete, contents 400004c1, shape type: Mesh, face: 117550",complete; architectural interpretation pending,confirmed repeated local first-hit Mesh point; boundary interpretation unaccepted
B_REAR_CORNER_SIDE_PREFLIGHT_006,12,west side-normal return,-1887.37,2910.0,104.0,-4793.9198,7391.400000000001,264.16,"Hit: hitbox 0, hitgroup -1, bone -1, solid 1, surfaceprop concrete, contents 400004c1, shape type: Mesh, face: 117549",complete; architectural interpretation pending,confirmed repeated local first-hit Mesh point; boundary interpretation unaccepted
B_REAR_CORNER_SIDE_PREFLIGHT_006,20,west side-normal return,-1886.34,2885.0,104.0,-4791.3036,7327.900000000001,264.16,"Hit: hitbox 0, hitgroup -1, bone -1, solid 1, surfaceprop concrete, contents 400004c1, shape type: Mesh, face: 117554",complete; architectural interpretation pending,confirmed repeated local first-hit Mesh point; boundary interpretation unaccepted
B_REAR_CORNER_SIDE_PREFLIGHT_006,22,west side-normal return,-1886.6,2890.0,104.0,-4791.964,7340.6,264.16,"Hit: hitbox 0, hitgroup -1, bone -1, solid 1, surfaceprop concrete, contents 400004c1, shape type: Mesh, face: 117555",complete; architectural interpretation pending,confirmed repeated local first-hit Mesh point; boundary interpretation unaccepted
B_REAR_CORNER_SIDE_PREFLIGHT_006,24,west side-normal return,-1887.27,2900.0,104.0,-4793.6658,7366.0,264.16,"Hit: hitbox 0, hitgroup -1, bone -1, solid 1, surfaceprop concrete, contents 400004c1, shape type: Mesh, face: 117550",complete; architectural interpretation pending,confirmed repeated local first-hit Mesh point; boundary interpretation unaccepted
B_REAR_CORNER_SIDE_PREFLIGHT_006,26,west side-normal return,-1887.37,2910.0,104.0,-4793.9198,7391.400000000001,264.16,"Hit: hitbox 0, hitgroup -1, bone -1, solid 1, surfaceprop concrete, contents 400004c1, shape type: Mesh, face: 117549",complete; architectural interpretation pending,confirmed repeated local first-hit Mesh point; boundary interpretation unaccepted
