id,area,source_x,source_y,source_z,x_cm,y_cm,z_cm,surface_semantics,confidence,limits
PIT_LIP_X1605_Y500_001,Pit / Side Pit,1604.99,500.0,78.64,4076.6746,1270.0,199.7456,"West Side Pit parapet/lip top at sampled X1605/Y500; rock hull. Ground/side references show solid retaining wall, with direct jump/drop separately observed.",confirmed repeated collision point,Point evidence; source axes; no interpolation or render accuracy certification
PIT_ADJACENT_X1550_Y500_001,Pit,1550.0,500.0,-100.13,3937.0,1270.0,-254.3302,Pit east-side lower sloped floor sample at X1550/Y500; not exact player-foot contact or total Pit depth.,confirmed repeated collision point,Point evidence; source axes; no interpolation or render accuracy certification
SIDE_PIT_X1700_Y500_001,Side Pit,1700.0,500.0,55.08,4318.0,1270.0,139.9032,"Raised Side Pit terrace floor sample, independent repeat of historical datum.",confirmed repeated collision point,Point evidence; source axes; no interpolation or render accuracy certification
BWINDOW_Xm1550_Y2670_001,B Window,-1550.0,2670.0,5.09,-3937.0,6781.8,12.9286,First downward collision at explicit X/Y2670 across B Window approach. Low samples are courtyard floor; abrupt raised samples are rubble/raised connector surface. Not a continuous walkable strip or complete sill/climb interpretation.,confirmed repeated collision point,Point evidence; source axes; no interpolation or render accuracy certification
BWINDOW_Xm1520_Y2670_001,B Window,-1519.99,2670.0,5.86,-3860.7746,6781.8,14.8844,First downward collision at explicit X/Y2670 across B Window approach. Low samples are courtyard floor; abrupt raised samples are rubble/raised connector surface. Not a continuous walkable strip or complete sill/climb interpretation.,confirmed repeated collision point,Point evidence; source axes; no interpolation or render accuracy certification
BWINDOW_Xm1490_Y2670_001,B Window,-1490.0,2670.0,5.94,-3784.6,6781.8,15.0876,First downward collision at explicit X/Y2670 across B Window approach. Low samples are courtyard floor; abrupt raised samples are rubble/raised connector surface. Not a continuous walkable strip or complete sill/climb interpretation.,confirmed repeated collision point,Point evidence; source axes; no interpolation or render accuracy certification
BWINDOW_Xm1460_Y2670_001,B Window,-1460.0,2670.0,7.97,-3708.4,6781.8,20.2438,First downward collision at explicit X/Y2670 across B Window approach. Low samples are courtyard floor; abrupt raised samples are rubble/raised connector surface. Not a continuous walkable strip or complete sill/climb interpretation.,confirmed repeated collision point,Point evidence; source axes; no interpolation or render accuracy certification
BWINDOW_Xm1430_Y2670_001,B Window,-1430.0,2670.0,11.92,-3632.2,6781.8,30.2768,First downward collision at explicit X/Y2670 across B Window approach. Low samples are courtyard floor; abrupt raised samples are rubble/raised connector surface. Not a continuous walkable strip or complete sill/climb interpretation.,confirmed repeated collision point,Point evidence; source axes; no interpolation or render accuracy certification
BWINDOW_Xm1400_Y2670_001,B Window,-1400.0,2670.0,124.85,-3556.0,6781.8,317.119,First downward collision at explicit X/Y2670 across B Window approach. Low samples are courtyard floor; abrupt raised samples are rubble/raised connector surface. Not a continuous walkable strip or complete sill/climb interpretation.,confirmed repeated collision point,Point evidence; source axes; no interpolation or render accuracy certification
BWINDOW_Xm1370_Y2670_001,B Window,-1370.0,2670.0,124.62,-3479.8,6781.8,316.5348,First downward collision at explicit X/Y2670 across B Window approach. Low samples are courtyard floor; abrupt raised samples are rubble/raised connector surface. Not a continuous walkable strip or complete sill/climb interpretation.,confirmed repeated collision point,Point evidence; source axes; no interpolation or render accuracy certification
BWINDOW_Xm1340_Y2670_001,B Window,-1340.0,2670.0,127.85,-3403.6,6781.8,324.739,First downward collision at explicit X/Y2670 across B Window approach. Low samples are courtyard floor; abrupt raised samples are rubble/raised connector surface. Not a continuous walkable strip or complete sill/climb interpretation.,confirmed repeated collision point,Point evidence; source axes; no interpolation or render accuracy certification
BWINDOW_Xm1310_Y2670_001,B Window,-1310.0,2670.0,127.97,-3327.4,6781.8,325.0438,First downward collision at explicit X/Y2670 across B Window approach. Low samples are courtyard floor; abrupt raised samples are rubble/raised connector surface. Not a continuous walkable strip or complete sill/climb interpretation.,confirmed repeated collision point,Point evidence; source axes; no interpolation or render accuracy certification
BWINDOW_Xm1280_Y2670_001,B Window,-1280.0,2670.0,123.9,-3251.2,6781.8,314.706,First downward collision at explicit X/Y2670 across B Window approach. Low samples are courtyard floor; abrupt raised samples are rubble/raised connector surface. Not a continuous walkable strip or complete sill/climb interpretation.,confirmed repeated collision point,Point evidence; source axes; no interpolation or render accuracy certification
BWINDOW_Xm1250_Y2670_001,B Window,-1250.0,2670.0,112.97,-3175.0,6781.8,286.9438,First downward collision at explicit X/Y2670 across B Window approach. Low samples are courtyard floor; abrupt raised samples are rubble/raised connector surface. Not a continuous walkable strip or complete sill/climb interpretation.,confirmed repeated collision point,Point evidence; source axes; no interpolation or render accuracy certification
SUICIDE_Ym500_001,Suicide,-450.0,-500.0,0.55,-1143.0,-1270.0,1.397,Narrow Suicide-candidate corridor floor point at X-450; concrete collision. Name boundary unconfirmed; cover/overhead and spawn-side drop require separate evidence.,confirmed repeated collision point,Point evidence; source axes; no interpolation or render accuracy certification
SUICIDE_Ym350_001,Suicide,-450.0,-350.0,0.34,-1143.0,-889.0,0.8636,Narrow Suicide-candidate corridor floor point at X-450; concrete collision. Name boundary unconfirmed; cover/overhead and spawn-side drop require separate evidence.,confirmed repeated collision point,Point evidence; source axes; no interpolation or render accuracy certification
SUICIDE_Ym200_001,Suicide,-450.0,-200.0,-0.45,-1143.0,-508.0,-1.143,Narrow Suicide-candidate corridor floor point at X-450; concrete collision. Name boundary unconfirmed; cover/overhead and spawn-side drop require separate evidence.,confirmed repeated collision point,Point evidence; source axes; no interpolation or render accuracy certification
SUICIDE_Ym50_001,Suicide,-450.01,-50.0,-1.16,-1143.0254,-127.0,-2.9464,Narrow Suicide-candidate corridor floor point at X-450; concrete collision. Name boundary unconfirmed; cover/overhead and spawn-side drop require separate evidence.,confirmed repeated collision point,Point evidence; source axes; no interpolation or render accuracy certification
SUICIDE_Y100_001,Suicide,-450.0,100.0,-2.05,-1143.0,254.0,-5.207,Narrow Suicide-candidate corridor floor point at X-450; concrete collision. Name boundary unconfirmed; cover/overhead and spawn-side drop require separate evidence.,confirmed repeated collision point,Point evidence; source axes; no interpolation or render accuracy certification
