area,current_build_evidence,remaining_work,gate_coverage
T Spawn,QA_TSPAWN_DISCOVERY_001; QA_TSPAWN_G1_PY_001; QA_TSPAWN_G1_NY_001; QA_TSPAWN_G1_PX_001; QA_TSPAWN_G1_NX_001; QA_TSPAWN_G1_DOWN_001,forward/reverse routes and elevation,FAIL
Outside Long,QA_OUTLONG_DISCOVERY_002; no recovered full-area evidence; QA_OUTLONG_FORWARD_RECOVERY_002; LONG_DOORS_BOTH,full courtyard reverse/side/elevation views and spans,FAIL
Long Doors,QA_OUTLONG_DISCOVERY_002; no recovered full-area evidence; QA_LONGDOORS_FORWARD_RECOVERY_002; QA_LONGDOORS_REVERSE_RECOVERY_002; QA_LONGDOORS_SIDE_RECOVERY_002; QA_LONGDOORS_ELEVATION_RECOVERY_002; LONG_DOORS_BOTH,structural aperture width/height; chamber length; full-height and minimum leaf clearance; 9 local cross-sections accepted separately,FAIL
Pit,QA_PIT_PLAN_DISCOVERY_001; QA_SIDE_PIT_DISCOVERY_002; FLOOR_SIDEPIT (terrace only); no recovered full-area evidence; QA_PIT_FORWARD_RECOVERY_001; QA_PIT_REVERSE_RECOVERY_001; QA_PIT_SIDE_RECOVERY_001; QA_PIT_PLAN_RECOVERY_001,full lower floor/bottom-lip extent; terrace-to-Pit connection; complete ramp endpoints,FAIL
Long A,QA_LONG_DISCOVERY_001; QA_A_DISCOVERY_001; FLOOR_LONGA; QA_LONGA_G1_PY_001; QA_LONGA_G1_NY_001; QA_LONGA_G1_PX_001; QA_LONGA_G1_NX_001; QA_LONGA_G1_DOWN_001; LONG_A_SITE_BOTH,street spans and slope profile; existing forward/reverse and both-direction site path observed,FAIL
A Site,QA_A_DISCOVERY_001; QA_SHORT_DISCOVERY_003; QA_ASITE_G1_PY_001; QA_ASITE_G1_NY_001; QA_ASITE_G1_DOWN_001; QA_ASITE_REVERSE_RECOVERY_001; QA_ASITE_SIDE_RECOVERY_001; QA_ASITE_PLAN_RECOVERY_001; LONG_A_SITE_BOTH,full floor/cover dimensions; Short/Under A connections and elevation layers,FAIL
Short / Catwalk,QA_MID_DISCOVERY_001; QA_SHORT_DISCOVERY_002; QA_SHORT_DISCOVERY_003; FLOOR_SHORT; QA_SHORT_G1_PY_001; QA_SHORT_G1_NY_001; QA_SHORT_G1_PX_001; QA_SHORT_G1_DOWN_001,reverse routes; stair count/rise/run,FAIL
Top Mid,QA_TOPMID_SURVEY_001; QA_TOPMID_REVERSE_001 (approach only); QA_TOPMID_G1_PY_001; QA_TOPMID_G1_NY_001; QA_TOPMID_G1_PX_001; QA_TOPMID_G1_NX_001; QA_TOPMID_G1_DOWN_001,resolve Top Mid versus Suicide callout footprint; courtyard forward/reverse/side and dimensions,FAIL
Mid,QA_MID_DISCOVERY_001; QA_LOWTUN_DISCOVERY_002; QA_TOPMID_SURVEY_001; QA_CTMID_SURVEY_001; no recovered full-area evidence,ground traversal; widths; continuous elevations; scale,FAIL
CT Mid,QA_CTMID_SURVEY_001; QA_CTMID_BAPPROACH_001; FLOOR_CTMID; QA_CTMID_G1_PY_001; QA_CTMID_G1_NY_001; QA_CTMID_G1_PX_001; QA_CTMID_G1_NX_001; QA_CTMID_G1_DOWN_001,side/reverse toward CT Spawn; widths; continuous slope; physical scale,FAIL
CT Spawn,five QA_CT_RECOVERY records; CT_COLUMN; QA_CTSPAWN_G1_PY_001; QA_CTSPAWN_G1_NY_001; QA_CTSPAWN_G1_PX_001; QA_CTSPAWN_G1_DOWN_001; QA_CT_REVERSE_RECOVERY_003,full area extent; physical scale; overhead hull interpretation,FAIL
B Doors,QA_BDOORS_EXTERIOR_002; QA_BDOORS_INTERIOR_002; QA_CTMID_BAPPROACH_001; no recovered full-area evidence; QA_BDOORS_FORWARD_RECOVERY_001; QA_BDOORS_REVERSE_RECOVERY_001; QA_BDOORS_SIDE_RECOVERY_002; QA_BDOORS_ELEVATION_RECOVERY_003; B_DOORS_BOTH,structural jamb span/height; minimum full-width leaf clearance; local section and overhead clearance accepted separately,FAIL
B Site,QA_B_DISCOVERY_001; QA_UPTUN_DISCOVERY_002; QA_BDOORS_INTERIOR_002; FLOOR_BSITE; QA_BSITE_G1_PY_001; QA_BSITE_G1_PX_001; QA_BSITE_G1_NX_001; QA_BSITE_G1_DOWN_001; QA_BSITE_REVERSE_RECOVERY_001; QA_BSITE_PLAN_RECOVERY_002,window and raised rear platform ground views; floor/cover dimensions; site transitions,FAIL
Upper Tunnels,QA_UPTUN_DISCOVERY_002; FLOOR_UPPER; QA_UPTUN_G1_PY_001; QA_UPTUN_G1_NY_001; QA_UPTUN_G1_PX_001; QA_UPTUN_G1_NX_001; QA_UPTUN_G1_DOWN_001,round chamber; stair branch; reverse; spans,FAIL
Lower Tunnels,QA_LOWTUN_DISCOVERY_002; FLOOR_LOWER; QA_LOWTUN_G1_PY_001; QA_LOWTUN_G1_NY_001; QA_LOWTUN_G1_PX_001; QA_LOWTUN_G1_NX_001,reverse stair connection; floor/span survey,FAIL
Connectors,QA_SIDE_PIT_DISCOVERY_002; no recovered full-area evidence,remaining walking/jump/drop/boost validation,FAIL
