id,area,source_x,source_y,source_z,unit,confidence,output_rounding,target_xy_error,source_build,surface,production_status
CT_COLUMN,CT Spawn,160.12,2369.67,-120.63,source_units,confirmed native collision hit,.01 per coordinate,0.006843351810197712,25640462,"Hit: hitbox 0, hitgroup -1, bone -1, solid 1, surfaceprop sand, contents 400004c1, shape type: Mesh, face: 156775",physical scale and render/collision crosscheck unresolved
FLOOR_CTMID,CT Mid,-500.0,2300.0,-115.43,source_units,confirmed native collision hit,.01 per coordinate,0.0,25640462,"Hit: hitbox 0, hitgroup -1, bone -1, solid 1, surfaceprop concrete, contents 400004c1, shape type: Mesh, face: 111686",physical scale and render/collision crosscheck unresolved
FLOOR_MIDAPPROACH,Upper Mid approach / Suicide connector,-450.0,300.0,-3.87,source_units,confirmed native collision hit,.01 per coordinate,0.0,25640462,"Hit: hitbox 0, hitgroup -1, bone -1, solid 1, surfaceprop concrete, contents 400004c1, shape type: Mesh, face: 61718",physical scale and render/collision crosscheck unresolved
FLOOR_LONGA,Long A,1400.0,1100.0,-9.43,source_units,confirmed native collision hit,.01 per coordinate,0.0,25640462,"Hit: hitbox 0, hitgroup -1, bone -1, solid 1, surfaceprop sand, contents 400004c1, shape type: Mesh, face: 139113",physical scale and render/collision crosscheck unresolved
FLOOR_SHORT,A Short,300.0,1700.0,40.99,source_units,confirmed native collision hit,.01 per coordinate,0.0,25640462,"Hit: hitbox 0, hitgroup -1, bone -1, solid 1, surfaceprop concrete, contents 400004c1, shape type: Hull, face: -1",physical scale and render/collision crosscheck unresolved
FLOOR_UPPER,Upper Tunnels,-1950.0,1200.0,31.38,source_units,confirmed native collision hit,.01 per coordinate,0.0,25640462,"Hit: hitbox 0, hitgroup -1, bone -1, solid 1, surfaceprop tile, contents 400004c1, shape type: Mesh, face: 91208",physical scale and render/collision crosscheck unresolved
FLOOR_LOWER,Lower Tunnels,-1100.0,1450.0,-112.0,source_units,confirmed native collision hit,.01 per coordinate,0.0,25640462,"Hit: hitbox 0, hitgroup -1, bone -1, solid 1, surfaceprop sand, contents 400004c1, shape type: Mesh, face: 101070",physical scale and render/collision crosscheck unresolved
FLOOR_BSITE,B Site,-1800.0,2500.0,30.74,source_units,confirmed native collision hit,.01 per coordinate,0.0,25640462,"Hit: hitbox 0, hitgroup -1, bone -1, solid 1, surfaceprop concrete, contents 400004c1, shape type: Mesh, face: 98722",physical scale and render/collision crosscheck unresolved
FLOOR_SIDEPIT,Side Pit,1700.0,500.0,55.08,source_units,confirmed native collision hit,.01 per coordinate,0.0,25640462,"Hit: hitbox 0, hitgroup -1, bone -1, solid 1, surfaceprop concrete, contents 400004c1, shape type: Mesh, face: 87514",physical scale and render/collision crosscheck unresolved
FLOOR_TSPAWN,T Spawn,-500.01,-900.0,106.97,source_units,confirmed native collision hit,.01 per coordinate,0.009999999999990905,25640462,"Hit: hitbox 0, hitgroup -1, bone -1, solid 1, surfaceprop concrete, contents 400004c1, shape type: Mesh, face: 55435",physical scale and render/collision crosscheck unresolved
FLOOR_ASITE,A Site approach,1100.0,2500.0,95.54,source_units,confirmed native collision hit,.01 per coordinate,0.0,25640462,"Hit: hitbox 0, hitgroup -1, bone -1, solid 1, surfaceprop concrete, contents 400004c1, shape type: Mesh, face: 162841",physical scale and render/collision crosscheck unresolved
