report_id,feature,source_x,source_y,source_z,x_cm,y_cm,z_cm,scope
LONG_OUTER_ARCH_X565_Y280_002,floor,565.0,280.0,0.92,1435.1,711.2,2.3368,Repeated collision point; no surface interpolation or rendered-edge acceptance
LONG_OUTER_ARCH_X565_Y280_002,ceiling,565.0,280.0,215.03,1435.1,711.2,546.1762,Repeated collision point; no surface interpolation or rendered-edge acceptance
LONG_OUTER_ARCH_X580_Y280_002,floor,580.0,280.0,0.88,1473.2,711.2,2.2352,Repeated collision point; no surface interpolation or rendered-edge acceptance
LONG_OUTER_ARCH_X580_Y280_002,ceiling,580.0,280.0,245.74,1473.2,711.2,624.1796,Repeated collision point; no surface interpolation or rendered-edge acceptance
LONG_OUTER_ARCH_X600_Y280_002,floor,600.0,280.0,0.8,1524.0,711.2,2.032,Repeated collision point; no surface interpolation or rendered-edge acceptance
LONG_OUTER_ARCH_X600_Y280_002,ceiling,600.0,280.0,264.1,1524.0,711.2,670.814,Repeated collision point; no surface interpolation or rendered-edge acceptance
LONG_OUTER_ARCH_X620_Y280_002,floor,620.0,280.0,0.75,1574.8,711.2,1.905,Repeated collision point; no surface interpolation or rendered-edge acceptance
LONG_OUTER_ARCH_X620_Y280_002,ceiling,620.0,280.0,275.82,1574.8,711.2,700.5828,Repeated collision point; no surface interpolation or rendered-edge acceptance
LONG_OUTER_ARCH_X640_Y280_002,floor,640.0,280.0,0.64,1625.6,711.2,1.6256,Repeated collision point; no surface interpolation or rendered-edge acceptance
LONG_OUTER_ARCH_X640_Y280_002,ceiling,640.0,280.0,281.72,1625.6,711.2,715.5688,Repeated collision point; no surface interpolation or rendered-edge acceptance
LONG_OUTER_ARCH_X660_Y280_002,floor,660.0,280.01,0.54,1676.4,711.2254,1.3716,Repeated collision point; no surface interpolation or rendered-edge acceptance
LONG_OUTER_ARCH_X660_Y280_002,ceiling,660.0,280.0,276.61,1676.4,711.2,702.5894,Repeated collision point; no surface interpolation or rendered-edge acceptance
LONG_OUTER_ARCH_X680_Y280_003,ceiling,680.0,280.0,264.82,1727.2,711.2,672.6428,Repeated collision point; no surface interpolation or rendered-edge acceptance
LONG_OUTER_ARCH_X700_Y280_003,ceiling,700.0,280.0,247.11,1778.0,711.2,627.6594,Repeated collision point; no surface interpolation or rendered-edge acceptance
LONG_OUTER_ARCH_X715_Y280_003,ceiling,715.0,280.0,219.29,1816.1,711.2,556.9966,Repeated collision point; no surface interpolation or rendered-edge acceptance
