component,report_id,source_x,source_y,source_floor_z,source_top_z,x_cm,y_cm,floor_z_cm,top_z_cm,column_height_cm,confidence,limits
timber_header,LONG_INNER_COLUMN_X580_Y744_001,580.0,744.0,1.03,190.34,1473.2,1889.76,2.6162,483.4636,480.8474,confirmed repeated selected collision column,"Two distinct wall-depth planes. Measured columns/chords only; dashed sample connectors are not fitted surfaces. Full arch endpoints, hidden leaf intersections, continuous minimum body clearance, chamber footprint and rendered offset remain separate."
timber_header,LONG_INNER_COLUMN_X610_Y744_001,610.0,744.0,0.86,190.34,1549.4,1889.76,2.1844,483.4636,481.2792,confirmed repeated selected collision column,"Two distinct wall-depth planes. Measured columns/chords only; dashed sample connectors are not fitted surfaces. Full arch endpoints, hidden leaf intersections, continuous minimum body clearance, chamber footprint and rendered offset remain separate."
timber_header,LONG_INNER_COLUMN_X640_Y744_001,640.0,744.0,0.7,190.34,1625.6,1889.76,1.778,483.4636,481.6856,confirmed repeated selected collision column,"Two distinct wall-depth planes. Measured columns/chords only; dashed sample connectors are not fitted surfaces. Full arch endpoints, hidden leaf intersections, continuous minimum body clearance, chamber footprint and rendered offset remain separate."
timber_header,LONG_INNER_COLUMN_X670_Y744_001,670.0,744.0,0.54,190.34,1701.8,1889.76,1.3716,483.4636,482.092,confirmed repeated selected collision column,"Two distinct wall-depth planes. Measured columns/chords only; dashed sample connectors are not fitted surfaces. Full arch endpoints, hidden leaf intersections, continuous minimum body clearance, chamber footprint and rendered offset remain separate."
timber_header,LONG_INNER_COLUMN_X700_Y744_001,700.0,744.0,0.38,190.34,1778.0,1889.76,0.9652,483.4636,482.4984,confirmed repeated selected collision column,"Two distinct wall-depth planes. Measured columns/chords only; dashed sample connectors are not fitted surfaces. Full arch endpoints, hidden leaf intersections, continuous minimum body clearance, chamber footprint and rendered offset remain separate."
stone_intrados,LONG_INNER_ARCH_X580_Y762_002,580.0,762.0,1.02,247.11,1473.2,1935.48,2.5908,627.6594,625.0686,confirmed repeated selected collision column,"Two distinct wall-depth planes. Measured columns/chords only; dashed sample connectors are not fitted surfaces. Full arch endpoints, hidden leaf intersections, continuous minimum body clearance, chamber footprint and rendered offset remain separate."
stone_intrados,LONG_INNER_ARCH_X610_Y762_002,610.0,762.0,0.86,271.53,1549.4,1935.48,2.1844,689.6862,687.5018,confirmed repeated selected collision column,"Two distinct wall-depth planes. Measured columns/chords only; dashed sample connectors are not fitted surfaces. Full arch endpoints, hidden leaf intersections, continuous minimum body clearance, chamber footprint and rendered offset remain separate."
stone_intrados,LONG_INNER_ARCH_X640_Y762_002,640.0,762.0,0.69,281.82,1625.6,1935.48,1.7526,715.8228,714.0702,confirmed repeated selected collision column,"Two distinct wall-depth planes. Measured columns/chords only; dashed sample connectors are not fitted surfaces. Full arch endpoints, hidden leaf intersections, continuous minimum body clearance, chamber footprint and rendered offset remain separate."
stone_intrados,LONG_INNER_ARCH_X670_Y762_002,670.0,762.0,0.53,270.36,1701.8,1935.48,1.3462,686.7144,685.3682,confirmed repeated selected collision column,"Two distinct wall-depth planes. Measured columns/chords only; dashed sample connectors are not fitted surfaces. Full arch endpoints, hidden leaf intersections, continuous minimum body clearance, chamber footprint and rendered offset remain separate."
stone_intrados,LONG_INNER_ARCH_X700_Y762_002,700.0,762.0,0.37,245.74,1778.0,1935.48,0.9398,624.1796,623.2398,confirmed repeated selected collision column,"Two distinct wall-depth planes. Measured columns/chords only; dashed sample connectors are not fitted surfaces. Full arch endpoints, hidden leaf intersections, continuous minimum body clearance, chamber footprint and rendered offset remain separate."
