id,area,x_cm,y_cm,z_cm,coordinate_frame,source_build,source_id,confidence,rounding_bound_cm,limits
CT_COLUMN,CT Spawn,406.7048,6018.9618,-306.4002,source axes; calibrated centimeters,25640462,CT_COLUMN,confirmed repeated collision endpoint,0.0254,Point sample; not continuous floor or rendered-surface certification
FLOOR_CTMID,CT Mid,-1270.0,5842.0,-293.1922,source axes; calibrated centimeters,25640462,FLOOR_CTMID,confirmed repeated collision endpoint,0.0254,Point sample; not continuous floor or rendered-surface certification
FLOOR_MIDAPPROACH,Top of Mid surveyed station,-1143.0,762.0,-9.8298,source axes; calibrated centimeters,25640462,FLOOR_MIDAPPROACH,confirmed repeated collision endpoint,0.0254,Point sample; not continuous floor or rendered-surface certification
FLOOR_LONGA,Long A,3556.0,2794.0,-23.9522,source axes; calibrated centimeters,25640462,FLOOR_LONGA,confirmed repeated collision endpoint,0.0254,Point sample; not continuous floor or rendered-surface certification
FLOOR_SHORT,Short Stairs midflight sample,762.0,4318.0,104.1146,source axes; calibrated centimeters,25640462,FLOOR_SHORT,confirmed repeated collision endpoint,0.0254,Point sample; not continuous floor or rendered-surface certification
FLOOR_UPPER,Upper Tunnels,-4953.0,3048.0,79.7052,source axes; calibrated centimeters,25640462,FLOOR_UPPER,confirmed repeated collision endpoint,0.0254,Point sample; not continuous floor or rendered-surface certification
FLOOR_LOWER,Lower Tunnels,-2794.0,3683.0,-284.48,source axes; calibrated centimeters,25640462,FLOOR_LOWER,confirmed repeated collision endpoint,0.0254,Point sample; not continuous floor or rendered-surface certification
FLOOR_BSITE,B Site,-4572.0,6350.0,78.0796,source axes; calibrated centimeters,25640462,FLOOR_BSITE,confirmed repeated collision endpoint,0.0254,Point sample; not continuous floor or rendered-surface certification
FLOOR_SIDEPIT,Side Pit,4318.0,1270.0,139.9032,source axes; calibrated centimeters,25640462,FLOOR_SIDEPIT,confirmed repeated collision endpoint,0.0254,Point sample; not continuous floor or rendered-surface certification
FLOOR_TSPAWN,T Spawn,-1270.0254,-2286.0,271.7038,source axes; calibrated centimeters,25640462,FLOOR_TSPAWN,confirmed repeated collision endpoint,0.0254,Point sample; not continuous floor or rendered-surface certification
FLOOR_ASITE,A Site approach,2794.0,6350.0,242.6716,source axes; calibrated centimeters,25640462,FLOOR_ASITE,confirmed repeated collision endpoint,0.0254,Point sample; not continuous floor or rendered-surface certification
FLOOR_PIT_LOWER_001,Pit ramp lower station,3556.0,889.0,-404.2156,source axes; calibrated centimeters,25640462,FLOOR_PIT_LOWER_001,confirmed repeated collision endpoint,0.0254,Point sample; not continuous floor or rendered-surface certification
FLOOR_PIT_UPPER_001,Pit ramp upper station,3556.0,1778.0,-94.5388,source axes; calibrated centimeters,25640462,FLOOR_PIT_UPPER_001,confirmed repeated collision endpoint,0.0254,Point sample; not continuous floor or rendered-surface certification
