report,station,yaw,source_x,source_y,eye_z,hit_x,hit_y,hit_z,local_mesh,material_shape
PIT_UPPER_FLOOR_RELATIVE_SIDE_PREFLIGHT_005,Y750_FLOOR_PLUS64,0,1400.0,750.01001,41.380005,1592.0,750.01,41.38,True,"Hit: hitbox 0, hitgroup -1, bone -1, solid 1, surfaceprop concrete, contents 400004c1, shape type: Mesh, face: 83714"
PIT_UPPER_FLOOR_RELATIVE_SIDE_PREFLIGHT_005,Y750_FLOOR_PLUS64,180,1400.0,750.01001,41.380005,913.99,750.01,41.38,False,"Hit: hitbox 0, hitgroup -1, bone -1, solid 1, surfaceprop concrete, contents 400004c1, shape type: Mesh, face: 82164"
PIT_UPPER_FLOOR_RELATIVE_SIDE_PREFLIGHT_005,Y800_FLOOR_PLUS64,0,1400.0,800.0,49.5,1792.66,800.0,49.5,False,"Hit: hitbox 0, hitgroup -1, bone -1, solid 1, surfaceprop concrete, contents 400004c1, shape type: Mesh, face: 88100"
PIT_UPPER_FLOOR_RELATIVE_SIDE_PREFLIGHT_005,Y800_FLOOR_PLUS64,180,1400.0,800.0,49.5,496.0,800.0,49.5,False,"Hit: hitbox 0, hitgroup -1, bone -1, solid 1, surfaceprop concrete, contents 400004c1, shape type: Mesh, face: 76116"
PIT_UPPER_FLOOR_RELATIVE_SIDE_PREFLIGHT_005,Y850_FLOOR_PLUS64,0,1400.0,850.01001,52.049988,2249.07,850.01,52.05,False,"Hit: hitbox 0, hitgroup -1, bone -1, solid 1, surfaceprop sand, contents 400004c1, shape type: Mesh, face: 89279"
PIT_UPPER_FLOOR_RELATIVE_SIDE_PREFLIGHT_005,Y850_FLOOR_PLUS64,180,1400.0,850.01001,52.049988,496.0,850.01,52.05,False,"Hit: hitbox 0, hitgroup -1, bone -1, solid 1, surfaceprop concrete, contents 400004c1, shape type: Mesh, face: 76122"
PIT_UPPER_FLOOR_RELATIVE_SIDE_PREFLIGHT_005,Y900_FLOOR_PLUS64,0,1400.0,900.01001,53.669983,2255.49,900.01,53.67,False,"Hit: hitbox 0, hitgroup -1, bone -1, solid 1, surfaceprop sand, contents 400004c1, shape type: Mesh, face: 89277"
PIT_UPPER_FLOOR_RELATIVE_SIDE_PREFLIGHT_005,Y900_FLOOR_PLUS64,180,1400.0,900.01001,53.669983,496.0,900.01,53.67,False,"Hit: hitbox 0, hitgroup -1, bone -1, solid 1, surfaceprop concrete, contents 400004c1, shape type: Mesh, face: 76145"
PIT_UPPER_FLOOR_PLUS20_SIDE_PREFLIGHT_006,Y750_FLOOR_PLUS20,0,1400.0,750.01001,-2.619995000000003,1592.0,750.01,-2.62,True,"Hit: hitbox 0, hitgroup -1, bone -1, solid 1, surfaceprop concrete, contents 400004c1, shape type: Mesh, face: 83573"
PIT_UPPER_FLOOR_PLUS20_SIDE_PREFLIGHT_006,Y750_FLOOR_PLUS20,180,1400.0,750.01001,-2.619995000000003,1272.0,750.01,-2.62,True,"Hit: hitbox 0, hitgroup -1, bone -1, solid 1, surfaceprop concrete, contents 400004c1, shape type: Mesh, face: 83248"
PIT_UPPER_FLOOR_PLUS20_SIDE_PREFLIGHT_006,Y800_FLOOR_PLUS20,0,1400.0,800.0,5.5,1989.45,800.0,5.5,False,"Hit: hitbox 0, hitgroup -1, bone -1, solid 1, surfaceprop concrete, contents 400004c1, shape type: Hull, face: -1"
PIT_UPPER_FLOOR_PLUS20_SIDE_PREFLIGHT_006,Y800_FLOOR_PLUS20,180,1400.0,800.0,5.5,841.84,800.0,5.5,False,"Hit: hitbox 0, hitgroup -1, bone -1, solid 1, surfaceprop metal_sand_barrel, contents 400004c1, shape type: Hull, face: -1"
PIT_UPPER_FLOOR_PLUS20_SIDE_PREFLIGHT_006,Y850_FLOOR_PLUS20,0,1400.0,850.01001,8.049987999999999,2065.37,850.01,8.05,False,"Hit: hitbox 0, hitgroup -1, bone -1, solid 1, surfaceprop sand, contents 400004c1, shape type: Mesh, face: 87990"
PIT_UPPER_FLOOR_PLUS20_SIDE_PREFLIGHT_006,Y850_FLOOR_PLUS20,180,1400.0,850.01001,8.049987999999999,496.0,850.01,8.05,False,"Hit: hitbox 0, hitgroup -1, bone -1, solid 1, surfaceprop concrete, contents 400004c1, shape type: Mesh, face: 76121"
PIT_UPPER_FLOOR_PLUS20_SIDE_PREFLIGHT_006,Y900_FLOOR_PLUS20,0,1400.0,900.01001,9.669983000000002,2053.3,900.01,9.67,False,"Hit: hitbox 0, hitgroup -1, bone -1, solid 1, surfaceprop sand, contents 400004c1, shape type: Mesh, face: 88056"
PIT_UPPER_FLOOR_PLUS20_SIDE_PREFLIGHT_006,Y900_FLOOR_PLUS20,180,1400.0,900.01001,9.669983000000002,496.0,900.01,9.67,False,"Hit: hitbox 0, hitgroup -1, bone -1, solid 1, surfaceprop concrete, contents 400004c1, shape type: Mesh, face: 76147"
PIT_UPPER_FIXED_Z0_END_PREFLIGHT_007,X1400_Y750_Z0,0,1400.0,750.0,0.0,1592.0,750.0,0.0,True,"Hit: hitbox 0, hitgroup -1, bone -1, solid 1, surfaceprop concrete, contents 400004c1, shape type: Mesh, face: 83573"
PIT_UPPER_FIXED_Z0_END_PREFLIGHT_007,X1400_Y750_Z0,180,1400.0,750.0,0.0,1272.0,750.0,0.0,True,"Hit: hitbox 0, hitgroup -1, bone -1, solid 1, surfaceprop concrete, contents 400004c1, shape type: Mesh, face: 83248"
PIT_UPPER_FIXED_Z0_END_PREFLIGHT_007,X1424_Y750_Z0,0,1424.0,750.0,0.0,1592.0,750.0,0.0,True,"Hit: hitbox 0, hitgroup -1, bone -1, solid 1, surfaceprop concrete, contents 400004c1, shape type: Mesh, face: 83573"
PIT_UPPER_FIXED_Z0_END_PREFLIGHT_007,X1424_Y750_Z0,180,1424.0,750.0,0.0,1272.0,750.0,0.0,True,"Hit: hitbox 0, hitgroup -1, bone -1, solid 1, surfaceprop concrete, contents 400004c1, shape type: Mesh, face: 83248"
PIT_UPPER_FIXED_Z0_END_PREFLIGHT_007,X1400_Y800_Z0,0,1400.0,800.0,0.0,1751.41,800.0,0.0,False,"Hit: hitbox 0, hitgroup -1, bone -1, solid 1, surfaceprop concrete, contents 400004c1, shape type: Hull, face: -1"
PIT_UPPER_FIXED_Z0_END_PREFLIGHT_007,X1400_Y800_Z0,180,1400.0,800.0,0.0,1253.77,800.0,0.0,False,"Hit: hitbox 0, hitgroup -1, bone -1, solid 1, surfaceprop sand, contents 400004c1, shape type: Mesh, face: 83785"
PIT_UPPER_FIXED_Z0_END_PREFLIGHT_007,X1424_Y800_Z0,0,1424.0,800.0,0.0,1751.41,800.0,0.0,False,"Hit: hitbox 0, hitgroup -1, bone -1, solid 1, surfaceprop concrete, contents 400004c1, shape type: Hull, face: -1"
PIT_UPPER_FIXED_Z0_END_PREFLIGHT_007,X1424_Y800_Z0,180,1424.0,800.0,0.0,1253.77,800.0,0.0,False,"Hit: hitbox 0, hitgroup -1, bone -1, solid 1, surfaceprop sand, contents 400004c1, shape type: Mesh, face: 83785"
