name,radar_u,radar_v,source_id,status
A Ramp,0.8522,0.1222,PLAN_CSDB,publisher-reported normalized label center; not metric survey
B Doors,0.2974,0.1736,PLAN_CSDB,publisher-reported normalized label center; not metric survey
A Site,0.792,0.1661,PLAN_CSDB,publisher-reported normalized label center; not metric survey
B Site,0.1603,0.146,PLAN_CSDB,publisher-reported normalized label center; not metric survey
CT Spawn,0.5968,0.2129,PLAN_CSDB,publisher-reported normalized label center; not metric survey
A Short (Catwalk),0.5286,0.4471,PLAN_CSDB,publisher-reported normalized label center; not metric survey
Extended A,0.6554,0.1991,PLAN_CSDB,publisher-reported normalized label center; not metric survey
Hole,0.257,0.1265,PLAN_CSDB,publisher-reported normalized label center; not metric survey
A Long,0.893,0.3229,PLAN_CSDB,publisher-reported normalized label center; not metric survey
Long Doors,0.759,0.6072,PLAN_CSDB,publisher-reported normalized label center; not metric survey
Lower Tunnels,0.3457,0.4052,PLAN_CSDB,publisher-reported normalized label center; not metric survey
Mid Doors,0.4396,0.277,PLAN_CSDB,publisher-reported normalized label center; not metric survey
Mid,0.459,0.4381,PLAN_CSDB,publisher-reported normalized label center; not metric survey
Outside Long,0.6298,0.6894,PLAN_CSDB,publisher-reported normalized label center; not metric survey
Outside Tunnels,0.178,0.653,PLAN_CSDB,publisher-reported normalized label center; not metric survey
Pit,0.8679,0.5989,PLAN_CSDB,publisher-reported normalized label center; not metric survey
Short Stairs,0.6331,0.3538,PLAN_CSDB,publisher-reported normalized label center; not metric survey
Side,0.926,0.5543,PLAN_CSDB,publisher-reported normalized label center; not metric survey
T Ramp,0.1111,0.8704,PLAN_CSDB,publisher-reported normalized label center; not metric survey
T Spawn,0.346,0.8495,PLAN_CSDB,publisher-reported normalized label center; not metric survey
Top of Mid,0.4661,0.6798,PLAN_CSDB,publisher-reported normalized label center; not metric survey
Tunnel Stairs,0.2931,0.4667,PLAN_CSDB,publisher-reported normalized label center; not metric survey
Under A,0.7213,0.2154,PLAN_CSDB,publisher-reported normalized label center; not metric survey
Upper Tunnels,0.2174,0.4496,PLAN_CSDB,publisher-reported normalized label center; not metric survey
