area,baseline,check_report,yaw,bracket_yaws,predicted_native,observed_native,error_cm,surface,result,limits
B_SITE,PLAN_SECTION_B_SITE_001,PLAN_SECTION_CHECKS_B_SITE_001,5.625,"[0.0, 11.25]","[-1589.9874206913994, 2520.684433658762, 104]","[-1667.52, 2513.05, 104.0]",197.885162,"['Hit: hitbox 0, hitgroup -1, bone -1, solid 1, surfaceprop Wood_Plank, contents 400004c1, shape type: Hull, face: -1']",candidate chord rejected,"Independent point diagnostic; no unseen surface, portal edge or rendered-offset bound"
B_SITE,PLAN_SECTION_B_SITE_001,PLAN_SECTION_CHECKS_B_SITE_001,16.875,"[11.25, 22.5]","[-1664.5, 2541.103475628795, 104]","[-1664.5, 2541.1, 104.0]",0.008828,"['Hit: hitbox 0, hitgroup -1, bone -1, solid 1, surfaceprop Wood_Plank, contents 400004c1, shape type: Hull, face: -1']",agrees at checked point only,"Independent point diagnostic; no unseen surface, portal edge or rendered-offset bound"
B_SITE,PLAN_SECTION_B_SITE_001,PLAN_SECTION_CHECKS_B_SITE_001,28.125,"[22.5, 33.75]","[-1598.5744862498173, 2607.664180164082, 104]","[-1664.5, 2572.42, 104.0]",189.877965,"['Hit: hitbox 0, hitgroup -1, bone -1, solid 1, surfaceprop Wood_Plank, contents 400004c1, shape type: Hull, face: -1']",candidate chord rejected,"Independent point diagnostic; no unseen surface, portal edge or rendered-offset bound"
B_SITE,PLAN_SECTION_B_SITE_001,PLAN_SECTION_CHECKS_B_SITE_001,39.375,"[33.75, 45.0]","[-1408.3560595526997, 2821.413875481662, 104]","[-1408.35, 2821.42, 104.0]",0.021884,"['Hit: hitbox 0, hitgroup -1, bone -1, solid 1, surfaceprop concrete, contents 400004c1, shape type: Mesh, face: 120411']",agrees at checked point only,"Independent point diagnostic; no unseen surface, portal edge or rendered-offset bound"
B_SITE,PLAN_SECTION_B_SITE_001,PLAN_SECTION_CHECKS_B_SITE_001,50.625,"[45.0, 56.25]","[-1500.7495160208987, 2864.637769762443, 104]","[-1493.45, 2873.54, 104.0]",29.241196,"['Hit: hitbox 0, hitgroup -1, bone -1, solid 1, surfaceprop concrete, contents 400004c1, shape type: Mesh, face: 120333']",candidate chord rejected,"Independent point diagnostic; no unseen surface, portal edge or rendered-offset bound"
B_SITE,PLAN_SECTION_B_SITE_001,PLAN_SECTION_CHECKS_B_SITE_001,61.875,"[56.25, 67.5]","[-1596.882954929369, 2880.0052635186457, 104]","[-1597.03, 2879.72, 104.0]",0.815168,"['Hit: hitbox 0, hitgroup -1, bone -1, solid 1, surfaceprop concrete, contents 400004c1, shape type: Hull, face: -1']",candidate chord rejected,"Independent point diagnostic; no unseen surface, portal edge or rendered-offset bound"
B_SITE,PLAN_SECTION_B_SITE_001,PLAN_SECTION_CHECKS_B_SITE_001,73.125,"[67.5, 78.75]","[-1684.7252267623737, 2880.01, 104]","[-1684.72, 2880.01, 104.0]",0.013276,"['Hit: hitbox 0, hitgroup -1, bone -1, solid 1, surfaceprop concrete, contents 400004c1, shape type: Mesh, face: 119916']",agrees at checked point only,"Independent point diagnostic; no unseen surface, portal edge or rendered-offset bound"
B_SITE,PLAN_SECTION_B_SITE_001,PLAN_SECTION_CHECKS_B_SITE_001,84.375,"[78.75, 90.0]","[-1762.5727790593069, 2880.0049513455406, 104]","[-1762.57, 2880.01, 104.0]",0.014638,"['Hit: hitbox 0, hitgroup -1, bone -1, solid 1, surfaceprop concrete, contents 400004c1, shape type: Mesh, face: 119905']",agrees at checked point only,"Independent point diagnostic; no unseen surface, portal edge or rendered-offset bound"
B_SITE,PLAN_SECTION_B_SITE_001,PLAN_SECTION_CHECKS_B_SITE_001,95.625,"[90.0, 101.25]","[-1837.4613249713823, 2880.35121538003, 104]","[-1837.43, 2880.05, 104.0]",0.769213,"['Hit: hitbox 0, hitgroup -1, bone -1, solid 1, surfaceprop concrete, contents 400004c1, shape type: Mesh, face: 119702']",candidate chord rejected,"Independent point diagnostic; no unseen surface, portal edge or rendered-offset bound"
B_SITE,PLAN_SECTION_B_SITE_001,PLAN_SECTION_CHECKS_B_SITE_001,106.875,"[101.25, 112.5]","[-1943.4084372618997, 2972.7542610867317, 104]","[-1992.93, 3136.0, 104.0]",433.303129,"['Hit: hitbox 0, hitgroup -1, bone -1, solid 1, surfaceprop concrete, contents 400004c1, shape type: Mesh, face: 118458']",candidate chord rejected,"Independent point diagnostic; no unseen surface, portal edge or rendered-offset bound"
B_SITE,PLAN_SECTION_B_SITE_001,PLAN_SECTION_CHECKS_B_SITE_001,118.125,"[112.5, 123.75]","[-2090.7098181472556, 3043.8798157687384, 104]","[-2120.01, 3098.69, 104.0]",157.861704,"['Hit: hitbox 0, hitgroup -1, bone -1, solid 1, surfaceprop concrete, contents 400004c1, shape type: Mesh, face: 116447']",candidate chord rejected,"Independent point diagnostic; no unseen surface, portal edge or rendered-offset bound"
B_SITE,PLAN_SECTION_B_SITE_001,PLAN_SECTION_CHECKS_B_SITE_001,129.375,"[123.75, 135.0]","[-2112.9907962140333, 2881.3803886633873, 104]","[-2112.99, 2881.38, 104.0]",0.00225,"['Hit: hitbox 0, hitgroup -1, bone -1, solid 1, surfaceprop concrete, contents 400004c1, shape type: Hull, face: -1']",agrees at checked point only,"Independent point diagnostic; no unseen surface, portal edge or rendered-offset bound"
B_SITE,PLAN_SECTION_B_SITE_001,PLAN_SECTION_CHECKS_B_SITE_001,140.625,"[135.0, 146.25]","[-2112.938381396919, 2756.8218924487014, 104]","[-2112.94, 2756.82, 104.0]",0.006325,"['Hit: hitbox 0, hitgroup -1, bone -1, solid 1, surfaceprop concrete, contents 400004c1, shape type: Hull, face: -1']",agrees at checked point only,"Independent point diagnostic; no unseen surface, portal edge or rendered-offset bound"
B_SITE,PLAN_SECTION_B_SITE_001,PLAN_SECTION_CHECKS_B_SITE_001,151.875,"[146.25, 157.5]","[-2120.6845660560043, 2671.4094716844816, 104]","[-2128.01, 2675.32, 104.0]",21.091823,"['Hit: hitbox 0, hitgroup -1, bone -1, solid 1, surfaceprop concrete, contents 400004c1, shape type: Mesh, face: 116300']",candidate chord rejected,"Independent point diagnostic; no unseen surface, portal edge or rendered-offset bound"
B_SITE,PLAN_SECTION_B_SITE_001,PLAN_SECTION_CHECKS_B_SITE_001,163.125,"[157.5, 168.75]","[-2128.004851201334, 2599.4991838190444, 104]","[-2128.01, 2599.5, 104.0]",0.013241,"['Hit: hitbox 0, hitgroup -1, bone -1, solid 1, surfaceprop concrete, contents 400004c1, shape type: Mesh, face: 114711']",agrees at checked point only,"Independent point diagnostic; no unseen surface, portal edge or rendered-offset bound"
B_SITE,PLAN_SECTION_B_SITE_001,PLAN_SECTION_CHECKS_B_SITE_001,174.375,"[168.75, 180.0]","[-2128.005048179414, 2532.3056775034247, 104]","[-2128.01, 2532.31, 104.0]",0.016695,"['Hit: hitbox 0, hitgroup -1, bone -1, solid 1, surfaceprop concrete, contents 400004c1, shape type: Mesh, face: 97375']",agrees at checked point only,"Independent point diagnostic; no unseen surface, portal edge or rendered-offset bound"
B_SITE,PLAN_SECTION_B_SITE_001,PLAN_SECTION_CHECKS_B_SITE_001,185.625,"[180.0, 191.25]","[-2128.01, 2467.6938347848163, 104]","[-2128.01, 2467.69, 104.0]",0.00974,"['Hit: hitbox 0, hitgroup -1, bone -1, solid 1, surfaceprop concrete, contents 400004c1, shape type: Mesh, face: 97293']",agrees at checked point only,"Independent point diagnostic; no unseen surface, portal edge or rendered-offset bound"
B_SITE,PLAN_SECTION_B_SITE_001,PLAN_SECTION_CHECKS_B_SITE_001,196.875,"[191.25, 202.5]","[-2149.6602684233703, 2393.9317171845173, 104]","[-2176.0, 2385.94, 104.0]",69.914579,"['Hit: hitbox 0, hitgroup -1, bone -1, solid 1, surfaceprop concrete, contents 400004c1, shape type: Mesh, face: 96963']",candidate chord rejected,"Independent point diagnostic; no unseen surface, portal edge or rendered-offset bound"
B_SITE,PLAN_SECTION_B_SITE_001,PLAN_SECTION_CHECKS_B_SITE_001,208.125,"[202.5, 213.75]","[-2187.4726700938704, 2292.891542958239, 104]","[-2144.93, 2315.63, 104.0]",122.524824,"['Hit: hitbox 0, hitgroup -1, bone -1, solid 1, surfaceprop concrete, contents 400004c1, shape type: Mesh, face: 96989']",candidate chord rejected,"Independent point diagnostic; no unseen surface, portal edge or rendered-offset bound"
B_SITE,PLAN_SECTION_B_SITE_001,PLAN_SECTION_CHECKS_B_SITE_001,219.375,"[213.75, 225.0]","[-2201.07, 2170.8503573623493, 104]","[-2201.07, 2170.85, 104.0]",0.000908,"['Hit: hitbox 0, hitgroup -1, bone -1, solid 1, surfaceprop Wood_Dense, contents 400004c1, shape type: Hull, face: -1']",agrees at checked point only,"Independent point diagnostic; no unseen surface, portal edge or rendered-offset bound"
B_SITE,PLAN_SECTION_B_SITE_001,PLAN_SECTION_CHECKS_B_SITE_001,230.625,"[225.0, 236.25]","[-2189.639591157705, 2025.222784465679, 104]","[-2144.86, 2079.79, 104.0]",179.295806,"['Hit: hitbox 0, hitgroup -1, bone -1, solid 1, surfaceprop concrete, contents 400004c1, shape type: Mesh, face: 96770']",candidate chord rejected,"Independent point diagnostic; no unseen surface, portal edge or rendered-offset bound"
B_SITE,PLAN_SECTION_B_SITE_001,PLAN_SECTION_CHECKS_B_SITE_001,241.875,"[236.25, 247.5]","[-2137.1988742916906, 1869.1452775967355, 104]","[-2176.01, 1796.53, 104.0]",209.134444,"['Hit: hitbox 0, hitgroup -1, bone -1, solid 1, surfaceprop concrete, contents 400004c1, shape type: Mesh, face: 95141']",candidate chord rejected,"Independent point diagnostic; no unseen surface, portal edge or rendered-offset bound"
B_SITE,PLAN_SECTION_B_SITE_001,PLAN_SECTION_CHECKS_B_SITE_001,253.125,"[247.5, 258.75]","[-2093.3713387752414, 1532.8843048932533, 104]","[-2048.0, 1682.45, 104.0]",396.991969,"['Hit: hitbox 0, hitgroup -1, bone -1, solid 1, surfaceprop concrete, contents 400004c1, shape type: Mesh, face: 95120']",candidate chord rejected,"Independent point diagnostic; no unseen surface, portal edge or rendered-offset bound"
B_SITE,PLAN_SECTION_B_SITE_001,PLAN_SECTION_CHECKS_B_SITE_001,264.375,"[258.75, 270.0]","[-1888.0661031148672, 1605.8498497020191, 104]","[-1869.73, 1792.0, 104.0]",475.109639,"['Hit: hitbox 0, hitgroup -1, bone -1, solid 1, surfaceprop concrete, contents 400004c1, shape type: Mesh, face: 95309']",candidate chord rejected,"Independent point diagnostic; no unseen surface, portal edge or rendered-offset bound"
B_SITE,PLAN_SECTION_B_SITE_001,PLAN_SECTION_CHECKS_B_SITE_001,275.625,"[270.0, 281.25]","[-1726.1176837532146, 1749.8602545151814, 104]","[-1730.27, 1792.0, 104.0]",107.553326,"['Hit: hitbox 0, hitgroup -1, bone -1, solid 1, surfaceprop concrete, contents 400004c1, shape type: Mesh, face: 95423']",candidate chord rejected,"Independent point diagnostic; no unseen surface, portal edge or rendered-offset bound"
B_SITE,PLAN_SECTION_B_SITE_001,PLAN_SECTION_CHECKS_B_SITE_001,286.875,"[281.25, 292.5]","[-1526.987984753392, 1600.0, 104]","[-1558.16, 1702.78, 104.0]",272.803839,"['Hit: hitbox 0, hitgroup -1, bone -1, solid 1, surfaceprop metalpanel, contents 400004c1, shape type: Hull, face: -1']",candidate chord rejected,"Independent point diagnostic; no unseen surface, portal edge or rendered-offset bound"
B_SITE,PLAN_SECTION_B_SITE_001,PLAN_SECTION_CHECKS_B_SITE_001,298.125,"[292.5, 303.75]","[-1398.6966260027775, 1749.214194044093, 104]","[-1376.0, 1706.75, 104.0]",122.298946,"['Hit: hitbox 0, hitgroup -1, bone -1, solid 1, surfaceprop concrete, contents 400004c1, shape type: Mesh, face: 100652']",candidate chord rejected,"Independent point diagnostic; no unseen surface, portal edge or rendered-offset bound"
B_SITE,PLAN_SECTION_B_SITE_001,PLAN_SECTION_CHECKS_B_SITE_001,309.375,"[303.75, 315.0]","[-1376.0553824901435, 1983.4219889101937, 104]","[-1376.29, 1983.71, 104.0]",0.943554,"['Hit: hitbox 0, hitgroup -1, bone -1, solid 1, surfaceprop concrete, contents 400004c1, shape type: Mesh, face: 106139']",candidate chord rejected,"Independent point diagnostic; no unseen surface, portal edge or rendered-offset bound"
B_SITE,PLAN_SECTION_B_SITE_001,PLAN_SECTION_CHECKS_B_SITE_001,320.625,"[315.0, 326.25]","[-1337.2958552870755, 2120.2685220055882, 104]","[-1327.59, 2112.3, 104.0]",31.897078,"['Hit: hitbox 0, hitgroup -1, bone -1, solid 1, surfaceprop Wood_Dense, contents 400004c1, shape type: Hull, face: -1']",candidate chord rejected,"Independent point diagnostic; no unseen surface, portal edge or rendered-offset bound"
B_SITE,PLAN_SECTION_B_SITE_001,PLAN_SECTION_CHECKS_B_SITE_001,331.875,"[326.25, 337.5]","[-1323.5210018679268, 2245.3166694517304, 104]","[-1344.02, 2256.27, 104.0]",59.034342,"['Hit: hitbox 0, hitgroup -1, bone -1, solid 1, surfaceprop Wood_Dense, contents 400004c1, shape type: Hull, face: -1']",candidate chord rejected,"Independent point diagnostic; no unseen surface, portal edge or rendered-offset bound"
B_SITE,PLAN_SECTION_B_SITE_001,PLAN_SECTION_CHECKS_B_SITE_001,343.125,"[337.5, 348.75]","[-1343.7961530491702, 2361.612075978554, 104]","[-1343.25, 2361.45, 104.0]",1.447024,"['Hit: hitbox 0, hitgroup -1, bone -1, solid 1, surfaceprop concrete, contents 400004c1, shape type: Mesh, face: 109152']",candidate chord rejected,"Independent point diagnostic; no unseen surface, portal edge or rendered-offset bound"
B_SITE,PLAN_SECTION_B_SITE_001,PLAN_SECTION_CHECKS_B_SITE_001,354.375,"[348.75, 0.0]","[-1343.8366608433062, 2455.071832566367, 104]","[-1344.0, 2455.09, 104.0]",0.41744,"['Hit: hitbox 0, hitgroup -1, bone -1, solid 1, surfaceprop concrete, contents 400004c1, shape type: Mesh, face: 109193']",candidate chord rejected,"Independent point diagnostic; no unseen surface, portal edge or rendered-offset bound"
CT_SPAWN,PLAN_SECTION_CT_SPAWN_001,PLAN_SECTION_CHECKS_CT_SPAWN_001,5.625,"[0.0, 11.25]","[510.05560717532416, 2404.4774680037417, -36]","[512.24, 2404.69, -36.0]",5.574558,"['Hit: hitbox 0, hitgroup -1, bone -1, solid 1, surfaceprop concrete, contents 400004c1, shape type: Mesh, face: 161626']",candidate chord rejected,"Independent point diagnostic; no unseen surface, portal edge or rendered-offset bound"
CT_SPAWN,PLAN_SECTION_CT_SPAWN_001,PLAN_SECTION_CHECKS_CT_SPAWN_001,16.875,"[11.25, 22.5]","[510.44206055370375, 2476.3054368654894, -36]","[506.87, 2475.22, -36.0]",9.482671,"['Hit: hitbox 0, hitgroup -1, bone -1, solid 1, surfaceprop concrete, contents 400004c1, shape type: Mesh, face: 162733']",candidate chord rejected,"Independent point diagnostic; no unseen surface, portal edge or rendered-offset bound"
CT_SPAWN,PLAN_SECTION_CT_SPAWN_001,PLAN_SECTION_CHECKS_CT_SPAWN_001,28.125,"[22.5, 33.75]","[470.78300718383895, 2536.116978204037, -36]","[506.49, 2555.2, -36.0]",102.835534,"['Hit: hitbox 0, hitgroup -1, bone -1, solid 1, surfaceprop Wood_Solid, contents 400004c1, shape type: Hull, face: -1']",candidate chord rejected,"Independent point diagnostic; no unseen surface, portal edge or rendered-offset bound"
CT_SPAWN,PLAN_SECTION_CT_SPAWN_001,PLAN_SECTION_CHECKS_CT_SPAWN_001,39.375,"[33.75, 45.0]","[434.3441865182299, 2595.1484552626534, -36]","[392.28, 2560.63, -36.0]",138.212404,"['Hit: hitbox 0, hitgroup -1, bone -1, solid 1, surfaceprop Wood_Dense, contents 400004c1, shape type: Hull, face: -1']",candidate chord rejected,"Independent point diagnostic; no unseen surface, portal edge or rendered-offset bound"
CT_SPAWN,PLAN_SECTION_CT_SPAWN_001,PLAN_SECTION_CHECKS_CT_SPAWN_001,50.625,"[45.0, 56.25]","[345.6494371919705, 2596.2144937418398, -36]","[322.55, 2568.07, -36.0]",92.481694,"['Hit: hitbox 0, hitgroup -1, bone -1, solid 1, surfaceprop solidmetal, contents 400004c1, shape type: Hull, face: -1']",candidate chord rejected,"Independent point diagnostic; no unseen surface, portal edge or rendered-offset bound"
CT_SPAWN,PLAN_SECTION_CT_SPAWN_001,PLAN_SECTION_CHECKS_CT_SPAWN_001,61.875,"[56.25, 67.5]","[315.2948161022638, 2660.5361659603677, -36]","[265.41, 2567.2, -36.0]",268.80995,"['Hit: hitbox 0, hitgroup -1, bone -1, solid 1, surfaceprop solidmetal, contents 400004c1, shape type: Hull, face: -1']",candidate chord rejected,"Independent point diagnostic; no unseen surface, portal edge or rendered-offset bound"
CT_SPAWN,PLAN_SECTION_CT_SPAWN_001,PLAN_SECTION_CHECKS_CT_SPAWN_001,73.125,"[67.5, 78.75]","[243.68678969530066, 2645.878373549738, -36]","[312.28, 2872.0, -36.0]",600.193016,"['Hit: hitbox 0, hitgroup -1, bone -1, solid 1, surfaceprop concrete, contents 400004c1, shape type: Mesh, face: 157893']",candidate chord rejected,"Independent point diagnostic; no unseen surface, portal edge or rendered-offset bound"
CT_SPAWN,PLAN_SECTION_CT_SPAWN_001,PLAN_SECTION_CHECKS_CT_SPAWN_001,84.375,"[78.75, 90.0]","[178.84938603324494, 2561.3810280973507, -36]","[178.67, 2559.58, -36.0]",4.597247,"['Hit: hitbox 0, hitgroup -1, bone -1, solid 1, surfaceprop concrete, contents 400004c1, shape type: Mesh, face: 157729']",candidate chord rejected,"Independent point diagnostic; no unseen surface, portal edge or rendered-offset bound"
CT_SPAWN,PLAN_SECTION_CT_SPAWN_001,PLAN_SECTION_CHECKS_CT_SPAWN_001,95.625,"[90.0, 101.25]","[141.5347000775743, 2557.4813363706885, -36]","[141.6, 2556.86, -36.0]",1.586886,"['Hit: hitbox 0, hitgroup -1, bone -1, solid 1, surfaceprop concrete, contents 400004c1, shape type: Mesh, face: 157722']",candidate chord rejected,"Independent point diagnostic; no unseen surface, portal edge or rendered-offset bound"
CT_SPAWN,PLAN_SECTION_CT_SPAWN_001,PLAN_SECTION_CHECKS_CT_SPAWN_001,106.875,"[101.25, 112.5]","[103.1483464769117, 2557.414785113254, -36]","[102.88, 2558.3, -36.0]",2.349487,"['Hit: hitbox 0, hitgroup -1, bone -1, solid 1, surfaceprop concrete, contents 400004c1, shape type: Mesh, face: 157715']",candidate chord rejected,"Independent point diagnostic; no unseen surface, portal edge or rendered-offset bound"
CT_SPAWN,PLAN_SECTION_CT_SPAWN_001,PLAN_SECTION_CHECKS_CT_SPAWN_001,118.125,"[112.5, 123.75]","[73.77331944018943, 2531.318772912804, -36]","[65.3, 2547.18, -36.0]",45.675929,"['Hit: hitbox 0, hitgroup -1, bone -1, solid 1, surfaceprop concrete, contents 400004c1, shape type: Mesh, face: 157706']",candidate chord rejected,"Independent point diagnostic; no unseen surface, portal edge or rendered-offset bound"
CT_SPAWN,PLAN_SECTION_CT_SPAWN_001,PLAN_SECTION_CHECKS_CT_SPAWN_001,129.375,"[123.75, 135.0]","[67.36000000000001, 2482.88216661047, -36]","[67.36, 2482.88, -36.0]",0.005503,"['Hit: hitbox 0, hitgroup -1, bone -1, solid 1, surfaceprop concrete, contents 400004c1, shape type: Mesh, face: 157693']",agrees at checked point only,"Independent point diagnostic; no unseen surface, portal edge or rendered-offset bound"
CT_SPAWN,PLAN_SECTION_CT_SPAWN_001,PLAN_SECTION_CHECKS_CT_SPAWN_001,140.625,"[135.0, 146.25]","[66.93471037382449, 2446.376709358529, -36]","[67.36, 2446.03, -36.0]",1.393714,"['Hit: hitbox 0, hitgroup -1, bone -1, solid 1, surfaceprop concrete, contents 400004c1, shape type: Mesh, face: 157694']",candidate chord rejected,"Independent point diagnostic; no unseen surface, portal edge or rendered-offset bound"
CT_SPAWN,PLAN_SECTION_CT_SPAWN_001,PLAN_SECTION_CHECKS_CT_SPAWN_001,151.875,"[146.25, 157.5]","[67.34404969663485, 2419.5256372492518, -36]","[65.33, 2420.6, -36.0]",5.79802,"['Hit: hitbox 0, hitgroup -1, bone -1, solid 1, surfaceprop concrete, contents 400004c1, shape type: Mesh, face: 157499']",candidate chord rejected,"Independent point diagnostic; no unseen surface, portal edge or rendered-offset bound"
CT_SPAWN,PLAN_SECTION_CT_SPAWN_001,PLAN_SECTION_CHECKS_CT_SPAWN_001,163.125,"[157.5, 168.75]","[59.59377382978472, 2400.4578957222634, -36]","[68.03, 2397.9, -36.0]",22.391327,"['Hit: hitbox 0, hitgroup -1, bone -1, solid 1, surfaceprop Wood_Solid, contents 400004c1, shape type: Hull, face: -1']",candidate chord rejected,"Independent point diagnostic; no unseen surface, portal edge or rendered-offset bound"
CT_SPAWN,PLAN_SECTION_CT_SPAWN_001,PLAN_SECTION_CHECKS_CT_SPAWN_001,174.375,"[168.75, 180.0]","[41.487023047610435, 2381.672509416076, -36]","[41.35, 2381.69, -36.0]",0.350863,"['Hit: hitbox 0, hitgroup -1, bone -1, solid 1, surfaceprop concrete, contents 400004c1, shape type: Mesh, face: 157486']",candidate chord rejected,"Independent point diagnostic; no unseen surface, portal edge or rendered-offset bound"
CT_SPAWN,PLAN_SECTION_CT_SPAWN_001,PLAN_SECTION_CHECKS_CT_SPAWN_001,185.625,"[180.0, 191.25]","[47.66258454656564, 2358.9357303024744, -36]","[51.54, 2359.32, -36.0]",9.896882,"['Hit: hitbox 0, hitgroup -1, bone -1, solid 1, surfaceprop Wood_Plank, contents 400004c1, shape type: Hull, face: -1']",candidate chord rejected,"Independent point diagnostic; no unseen surface, portal edge or rendered-offset bound"
CT_SPAWN,PLAN_SECTION_CT_SPAWN_001,PLAN_SECTION_CHECKS_CT_SPAWN_001,196.875,"[191.25, 202.5]","[68.33597729397947, 2342.1940227060204, -36]","[68.43, 2342.22, -36.0]",0.247765,"['Hit: hitbox 0, hitgroup -1, bone -1, solid 1, surfaceprop Wood_Plank, contents 400004c1, shape type: Hull, face: -1']",agrees at checked point only,"Independent point diagnostic; no unseen surface, portal edge or rendered-offset bound"
CT_SPAWN,PLAN_SECTION_CT_SPAWN_001,PLAN_SECTION_CHECKS_CT_SPAWN_001,208.125,"[202.5, 213.75]","[82.19497080293468, 2328.412345461192, -36]","[82.07, 2328.35, -36.0]",0.354734,"['Hit: hitbox 0, hitgroup -1, bone -1, solid 1, surfaceprop Wood_Plank, contents 400004c1, shape type: Hull, face: -1']",candidate chord rejected,"Independent point diagnostic; no unseen surface, portal edge or rendered-offset bound"
CT_SPAWN,PLAN_SECTION_CT_SPAWN_001,PLAN_SECTION_CHECKS_CT_SPAWN_001,219.375,"[213.75, 225.0]","[94.3587746242393, 2316.1296385301093, -36]","[94.39, 2316.16, -36.0]",0.110624,"['Hit: hitbox 0, hitgroup -1, bone -1, solid 1, surfaceprop Wood_Plank, contents 400004c1, shape type: Hull, face: -1']",agrees at checked point only,"Independent point diagnostic; no unseen surface, portal edge or rendered-offset bound"
CT_SPAWN,PLAN_SECTION_CT_SPAWN_001,PLAN_SECTION_CHECKS_CT_SPAWN_001,230.625,"[225.0, 236.25]","[70.52089328690302, 2260.9693930036287, -36]","[105.93, 2304.12, -36.0]",141.780691,"['Hit: hitbox 0, hitgroup -1, bone -1, solid 1, surfaceprop Wood_Plank, contents 400004c1, shape type: Hull, face: -1']",candidate chord rejected,"Independent point diagnostic; no unseen surface, portal edge or rendered-offset bound"
CT_SPAWN,PLAN_SECTION_CT_SPAWN_001,PLAN_SECTION_CHECKS_CT_SPAWN_001,241.875,"[236.25, 247.5]","[-38.49363601385471, 1998.6445264404588, -36]","[-46.34, 1983.96, -36.0]",42.289341,"['Hit: hitbox 0, hitgroup -1, bone -1, solid 1, surfaceprop concrete, contents 400004c1, shape type: Mesh, face: 155928']",candidate chord rejected,"Independent point diagnostic; no unseen surface, portal edge or rendered-offset bound"
CT_SPAWN,PLAN_SECTION_CT_SPAWN_001,PLAN_SECTION_CHECKS_CT_SPAWN_001,253.125,"[247.5, 258.75]","[52.519324467212584, 2015.6836967701536, -36]","[50.6, 2009.35, -36.0]",16.810026,"['Hit: hitbox 0, hitgroup -1, bone -1, solid 1, surfaceprop concrete, contents 400004c1, shape type: Mesh, face: 155953']",candidate chord rejected,"Independent point diagnostic; no unseen surface, portal edge or rendered-offset bound"
CT_SPAWN,PLAN_SECTION_CT_SPAWN_001,PLAN_SECTION_CHECKS_CT_SPAWN_001,264.375,"[258.75, 270.0]","[126.95459689218715, 2034.4843917191563, -36]","[126.71, 2032.0, -36.0]",6.340865,"['Hit: hitbox 0, hitgroup -1, bone -1, solid 1, surfaceprop concrete, contents 400004c1, shape type: Mesh, face: 155968']",candidate chord rejected,"Independent point diagnostic; no unseen surface, portal edge or rendered-offset bound"
CT_SPAWN,PLAN_SECTION_CT_SPAWN_001,PLAN_SECTION_CHECKS_CT_SPAWN_001,275.625,"[270.0, 281.25]","[193.29009433472135, 2032.0, -36]","[193.29, 2032.0, -36.0]",0.00024,"['Hit: hitbox 0, hitgroup -1, bone -1, solid 1, surfaceprop concrete, contents 400004c1, shape type: Mesh, face: 156146']",agrees at checked point only,"Independent point diagnostic; no unseen surface, portal edge or rendered-offset bound"
CT_SPAWN,PLAN_SECTION_CT_SPAWN_001,PLAN_SECTION_CHECKS_CT_SPAWN_001,286.875,"[281.25, 292.5]","[262.34690359147385, 2032.6074748061078, -36]","[262.53, 2032.0, -36.0]",1.611549,"['Hit: hitbox 0, hitgroup -1, bone -1, solid 1, surfaceprop concrete, contents 400004c1, shape type: Mesh, face: 156168']",candidate chord rejected,"Independent point diagnostic; no unseen surface, portal edge or rendered-offset bound"
CT_SPAWN,PLAN_SECTION_CT_SPAWN_001,PLAN_SECTION_CHECKS_CT_SPAWN_001,298.125,"[292.5, 303.75]","[340.2418244612224, 2032.791264132211, -36]","[340.65, 2032.03, -36.0]",2.194022,"['Hit: hitbox 0, hitgroup -1, bone -1, solid 1, surfaceprop concrete, contents 400004c1, shape type: Mesh, face: 156190']",candidate chord rejected,"Independent point diagnostic; no unseen surface, portal edge or rendered-offset bound"
CT_SPAWN,PLAN_SECTION_CT_SPAWN_001,PLAN_SECTION_CHECKS_CT_SPAWN_001,309.375,"[303.75, 315.0]","[437.844080916716, 2031.4460078392306, -36]","[436.56, 2033.01, -36.0]",5.13993,"['Hit: hitbox 0, hitgroup -1, bone -1, solid 1, surfaceprop concrete, contents 400004c1, shape type: Mesh, face: 156232']",candidate chord rejected,"Independent point diagnostic; no unseen surface, portal edge or rendered-offset bound"
CT_SPAWN,PLAN_SECTION_CT_SPAWN_001,PLAN_SECTION_CHECKS_CT_SPAWN_001,320.625,"[315.0, 326.25]","[564.0409391849216, 2038.4121705844425, -36]","[552.34, 2048.01, -36.0]",38.439718,"['Hit: hitbox 0, hitgroup -1, bone -1, solid 1, surfaceprop concrete, contents 400004c1, shape type: Mesh, face: 159328']",candidate chord rejected,"Independent point diagnostic; no unseen surface, portal edge or rendered-offset bound"
CT_SPAWN,PLAN_SECTION_CT_SPAWN_001,PLAN_SECTION_CHECKS_CT_SPAWN_001,331.875,"[326.25, 337.5]","[737.8306452132985, 2061.143085439861, -36]","[762.4, 2048.01, -36.0]",70.76219,"['Hit: hitbox 0, hitgroup -1, bone -1, solid 1, surfaceprop concrete, contents 400004c1, shape type: Mesh, face: 159554']",candidate chord rejected,"Independent point diagnostic; no unseen surface, portal edge or rendered-offset bound"
CT_SPAWN,PLAN_SECTION_CT_SPAWN_001,PLAN_SECTION_CHECKS_CT_SPAWN_001,343.125,"[337.5, 348.75]","[621.6623946423077, 2229.9562436390315, -36]","[854.56, 2159.31, -36.0]",618.176652,"['Hit: hitbox 0, hitgroup -1, bone -1, solid 1, surfaceprop sand, contents 400004c1, shape type: Mesh, face: 161857']",candidate chord rejected,"Independent point diagnostic; no unseen surface, portal edge or rendered-offset bound"
CT_SPAWN,PLAN_SECTION_CT_SPAWN_001,PLAN_SECTION_CHECKS_CT_SPAWN_001,354.375,"[348.75, 0.0]","[508.95786478183595, 2335.6306501851172, -36]","[510.27, 2335.5, -36.0]",3.349304,"['Hit: hitbox 0, hitgroup -1, bone -1, solid 1, surfaceprop concrete, contents 400004c1, shape type: Mesh, face: 161614']",candidate chord rejected,"Independent point diagnostic; no unseen surface, portal edge or rendered-offset bound"
UPPER_CHAMBER,PLAN_SECTION_UPPER_CHAMBER_001,PLAN_SECTION_CHECKS_UPPER_CHAMBER_001,5.625,"[0.0, 11.25]","[-1247.1644706973884, 1234.751266435282, 104]","[-1279.84, 1231.53, 104.0]",83.398175,"['Hit: hitbox 0, hitgroup -1, bone -1, solid 1, surfaceprop Wood_Panel, contents 400004c1, shape type: Hull, face: -1']",candidate chord rejected,"Independent point diagnostic; no unseen surface, portal edge or rendered-offset bound"
UPPER_CHAMBER,PLAN_SECTION_UPPER_CHAMBER_001,PLAN_SECTION_CHECKS_UPPER_CHAMBER_001,16.875,"[11.25, 22.5]","[-1356.4337332942807, 1273.8850192438015, 104]","[-1336.27, 1280.0, 104.0]",53.51926,"['Hit: hitbox 0, hitgroup -1, bone -1, solid 1, surfaceprop concrete, contents 400004c1, shape type: Mesh, face: 99098']",candidate chord rejected,"Independent point diagnostic; no unseen surface, portal edge or rendered-offset bound"
UPPER_CHAMBER,PLAN_SECTION_UPPER_CHAMBER_001,PLAN_SECTION_CHECKS_UPPER_CHAMBER_001,28.125,"[22.5, 33.75]","[-1450.3305270568487, 1280.0, 104]","[-1450.33, 1280.0, 104.0]",0.001339,"['Hit: hitbox 0, hitgroup -1, bone -1, solid 1, surfaceprop concrete, contents 400004c1, shape type: Mesh, face: 92320']",agrees at checked point only,"Independent point diagnostic; no unseen surface, portal edge or rendered-offset bound"
UPPER_CHAMBER,PLAN_SECTION_UPPER_CHAMBER_001,PLAN_SECTION_CHECKS_UPPER_CHAMBER_001,39.375,"[33.75, 45.0]","[-1516.202747625142, 1268.7706277537625, 104]","[-1524.48, 1261.98, 104.0]",27.194082,"['Hit: hitbox 0, hitgroup -1, bone -1, solid 1, surfaceprop concrete, contents 400004c1, shape type: Hull, face: -1']",candidate chord rejected,"Independent point diagnostic; no unseen surface, portal edge or rendered-offset bound"
UPPER_CHAMBER,PLAN_SECTION_UPPER_CHAMBER_001,PLAN_SECTION_CHECKS_UPPER_CHAMBER_001,50.625,"[45.0, 56.25]","[-1548.5050692187042, 1262.746754706918, 104]","[-1549.11, 1262.01, 104.0]",2.421339,"['Hit: hitbox 0, hitgroup -1, bone -1, solid 1, surfaceprop concrete, contents 400004c1, shape type: Hull, face: -1']",candidate chord rejected,"Independent point diagnostic; no unseen surface, portal edge or rendered-offset bound"
UPPER_CHAMBER,PLAN_SECTION_UPPER_CHAMBER_001,PLAN_SECTION_CHECKS_UPPER_CHAMBER_001,61.875,"[56.25, 67.5]","[-1561.9422028515378, 1271.2011305073463, 104]","[-1558.03, 1278.53, 104.0]",21.101524,"['Hit: hitbox 0, hitgroup -1, bone -1, solid 1, surfaceprop concrete, contents 400004c1, shape type: Hull, face: -1']",candidate chord rejected,"Independent point diagnostic; no unseen surface, portal edge or rendered-offset bound"
UPPER_CHAMBER,PLAN_SECTION_UPPER_CHAMBER_001,PLAN_SECTION_CHECKS_UPPER_CHAMBER_001,73.125,"[67.5, 78.75]","[-1575.7322653114127, 1280.0, 104]","[-1575.73, 1280.0, 104.0]",0.005754,"['Hit: hitbox 0, hitgroup -1, bone -1, solid 1, surfaceprop concrete, contents 400004c1, shape type: Mesh, face: 92097']",agrees at checked point only,"Independent point diagnostic; no unseen surface, portal edge or rendered-offset bound"
UPPER_CHAMBER,PLAN_SECTION_UPPER_CHAMBER_001,PLAN_SECTION_CHECKS_UPPER_CHAMBER_001,84.375,"[78.75, 90.0]","[-1592.1132375121745, 1280.075643345495, 104]","[-1592.12, 1280.02, 104.0]",0.142374,"['Hit: hitbox 0, hitgroup -1, bone -1, solid 1, surfaceprop concrete, contents 400004c1, shape type: Mesh, face: 92096']",agrees at checked point only,"Independent point diagnostic; no unseen surface, portal edge or rendered-offset bound"
UPPER_CHAMBER,PLAN_SECTION_UPPER_CHAMBER_001,PLAN_SECTION_CHECKS_UPPER_CHAMBER_001,95.625,"[90.0, 101.25]","[-1607.90820336118, 1280.2933361859214, 104]","[-1607.91, 1280.32, 104.0]",0.06788,"['Hit: hitbox 0, hitgroup -1, bone -1, solid 1, surfaceprop concrete, contents 400004c1, shape type: Mesh, face: 92090']",agrees at checked point only,"Independent point diagnostic; no unseen surface, portal edge or rendered-offset bound"
UPPER_CHAMBER,PLAN_SECTION_UPPER_CHAMBER_001,PLAN_SECTION_CHECKS_UPPER_CHAMBER_001,106.875,"[101.25, 112.5]","[-1624.4349906438842, 1280.5513689924278, 104]","[-1624.44, 1280.57, 104.0]",0.049003,"['Hit: hitbox 0, hitgroup -1, bone -1, solid 1, surfaceprop concrete, contents 400004c1, shape type: Mesh, face: 92090']",agrees at checked point only,"Independent point diagnostic; no unseen surface, portal edge or rendered-offset bound"
UPPER_CHAMBER,PLAN_SECTION_UPPER_CHAMBER_001,PLAN_SECTION_CHECKS_UPPER_CHAMBER_001,118.125,"[112.5, 123.75]","[-1643.1670425233, 1280.7598562872113, 104]","[-1643.17, 1280.76, 104.0]",0.007521,"['Hit: hitbox 0, hitgroup -1, bone -1, solid 1, surfaceprop concrete, contents 400004c1, shape type: Mesh, face: 92089']",agrees at checked point only,"Independent point diagnostic; no unseen surface, portal edge or rendered-offset bound"
UPPER_CHAMBER,PLAN_SECTION_UPPER_CHAMBER_001,PLAN_SECTION_CHECKS_UPPER_CHAMBER_001,129.375,"[123.75, 135.0]","[-1692.2831862590772, 1312.4473878091776, 104]","[-1770.7, 1408.0, 104.0]",313.970081,"['Hit: hitbox 0, hitgroup -1, bone -1, solid 1, surfaceprop concrete, contents 400004c1, shape type: Mesh, face: 93029']",candidate chord rejected,"Independent point diagnostic; no unseen surface, portal edge or rendered-offset bound"
UPPER_CHAMBER,PLAN_SECTION_UPPER_CHAMBER_001,PLAN_SECTION_CHECKS_UPPER_CHAMBER_001,140.625,"[135.0, 146.25]","[-1757.5700245800952, 1329.3143772432347, 104]","[-1853.45, 1408.0, 104.0]",315.045989,"['Hit: hitbox 0, hitgroup -1, bone -1, solid 1, surfaceprop concrete, contents 400004c1, shape type: Mesh, face: 93019']",candidate chord rejected,"Independent point diagnostic; no unseen surface, portal edge or rendered-offset bound"
UPPER_CHAMBER,PLAN_SECTION_UPPER_CHAMBER_001,PLAN_SECTION_CHECKS_UPPER_CHAMBER_001,151.875,"[146.25, 157.5]","[-1739.8704273893975, 1274.7623010298296, 104]","[-1730.07, 1269.52, 104.0]",28.2306,"['Hit: hitbox 0, hitgroup -1, bone -1, solid 1, surfaceprop concrete, contents 400004c1, shape type: Hull, face: -1']",candidate chord rejected,"Independent point diagnostic; no unseen surface, portal edge or rendered-offset bound"
UPPER_CHAMBER,PLAN_SECTION_UPPER_CHAMBER_001,PLAN_SECTION_CHECKS_UPPER_CHAMBER_001,163.125,"[157.5, 168.75]","[-1827.6088401625068, 1269.0443868230102, 104]","[-2049.11, 1336.23, 104.0]",587.924525,"['Hit: hitbox 0, hitgroup -1, bone -1, solid 1, surfaceprop Wood_Panel, contents 400004c1, shape type: Hull, face: -1']",candidate chord rejected,"Independent point diagnostic; no unseen surface, portal edge or rendered-offset bound"
UPPER_CHAMBER,PLAN_SECTION_UPPER_CHAMBER_001,PLAN_SECTION_CHECKS_UPPER_CHAMBER_001,174.375,"[168.75, 180.0]","[-2117.6318979391635, 1250.9822920504607, 104]","[-2208.0, 1259.88, 104.0]",230.644911,"['Hit: hitbox 0, hitgroup -1, bone -1, solid 1, surfaceprop concrete, contents 400004c1, shape type: Mesh, face: 90634']",candidate chord rejected,"Independent point diagnostic; no unseen surface, portal edge or rendered-offset bound"
UPPER_CHAMBER,PLAN_SECTION_UPPER_CHAMBER_001,PLAN_SECTION_CHECKS_UPPER_CHAMBER_001,185.625,"[180.0, 191.25]","[-2208.3683255614014, 1140.0809498574095, 104]","[-2202.97, 1140.61, 104.0]",13.777437,"['Hit: hitbox 0, hitgroup -1, bone -1, solid 1, surfaceprop concrete, contents 400004c1, shape type: Hull, face: -1']",candidate chord rejected,"Independent point diagnostic; no unseen surface, portal edge or rendered-offset bound"
UPPER_CHAMBER,PLAN_SECTION_UPPER_CHAMBER_001,PLAN_SECTION_CHECKS_UPPER_CHAMBER_001,196.875,"[191.25, 202.5]","[-2073.358925160965, 1056.4081398964852, 104]","[-2180.19, 1024.0, 104.0]",283.56192,"['Hit: hitbox 0, hitgroup -1, bone -1, solid 1, surfaceprop concrete, contents 400004c1, shape type: Mesh, face: 91248']",candidate chord rejected,"Independent point diagnostic; no unseen surface, portal edge or rendered-offset bound"
UPPER_CHAMBER,PLAN_SECTION_UPPER_CHAMBER_001,PLAN_SECTION_CHECKS_UPPER_CHAMBER_001,208.125,"[202.5, 213.75]","[-1915.786164172973, 1031.208778670361, 104]","[-1929.86, 1023.69, 104.0]",40.529112,"['Hit: hitbox 0, hitgroup -1, bone -1, solid 1, surfaceprop concrete, contents 400004c1, shape type: Mesh, face: 91350']",candidate chord rejected,"Independent point diagnostic; no unseen surface, portal edge or rendered-offset bound"
UPPER_CHAMBER,PLAN_SECTION_UPPER_CHAMBER_001,PLAN_SECTION_CHECKS_UPPER_CHAMBER_001,219.375,"[213.75, 225.0]","[-1799.257579483075, 1036.4735306063844, 104]","[-1856.45, 989.54, 104.0]",187.921025,"['Hit: hitbox 0, hitgroup -1, bone -1, solid 1, surfaceprop concrete, contents 400004c1, shape type: Mesh, face: 40258']",candidate chord rejected,"Independent point diagnostic; no unseen surface, portal edge or rendered-offset bound"
UPPER_CHAMBER,PLAN_SECTION_UPPER_CHAMBER_001,PLAN_SECTION_CHECKS_UPPER_CHAMBER_001,230.625,"[225.0, 236.25]","[-1755.958656974649, 1009.9638266304244, 104]","[-1730.03, 1041.55, 104.0]",103.798137,"['Hit: hitbox 0, hitgroup -1, bone -1, solid 1, surfaceprop concrete, contents 400004c1, shape type: Hull, face: -1']",candidate chord rejected,"Independent point diagnostic; no unseen surface, portal edge or rendered-offset bound"
UPPER_CHAMBER,PLAN_SECTION_UPPER_CHAMBER_001,PLAN_SECTION_CHECKS_UPPER_CHAMBER_001,241.875,"[236.25, 247.5]","[-1744.0721832083682, 930.4599034179303, 104]","[-1726.15, 963.99, 104.0]",96.569184,"['Hit: hitbox 0, hitgroup -1, bone -1, solid 1, surfaceprop concrete, contents 400004c1, shape type: Hull, face: -1']",candidate chord rejected,"Independent point diagnostic; no unseen surface, portal edge or rendered-offset bound"
UPPER_CHAMBER,PLAN_SECTION_UPPER_CHAMBER_001,PLAN_SECTION_CHECKS_UPPER_CHAMBER_001,253.125,"[247.5, 258.75]","[-1762.7188153999464, 663.5879533445876, 104]","[-1728.0, 778.04, 104.0]",303.789385,"['Hit: hitbox 0, hitgroup -1, bone -1, solid 1, surfaceprop concrete, contents 400004c1, shape type: Mesh, face: 39966']",candidate chord rejected,"Independent point diagnostic; no unseen surface, portal edge or rendered-offset bound"
UPPER_CHAMBER,PLAN_SECTION_UPPER_CHAMBER_001,PLAN_SECTION_CHECKS_UPPER_CHAMBER_001,264.375,"[258.75, 270.0]","[-1640.6632759265306, 787.1388309995803, 104]","[-1730.8, -128.0, 104.0]",2335.700514,"['Hit: hitbox 0, hitgroup -1, bone -1, solid 1, surfaceprop concrete, contents 400004c1, shape type: Mesh, face: 6045']",candidate chord rejected,"Independent point diagnostic; no unseen surface, portal edge or rendered-offset bound"
UPPER_CHAMBER,PLAN_SECTION_UPPER_CHAMBER_001,PLAN_SECTION_CHECKS_UPPER_CHAMBER_001,275.625,"[270.0, 281.25]","[-1576.5610995180507, 962.0208497085601, 104]","[-1576.75, 963.96, 104.0]",4.948757,"['Hit: hitbox 0, hitgroup -1, bone -1, solid 1, surfaceprop concrete, contents 400004c1, shape type: Hull, face: -1']",candidate chord rejected,"Independent point diagnostic; no unseen surface, portal edge or rendered-offset bound"
UPPER_CHAMBER,PLAN_SECTION_UPPER_CHAMBER_001,PLAN_SECTION_CHECKS_UPPER_CHAMBER_001,286.875,"[281.25, 292.5]","[-1541.8367217203668, 1008.2613675285108, 104]","[-1552.08, 1042.03, 104.0]",89.631604,"['Hit: hitbox 0, hitgroup -1, bone -1, solid 1, surfaceprop concrete, contents 400004c1, shape type: Hull, face: -1']",candidate chord rejected,"Independent point diagnostic; no unseen surface, portal edge or rendered-offset bound"
UPPER_CHAMBER,PLAN_SECTION_UPPER_CHAMBER_001,PLAN_SECTION_CHECKS_UPPER_CHAMBER_001,298.125,"[292.5, 303.75]","[-1511.2482864009266, 1033.957222535315, 104]","[-1505.93, 1024.0, 104.0]",28.672815,"['Hit: hitbox 0, hitgroup -1, bone -1, solid 1, surfaceprop concrete, contents 400004c1, shape type: Mesh, face: 91727']",candidate chord rejected,"Independent point diagnostic; no unseen surface, portal edge or rendered-offset bound"
UPPER_CHAMBER,PLAN_SECTION_UPPER_CHAMBER_001,PLAN_SECTION_CHECKS_UPPER_CHAMBER_001,309.375,"[303.75, 315.0]","[-1455.5605328141557, 1024.0, 104]","[-1455.56, 1024.0, 104.0]",0.001353,"['Hit: hitbox 0, hitgroup -1, bone -1, solid 1, surfaceprop concrete, contents 400004c1, shape type: Mesh, face: 91735']",agrees at checked point only,"Independent point diagnostic; no unseen surface, portal edge or rendered-offset bound"
UPPER_CHAMBER,PLAN_SECTION_UPPER_CHAMBER_001,PLAN_SECTION_CHECKS_UPPER_CHAMBER_001,320.625,"[315.0, 326.25]","[-1385.543379496516, 1024.0, 104]","[-1385.55, 1024.0, 104.0]",0.016816,"['Hit: hitbox 0, hitgroup -1, bone -1, solid 1, surfaceprop concrete, contents 400004c1, shape type: Mesh, face: 99050']",agrees at checked point only,"Independent point diagnostic; no unseen surface, portal edge or rendered-offset bound"
UPPER_CHAMBER,PLAN_SECTION_UPPER_CHAMBER_001,PLAN_SECTION_CHECKS_UPPER_CHAMBER_001,331.875,"[326.25, 337.5]","[-1273.758578829757, 1025.6203273760925, 104]","[-1304.64, 1042.12, 104.0]",88.932701,"['Hit: hitbox 0, hitgroup -1, bone -1, solid 1, surfaceprop concrete, contents 400004c1, shape type: Hull, face: -1']",candidate chord rejected,"Independent point diagnostic; no unseen surface, portal edge or rendered-offset bound"
UPPER_CHAMBER,PLAN_SECTION_UPPER_CHAMBER_001,PLAN_SECTION_CHECKS_UPPER_CHAMBER_001,343.125,"[337.5, 348.75]","[-1132.1854588038102, 1058.0900103848453, 104]","[-1116.37, 1053.29, 104.0]",41.980663,"['Hit: hitbox 0, hitgroup -1, bone -1, solid 1, surfaceprop concrete, contents 400004c1, shape type: Mesh, face: 99266']",candidate chord rejected,"Independent point diagnostic; no unseen surface, portal edge or rendered-offset bound"
UPPER_CHAMBER,PLAN_SECTION_UPPER_CHAMBER_001,PLAN_SECTION_CHECKS_UPPER_CHAMBER_001,354.375,"[348.75, 0.0]","[-1152.3811300707832, 1155.9133893315236, 104]","[-1039.13, 1144.76, 104.0]",289.049506,"['Hit: hitbox 0, hitgroup -1, bone -1, solid 1, surfaceprop concrete, contents 400004c1, shape type: Mesh, face: 99308']",candidate chord rejected,"Independent point diagnostic; no unseen surface, portal edge or rendered-offset bound"
