profile,from_id,to_id,horizontal_sample_interval_cm,rise_cm,limits
PIT,PIT_CENTER_X1400_Y180_001,PIT_CENTER_X1400_Y200_001,50.7746,3.7338,"Discrete sample pair; no full ramp transition, constant slope, side width or rendered offset acceptance"
PIT,PIT_CENTER_X1400_Y200_001,PIT_CENTER_X1400_Y220_001,50.8254,6.604,"Discrete sample pair; no full ramp transition, constant slope, side width or rendered offset acceptance"
PIT,PIT_CENTER_X1400_Y220_001,PIT_CENTER_X1400_Y250_001,76.2,11.303,"Discrete sample pair; no full ramp transition, constant slope, side width or rendered offset acceptance"
PIT,PIT_CENTER_X1400_Y250_001,PIT_CENTER_X1400_Y280_001,76.2,12.4714,"Discrete sample pair; no full ramp transition, constant slope, side width or rendered offset acceptance"
PIT,PIT_CENTER_X1400_Y280_001,PIT_CENTER_X1400_Y300_001,50.7746,7.4676,"Discrete sample pair; no full ramp transition, constant slope, side width or rendered offset acceptance"
PIT,PIT_CENTER_X1400_Y300_001,PIT_CENTER_X1400_Y320_001,50.8254,7.4676,"Discrete sample pair; no full ramp transition, constant slope, side width or rendered offset acceptance"
PIT,PIT_CENTER_X1400_Y320_001,PIT_CENTER_X1400_Y350_001,76.2,20.828,"Discrete sample pair; no full ramp transition, constant slope, side width or rendered offset acceptance"
PIT,PIT_CENTER_X1400_Y350_001,PIT_CENTER_X1400_Y400_001,127.0,37.5412,"Discrete sample pair; no full ramp transition, constant slope, side width or rendered offset acceptance"
PIT,PIT_CENTER_X1400_Y400_001,PIT_CENTER_X1400_Y450_001,127.0,44.6786,"Discrete sample pair; no full ramp transition, constant slope, side width or rendered offset acceptance"
PIT,PIT_CENTER_X1400_Y450_001,PIT_CENTER_X1400_Y500_001,126.9746,46.482,"Discrete sample pair; no full ramp transition, constant slope, side width or rendered offset acceptance"
PIT,PIT_CENTER_X1400_Y500_001,PIT_CENTER_X1400_Y550_001,127.0508,45.5168,"Discrete sample pair; no full ramp transition, constant slope, side width or rendered offset acceptance"
PIT,PIT_CENTER_X1400_Y550_001,PIT_CENTER_X1400_Y600_001,126.9746,46.1518,"Discrete sample pair; no full ramp transition, constant slope, side width or rendered offset acceptance"
PIT,PIT_CENTER_X1400_Y600_001,PIT_CENTER_X1400_Y650_001,127.0,45.466,"Discrete sample pair; no full ramp transition, constant slope, side width or rendered offset acceptance"
PIT,PIT_CENTER_X1400_Y650_001,PIT_CENTER_X1400_Y700_001,127.0,43.8404,"Discrete sample pair; no full ramp transition, constant slope, side width or rendered offset acceptance"
PIT,PIT_CENTER_X1400_Y700_001,PIT_CENTER_X1400_Y750_001,127.0,37.084,"Discrete sample pair; no full ramp transition, constant slope, side width or rendered offset acceptance"
PIT,PIT_CENTER_X1400_Y750_001,PIT_CENTER_X1400_Y800_001,126.9746,20.6248,"Discrete sample pair; no full ramp transition, constant slope, side width or rendered offset acceptance"
PIT,PIT_CENTER_X1400_Y800_001,PIT_CENTER_X1400_Y850_001,127.0254,6.477,"Discrete sample pair; no full ramp transition, constant slope, side width or rendered offset acceptance"
PIT,PIT_CENTER_X1400_Y850_001,PIT_CENTER_X1400_Y900_001,127.0,4.1148,"Discrete sample pair; no full ramp transition, constant slope, side width or rendered offset acceptance"
PIT,PIT_CENTER_X1400_Y900_001,PIT_CENTER_X1400_Y950_001,126.9746,3.7084,"Discrete sample pair; no full ramp transition, constant slope, side width or rendered offset acceptance"
LONG_A,LONG_A_CENTER_X1400_Y950_001,LONG_A_CENTER_X1400_Y1100_001,381.0,-1.4224,"Discrete sample pair; no full ramp transition, constant slope, side width or rendered offset acceptance"
LONG_A,LONG_A_CENTER_X1400_Y1100_001,LONG_A_CENTER_X1400_Y1300_001,508.0,-5.4102,"Discrete sample pair; no full ramp transition, constant slope, side width or rendered offset acceptance"
LONG_A,LONG_A_CENTER_X1400_Y1300_001,LONG_A_CENTER_X1400_Y1500_001,508.0,10.6172,"Discrete sample pair; no full ramp transition, constant slope, side width or rendered offset acceptance"
LONG_A,LONG_A_CENTER_X1400_Y1500_001,LONG_A_CENTER_X1400_Y1700_001,508.0,-2.3114,"Discrete sample pair; no full ramp transition, constant slope, side width or rendered offset acceptance"
LONG_A,LONG_A_CENTER_X1400_Y1700_001,LONG_A_CENTER_X1400_Y1900_001,508.0,-3.2004,"Discrete sample pair; no full ramp transition, constant slope, side width or rendered offset acceptance"
LONG_A,LONG_A_CENTER_X1400_Y1900_001,LONG_A_CENTER_X1400_Y2100_001,508.0254,0.4572,"Discrete sample pair; no full ramp transition, constant slope, side width or rendered offset acceptance"
LONG_A,LONG_A_CENTER_X1400_Y2100_001,LONG_A_CENTER_X1400_Y2200_001,254.0,4.5212,"Discrete sample pair; no full ramp transition, constant slope, side width or rendered offset acceptance"
LONG_A,LONG_A_CENTER_X1400_Y2200_001,LONG_A_CENTER_X1400_Y2250_001,127.0,7.0358,"Discrete sample pair; no full ramp transition, constant slope, side width or rendered offset acceptance"
LONG_A,LONG_A_CENTER_X1400_Y2250_001,LONG_A_CENTER_X1400_Y2300_001,127.0254,18.8722,"Discrete sample pair; no full ramp transition, constant slope, side width or rendered offset acceptance"
LONG_A,LONG_A_CENTER_X1400_Y2300_001,LONG_A_CENTER_X1400_Y2350_001,126.9746,18.9992,"Discrete sample pair; no full ramp transition, constant slope, side width or rendered offset acceptance"
LONG_A,LONG_A_CENTER_X1400_Y2350_001,LONG_A_CENTER_X1400_Y2400_001,127.0254,27.8892,"Discrete sample pair; no full ramp transition, constant slope, side width or rendered offset acceptance"
LONG_A,LONG_A_CENTER_X1400_Y2400_001,LONG_A_CENTER_X1400_Y2450_001,127.0,32.0294,"Discrete sample pair; no full ramp transition, constant slope, side width or rendered offset acceptance"
LONG_A,LONG_A_CENTER_X1400_Y2450_001,LONG_A_CENTER_X1400_Y2500_001,126.9746,33.782,"Discrete sample pair; no full ramp transition, constant slope, side width or rendered offset acceptance"
LONG_A,LONG_A_CENTER_X1400_Y2500_001,LONG_A_CENTER_X1400_Y2550_001,127.0,30.4546,"Discrete sample pair; no full ramp transition, constant slope, side width or rendered offset acceptance"
LONG_A,LONG_A_CENTER_X1400_Y2550_001,LONG_A_CENTER_X1400_Y2600_001,127.0,29.5402,"Discrete sample pair; no full ramp transition, constant slope, side width or rendered offset acceptance"
LONG_A,LONG_A_CENTER_X1400_Y2600_001,LONG_A_CENTER_X1400_Y2650_001,127.0,29.6418,"Discrete sample pair; no full ramp transition, constant slope, side width or rendered offset acceptance"
LONG_A,LONG_A_CENTER_X1400_Y2650_001,LONG_A_CENTER_X1400_Y2700_001,127.0,28.321,"Discrete sample pair; no full ramp transition, constant slope, side width or rendered offset acceptance"
LONG_A,LONG_A_CENTER_X1400_Y2700_001,LONG_A_CENTER_X1400_Y2750_001,127.0,26.7716,"Discrete sample pair; no full ramp transition, constant slope, side width or rendered offset acceptance"
LONG_A,LONG_A_CENTER_X1400_Y2750_001,LONG_A_CENTER_X1400_Y2800_001,127.0,17.7546,"Discrete sample pair; no full ramp transition, constant slope, side width or rendered offset acceptance"
