id,area,view_direction,source_url_or_id,publisher_or_creator,date_accessed,intended_use,confidence,reuse_note,local_filename,notes
BASELINE_LOCAL,all,metadata,installed:730/build/25640462,Valve,2026-10-01,revision,confirmed,Metadata only; no source media redistributed,,Observed installed manifest and steam.inf; in-session version pending
PLAN_CSDB,all,plan,https://csdb.gg/maps/dust2/,CSDB,2026-10-01,geometry,estimated,Metadata only; no source media redistributed,,Radar inspected; label positions only; source build not pinned; page warns geometry freshness is not guaranteed
PLAN_CALLER,all,plan,https://cs2caller.com/dust2/callouts,CS2 Caller,2026-10-01,geometry,estimated,Metadata only; no source media redistributed,,Radar inspected as topology crosscheck; old descriptive claims require local validation
TOOLS_PROTOCOL,all,metadata,https://github.com/theokyr/CS2RemoteConsole,theokyr,2026-10-01,tooling,confirmed,Metadata only; no source media redistributed,,Implementation specifies tools mode; connection still unverified locally
AREA_PLAN_01,T Spawn,plan,https://csdb.gg/maps/dust2/,CSDB,2026-10-01,geometry,estimated,Metadata only; no source media redistributed,,Plan locator only. Does not satisfy forward/reverse/side/elevation coverage.
AREA_PLAN_02,Outside Long,plan,https://csdb.gg/maps/dust2/,CSDB,2026-10-01,geometry,estimated,Metadata only; no source media redistributed,,Plan locator only. Does not satisfy forward/reverse/side/elevation coverage.
AREA_PLAN_03,Long Doors,plan,https://csdb.gg/maps/dust2/,CSDB,2026-10-01,geometry,estimated,Metadata only; no source media redistributed,,Plan locator only. Does not satisfy forward/reverse/side/elevation coverage.
AREA_PLAN_04,Pit,plan,https://csdb.gg/maps/dust2/,CSDB,2026-10-01,geometry,estimated,Metadata only; no source media redistributed,,Plan locator only. Does not satisfy forward/reverse/side/elevation coverage.
AREA_PLAN_05,Long A,plan,https://csdb.gg/maps/dust2/,CSDB,2026-10-01,geometry,estimated,Metadata only; no source media redistributed,,Plan locator only. Does not satisfy forward/reverse/side/elevation coverage.
AREA_PLAN_06,A Site,plan,https://csdb.gg/maps/dust2/,CSDB,2026-10-01,geometry,estimated,Metadata only; no source media redistributed,,Plan locator only. Does not satisfy forward/reverse/side/elevation coverage.
AREA_PLAN_07,Short / Catwalk,plan,https://csdb.gg/maps/dust2/,CSDB,2026-10-01,geometry,estimated,Metadata only; no source media redistributed,,Plan locator only. Does not satisfy forward/reverse/side/elevation coverage.
AREA_PLAN_08,Top Mid,plan,https://csdb.gg/maps/dust2/,CSDB,2026-10-01,geometry,estimated,Metadata only; no source media redistributed,,Plan locator only. Does not satisfy forward/reverse/side/elevation coverage.
AREA_PLAN_09,Mid,plan,https://csdb.gg/maps/dust2/,CSDB,2026-10-01,geometry,estimated,Metadata only; no source media redistributed,,Plan locator only. Does not satisfy forward/reverse/side/elevation coverage.
AREA_PLAN_10,CT Mid,plan,https://csdb.gg/maps/dust2/,CSDB,2026-10-01,geometry,estimated,Metadata only; no source media redistributed,,Plan locator only. Does not satisfy forward/reverse/side/elevation coverage.
AREA_PLAN_11,CT Spawn,plan,https://csdb.gg/maps/dust2/,CSDB,2026-10-01,geometry,estimated,Metadata only; no source media redistributed,,Plan locator only. Does not satisfy forward/reverse/side/elevation coverage.
AREA_PLAN_12,B Doors,plan,https://csdb.gg/maps/dust2/,CSDB,2026-10-01,geometry,estimated,Metadata only; no source media redistributed,,Plan locator only. Does not satisfy forward/reverse/side/elevation coverage.
AREA_PLAN_13,B Site,plan,https://csdb.gg/maps/dust2/,CSDB,2026-10-01,geometry,estimated,Metadata only; no source media redistributed,,Plan locator only. Does not satisfy forward/reverse/side/elevation coverage.
AREA_PLAN_14,Upper Tunnels,plan,https://csdb.gg/maps/dust2/,CSDB,2026-10-01,geometry,estimated,Metadata only; no source media redistributed,,Plan locator only. Does not satisfy forward/reverse/side/elevation coverage.
AREA_PLAN_15,Lower Tunnels,plan,https://csdb.gg/maps/dust2/,CSDB,2026-10-01,geometry,estimated,Metadata only; no source media redistributed,,Plan locator only. Does not satisfy forward/reverse/side/elevation coverage.
AREA_PLAN_16,connectors/transition spaces,plan,https://csdb.gg/maps/dust2/,CSDB,2026-10-01,geometry,estimated,Metadata only; no source media redistributed,,Plan locator only. Does not satisfy forward/reverse/side/elevation coverage.
