route,id,source_walk_report,x_native,y_native,z_native,x_cm,y_cm,z_cm,sample_chord_chain_cm,walk_origin_z_native,walk_minus_measured_floor_native,confidence,limits
B_DOORS_BOTH,ROUTE_FLOOR_B_DOORS_BOTH_00_001,B_DOORS_B_TO_CT_RECOVERY_002,-1550.0,2200.0,-2.59,-3937.0,5588.0,-6.5786,0,-1.857544,0.732456,confirmed repeated corrected collision-floor point,Native floor supplies Z; walking telemetry selects origin only. Sample chord chain is not walking length or an interpolated floor surface.
B_DOORS_BOTH,ROUTE_FLOOR_B_DOORS_BOTH_01_001,B_DOORS_B_TO_CT_RECOVERY_002,-1449.51,2200.0,-0.06,-3681.7554,5588.0,-0.1524,255.2446,0.051506,0.111506,confirmed repeated corrected collision-floor point,Native floor supplies Z; walking telemetry selects origin only. Sample chord chain is not walking length or an interpolated floor surface.
B_DOORS_BOTH,ROUTE_FLOOR_B_DOORS_BOTH_02_001,B_DOORS_B_TO_CT_RECOVERY_002,-1406.99,2191.42,0.0,-3573.7546,5566.2068,0.0,365.4223,0.177451,0.177451,confirmed repeated corrected collision-floor point,Native floor supplies Z; walking telemetry selects origin only. Sample chord chain is not walking length or an interpolated floor surface.
B_DOORS_BOTH,ROUTE_FLOOR_B_DOORS_BOTH_03_001,B_DOORS_B_TO_CT_RECOVERY_002,-1311.18,2191.2,1.69,-3330.3972,5565.648,4.2926,608.7803,2.338849,0.648849,confirmed repeated corrected collision-floor point,Native floor supplies Z; walking telemetry selects origin only. Sample chord chain is not walking length or an interpolated floor surface.
B_DOORS_BOTH,ROUTE_FLOOR_B_DOORS_BOTH_04_001,B_DOORS_B_TO_CT_RECOVERY_002,-1198.28,2189.33,2.5,-3043.6312,5560.8982,6.35,895.5856,3.590649,1.090649,confirmed repeated corrected collision-floor point,Native floor supplies Z; walking telemetry selects origin only. Sample chord chain is not walking length or an interpolated floor surface.
B_DOORS_BOTH,ROUTE_FLOOR_B_DOORS_BOTH_05_001,B_DOORS_B_TO_CT_RECOVERY_002,-1054.76,2199.65,-26.6,-2679.0904,5587.111,-67.564,1261.0677,-19.460327,7.139673,confirmed repeated corrected collision-floor point,Native floor supplies Z; walking telemetry selects origin only. Sample chord chain is not walking length or an interpolated floor surface.
B_DOORS_BOTH,ROUTE_FLOOR_B_DOORS_BOTH_06_001,B_DOORS_B_TO_CT_RECOVERY_002,-805.16,2248.99,-108.09,-2045.1064,5712.4346,-274.5486,1907.3197,-102.976807,5.113193,confirmed repeated corrected collision-floor point,Native floor supplies Z; walking telemetry selects origin only. Sample chord chain is not walking length or an interpolated floor surface.
B_DOORS_BOTH,ROUTE_FLOOR_B_DOORS_BOTH_07_001,B_DOORS_B_TO_CT_RECOVERY_002,-499.08,2300.15,-115.39,-1267.6632,5842.381,-293.0906,2695.5481,-112.083862,3.306138,confirmed repeated corrected collision-floor point,Native floor supplies Z; walking telemetry selects origin only. Sample chord chain is not walking length or an interpolated floor surface.
SHORT_TOP_SITE_BOTH,ROUTE_FLOOR_SHORT_TOP_SITE_BOTH_00_001,SHORT_TOP_TO_A_SITE_RECOVERY_003,300.0,1800.0,95.51,762.0,4572.0,242.5954,0,96.290352,0.780352,confirmed repeated corrected collision-floor point,Native floor supplies Z; walking telemetry selects origin only. Sample chord chain is not walking length or an interpolated floor surface.
SHORT_TOP_SITE_BOTH,ROUTE_FLOOR_SHORT_TOP_SITE_BOTH_01_001,SHORT_TOP_TO_A_SITE_RECOVERY_003,357.12,1800.0,95.17,907.0848,4572.0,241.7318,145.0848,97.278831,2.108831,confirmed repeated corrected collision-floor point,Native floor supplies Z; walking telemetry selects origin only. Sample chord chain is not walking length or an interpolated floor surface.
SHORT_TOP_SITE_BOTH,ROUTE_FLOOR_SHORT_TOP_SITE_BOTH_02_001,SHORT_TOP_TO_A_SITE_RECOVERY_003,398.74,1994.15,95.75,1012.7996,5065.141,243.205,649.4296,96.03125,0.28125,confirmed repeated corrected collision-floor point,Native floor supplies Z; walking telemetry selects origin only. Sample chord chain is not walking length or an interpolated floor surface.
SHORT_TOP_SITE_BOTH,ROUTE_FLOOR_SHORT_TOP_SITE_BOTH_03_001,SHORT_TOP_TO_A_SITE_RECOVERY_003,499.88,2252.05,96.96,1269.6952,5720.207,246.2784,1353.0679,98.0644,1.1044,confirmed repeated corrected collision-floor point,Native floor supplies Z; walking telemetry selects origin only. Sample chord chain is not walking length or an interpolated floor surface.
SHORT_TOP_SITE_BOTH,ROUTE_FLOOR_SHORT_TOP_SITE_BOTH_04_001,SHORT_TOP_TO_A_SITE_RECOVERY_003,499.97,2475.55,95.69,1269.9238,6287.897,243.0526,1920.7579,95.944725,0.254725,confirmed repeated corrected collision-floor point,Native floor supplies Z; walking telemetry selects origin only. Sample chord chain is not walking length or an interpolated floor surface.
SHORT_TOP_SITE_BOTH,ROUTE_FLOOR_SHORT_TOP_SITE_BOTH_05_001,SHORT_TOP_TO_A_SITE_RECOVERY_003,697.07,2499.64,95.33,1770.5578,6349.0856,242.1382,2425.1173,95.910881,0.580881,confirmed repeated corrected collision-floor point,Native floor supplies Z; walking telemetry selects origin only. Sample chord chain is not walking length or an interpolated floor surface.
SHORT_TOP_SITE_BOTH,ROUTE_FLOOR_SHORT_TOP_SITE_BOTH_06_001,SHORT_TOP_TO_A_SITE_RECOVERY_003,951.43,2500.0,96.23,2416.6322,6350.0,244.4242,3071.1924,96.423454,0.193454,confirmed repeated corrected collision-floor point,Native floor supplies Z; walking telemetry selects origin only. Sample chord chain is not walking length or an interpolated floor surface.
SHORT_TOP_SITE_BOTH,ROUTE_FLOOR_SHORT_TOP_SITE_BOTH_07_001,SHORT_TOP_TO_A_SITE_RECOVERY_003,950.13,2727.23,96.76,2413.3302,6927.1642,245.7704,3648.366,97.41761,0.65761,confirmed repeated corrected collision-floor point,Native floor supplies Z; walking telemetry selects origin only. Sample chord chain is not walking length or an interpolated floor surface.
TOPMID_CATWALK_BOTH,ROUTE_FLOOR_TOPMID_CATWALK_BOTH_00_001,UPPER_MID_TO_CATWALK_RECOVERY_002,-450.0,300.0,-3.87,-1143.0,762.0,-9.8298,0,-2.345581,1.524419,confirmed repeated corrected collision-floor point,Native floor supplies Z; walking telemetry selects origin only. Sample chord chain is not walking length or an interpolated floor surface.
TOPMID_CATWALK_BOTH,ROUTE_FLOOR_TOPMID_CATWALK_BOTH_01_001,UPPER_MID_TO_CATWALK_RECOVERY_002,-137.55,504.88,-0.51,-349.377,1282.3952,-1.2954,949.0251,-0.173767,0.336233,confirmed repeated corrected collision-floor point,Native floor supplies Z; walking telemetry selects origin only. Sample chord chain is not walking length or an interpolated floor surface.
TOPMID_CATWALK_BOTH,ROUTE_FLOOR_TOPMID_CATWALK_BOTH_02_001,UPPER_MID_TO_CATWALK_RECOVERY_002,-149.07,598.9,0.64,-378.6378,1521.206,1.6256,1189.6218,2.031251,1.391251,confirmed repeated corrected collision-floor point,Native floor supplies Z; walking telemetry selects origin only. Sample chord chain is not walking length or an interpolated floor surface.
TOPMID_CATWALK_BOTH,ROUTE_FLOOR_TOPMID_CATWALK_BOTH_03_001,UPPER_MID_TO_CATWALK_RECOVERY_002,-180.01,800.01,1.34,-457.2254,2032.0254,3.4036,1706.4511,1.887029,0.547029,confirmed repeated corrected collision-floor point,Native floor supplies Z; walking telemetry selects origin only. Sample chord chain is not walking length or an interpolated floor surface.
TOPMID_CATWALK_BOTH,ROUTE_FLOOR_TOPMID_CATWALK_BOTH_04_001,UPPER_MID_TO_CATWALK_RECOVERY_002,-179.99,1086.87,0.01,-457.1746,2760.6498,0.0254,2435.0755,0.390381,0.380381,confirmed repeated corrected collision-floor point,Native floor supplies Z; walking telemetry selects origin only. Sample chord chain is not walking length or an interpolated floor surface.
TOPMID_CATWALK_BOTH,ROUTE_FLOOR_TOPMID_CATWALK_BOTH_05_001,UPPER_MID_TO_CATWALK_RECOVERY_002,-180.0,1404.62,-0.4,-457.2,3567.7348,-1.016,3242.1605,-0.246277,0.153723,confirmed repeated corrected collision-floor point,Native floor supplies Z; walking telemetry selects origin only. Sample chord chain is not walking length or an interpolated floor surface.
TOPMID_CATWALK_BOTH,ROUTE_FLOOR_TOPMID_CATWALK_BOTH_06_001,UPPER_MID_TO_CATWALK_RECOVERY_002,249.48,1400.02,-0.14,633.6792,3556.0508,-0.3556,4333.1023,0.093999,0.233999,confirmed repeated corrected collision-floor point,Native floor supplies Z; walking telemetry selects origin only. Sample chord chain is not walking length or an interpolated floor surface.
MID_DOORS_BOTH,ROUTE_FLOOR_MID_DOORS_BOTH_00_001,MID_DOOR_MID_TO_CT_RECOVERY_001,-420.0,1300.0,-122.99,-1066.8,3302.0,-312.3946,0,-121.136902,1.853098,confirmed repeated corrected collision-floor point,Native floor supplies Z; walking telemetry selects origin only. Sample chord chain is not walking length or an interpolated floor surface.
MID_DOORS_BOTH,ROUTE_FLOOR_MID_DOORS_BOTH_01_001,MID_DOOR_MID_TO_CT_RECOVERY_001,-372.12,1496.03,-126.3,-945.1848,3799.9162,-320.802,512.5532,-126.089966,0.210034,confirmed repeated corrected collision-floor point,Native floor supplies Z; walking telemetry selects origin only. Sample chord chain is not walking length or an interpolated floor surface.
MID_DOORS_BOTH,ROUTE_FLOOR_MID_DOORS_BOTH_02_001,MID_DOOR_MID_TO_CT_RECOVERY_001,-370.12,1585.26,-126.91,-940.1048,4026.5604,-322.3514,739.2543,-126.697388,0.212612,confirmed repeated corrected collision-floor point,Native floor supplies Z; walking telemetry selects origin only. Sample chord chain is not walking length or an interpolated floor surface.
MID_DOORS_BOTH,ROUTE_FLOOR_MID_DOORS_BOTH_03_001,MID_DOOR_MID_TO_CT_RECOVERY_001,-445.31,1633.39,-126.21,-1131.0874,4148.8106,-320.5734,966.0129,-125.735474,0.474526,confirmed repeated corrected collision-floor point,Native floor supplies Z; walking telemetry selects origin only. Sample chord chain is not walking length or an interpolated floor surface.
MID_DOORS_BOTH,ROUTE_FLOOR_MID_DOORS_BOTH_04_001,MID_DOOR_MID_TO_CT_RECOVERY_001,-420.81,1746.27,-127.69,-1068.8574,4435.5258,-324.3326,1259.4038,-126.913696,0.776304,confirmed repeated corrected collision-floor point,Native floor supplies Z; walking telemetry selects origin only. Sample chord chain is not walking length or an interpolated floor surface.
MID_DOORS_BOTH,ROUTE_FLOOR_MID_DOORS_BOTH_05_001,MID_DOOR_MID_TO_CT_RECOVERY_001,-499.88,1899.73,-123.37,-1269.6952,4825.3142,-313.3598,1697.8907,-122.044434,1.325566,confirmed repeated corrected collision-floor point,Native floor supplies Z; walking telemetry selects origin only. Sample chord chain is not walking length or an interpolated floor surface.
MID_DOORS_BOTH,ROUTE_FLOOR_MID_DOORS_BOTH_06_001,MID_DOOR_MID_TO_CT_RECOVERY_001,-499.97,2133.22,-125.7,-1269.9238,5418.3788,-319.278,2290.9554,-124.219788,1.480212,confirmed repeated corrected collision-floor point,Native floor supplies Z; walking telemetry selects origin only. Sample chord chain is not walking length or an interpolated floor surface.
MID_DOORS_BOTH,ROUTE_FLOOR_MID_DOORS_BOTH_07_001,MID_DOOR_MID_TO_CT_RECOVERY_001,-500.01,2304.6,-114.95,-1270.0254,5853.684,-291.973,2726.2606,-111.235779,3.714221,confirmed repeated corrected collision-floor point,Native floor supplies Z; walking telemetry selects origin only. Sample chord chain is not walking length or an interpolated floor surface.
TOPMID_MID_BOTH,ROUTE_FLOOR_TOPMID_MID_BOTH_00_001,TOPMID_TO_MID_RECOVERY_001,-450.0,300.0,-3.87,-1143.0,762.0,-9.8298,0,-2.345581,1.524419,confirmed repeated corrected collision-floor point,Native floor supplies Z; walking telemetry selects origin only. Sample chord chain is not walking length or an interpolated floor surface.
TOPMID_MID_BOTH,ROUTE_FLOOR_TOPMID_MID_BOTH_01_001,TOPMID_TO_MID_RECOVERY_001,-450.0,505.99,-2.71,-1143.0,1285.2146,-6.8834,523.2146,-1.863586,0.846414,confirmed repeated corrected collision-floor point,Native floor supplies Z; walking telemetry selects origin only. Sample chord chain is not walking length or an interpolated floor surface.
TOPMID_MID_BOTH,ROUTE_FLOOR_TOPMID_MID_BOTH_02_001,TOPMID_TO_MID_RECOVERY_001,-403.63,732.27,-0.0,-1025.2202,1859.9658,-0.0,1109.9096,0.031249,0.031249,confirmed repeated corrected collision-floor point,Native floor supplies Z; walking telemetry selects origin only. Sample chord chain is not walking length or an interpolated floor surface.
TOPMID_MID_BOTH,ROUTE_FLOOR_TOPMID_MID_BOTH_03_001,TOPMID_TO_MID_RECOVERY_001,-400.09,994.13,-56.49,-1016.2286,2525.0902,-143.4846,1775.0948,-52.417725,4.072275,confirmed repeated corrected collision-floor point,Native floor supplies Z; walking telemetry selects origin only. Sample chord chain is not walking length or an interpolated floor surface.
TOPMID_MID_BOTH,ROUTE_FLOOR_TOPMID_MID_BOTH_04_001,TOPMID_TO_MID_RECOVERY_001,-419.03,1285.33,-121.98,-1064.3362,3264.7382,-309.8292,2516.3056,-120.069275,1.910725,confirmed repeated corrected collision-floor point,Native floor supplies Z; walking telemetry selects origin only. Sample chord chain is not walking length or an interpolated floor surface.
CTMID_CTSPAWN_BOTH,ROUTE_FLOOR_CTMID_CTSPAWN_BOTH_00_001,CTMID_TO_CTSPAWN_RECOVERY_002,-500.0,2300.0,-115.43,-1270.0,5842.0,-293.1922,0,-112.120972,3.309028,confirmed repeated corrected collision-floor point,Native floor supplies Z; walking telemetry selects origin only. Sample chord chain is not walking length or an interpolated floor surface.
CTMID_CTSPAWN_BOTH,ROUTE_FLOOR_CTMID_CTSPAWN_BOTH_01_001,CTMID_TO_CTSPAWN_RECOVERY_002,-397.25,2094.5,-129.27,-1009.015,5320.03,-328.3458,583.5802,-128.90033,0.36967,confirmed repeated corrected collision-floor point,Native floor supplies Z; walking telemetry selects origin only. Sample chord chain is not walking length or an interpolated floor surface.
CTMID_CTSPAWN_BOTH,ROUTE_FLOOR_CTMID_CTSPAWN_BOTH_02_001,CTMID_TO_CTSPAWN_RECOVERY_002,-107.91,2099.85,-126.2,-274.0914,5333.619,-320.548,1318.6294,-125.445557,0.754443,confirmed repeated corrected collision-floor point,Native floor supplies Z; walking telemetry selects origin only. Sample chord chain is not walking length or an interpolated floor surface.
CTMID_CTSPAWN_BOTH,ROUTE_FLOOR_CTMID_CTSPAWN_BOTH_03_001,CTMID_TO_CTSPAWN_RECOVERY_002,95.59,2099.99,-123.73,242.7986,5333.9746,-314.2742,1835.5195,-123.480164,0.249836,confirmed repeated corrected collision-floor point,Native floor supplies Z; walking telemetry selects origin only. Sample chord chain is not walking length or an interpolated floor surface.
CTMID_CTSPAWN_BOTH,ROUTE_FLOOR_CTMID_CTSPAWN_BOTH_04_001,CTMID_TO_CTSPAWN_RECOVERY_002,159.85,2369.4,-120.63,406.019,6018.276,-306.4002,2539.0175,-119.891846,0.738154,confirmed repeated corrected collision-floor point,Native floor supplies Z; walking telemetry selects origin only. Sample chord chain is not walking length or an interpolated floor surface.
CTSPAWN_UNDERA_LONG_BOTH,ROUTE_FLOOR_CTSPAWN_UNDERA_LONG_BOTH_00_001,CTSPAWN_TO_LONG_CROSS_RECOVERY_001,160.0,2370.0,-120.64,406.4,6019.8,-306.4256,0,-119.906311,0.733689,confirmed repeated corrected collision-floor point,Native floor supplies Z; walking telemetry selects origin only. Sample chord chain is not walking length or an interpolated floor surface.
CTSPAWN_UNDERA_LONG_BOTH,ROUTE_FLOOR_CTSPAWN_UNDERA_LONG_BOTH_01_001,CTSPAWN_TO_LONG_CROSS_RECOVERY_001,160.0,2152.74,-124.44,406.4,5467.9596,-316.0776,551.8404,-124.205811,0.234189,confirmed repeated corrected collision-floor point,Native floor supplies Z; walking telemetry selects origin only. Sample chord chain is not walking length or an interpolated floor surface.
CTSPAWN_UNDERA_LONG_BOTH,ROUTE_FLOOR_CTSPAWN_UNDERA_LONG_BOTH_02_001,CTSPAWN_TO_LONG_CROSS_RECOVERY_001,390.99,2150.13,-127.69,993.1146,5461.3302,-324.3326,1138.5925,-125.500061,2.189939,confirmed repeated corrected collision-floor point,Native floor supplies Z; walking telemetry selects origin only. Sample chord chain is not walking length or an interpolated floor surface.
CTSPAWN_UNDERA_LONG_BOTH,ROUTE_FLOOR_CTSPAWN_UNDERA_LONG_BOTH_03_001,CTSPAWN_TO_LONG_CROSS_RECOVERY_001,595.78,2150.01,-109.76,1513.2812,5461.0254,-278.7904,1658.7591,-99.773682,9.986318,confirmed repeated corrected collision-floor point,Native floor supplies Z; walking telemetry selects origin only. Sample chord chain is not walking length or an interpolated floor surface.
CTSPAWN_UNDERA_LONG_BOTH,ROUTE_FLOOR_CTSPAWN_UNDERA_LONG_BOTH_04_001,CTSPAWN_TO_LONG_CROSS_RECOVERY_001,885.14,2149.99,-27.6,2248.2556,5460.9746,-70.104,2393.7335,-21.903564,5.696436,confirmed repeated corrected collision-floor point,Native floor supplies Z; walking telemetry selects origin only. Sample chord chain is not walking length or an interpolated floor surface.
CTSPAWN_UNDERA_LONG_BOTH,ROUTE_FLOOR_CTSPAWN_UNDERA_LONG_BOTH_05_001,CTSPAWN_TO_LONG_CROSS_RECOVERY_001,1205.38,2149.99,0.56,3061.6652,5460.9746,1.4224,3207.1431,1.483773,0.923773,confirmed repeated corrected collision-floor point,Native floor supplies Z; walking telemetry selects origin only. Sample chord chain is not walking length or an interpolated floor surface.
CTSPAWN_UNDERA_LONG_BOTH,ROUTE_FLOOR_CTSPAWN_UNDERA_LONG_BOTH_06_001,CTSPAWN_TO_LONG_CROSS_RECOVERY_001,1402.48,2200.64,-7.81,3562.2992,5589.6256,-19.8374,3724.043,-5.986877,1.823123,confirmed repeated corrected collision-floor point,Native floor supplies Z; walking telemetry selects origin only. Sample chord chain is not walking length or an interpolated floor surface.
TSPAWN_OUTSIDE_LONG_BOTH,ROUTE_FLOOR_TSPAWN_OUTSIDE_LONG_BOTH_00_001,TSPAWN_TO_OUTSIDE_LONG_RECOVERY_001,-500.0,-900.0,106.97,-1270.0,-2286.0,271.7038,0,111.149948,4.179948,confirmed repeated corrected collision-floor point,Native floor supplies Z; walking telemetry selects origin only. Sample chord chain is not walking length or an interpolated floor surface.
TSPAWN_OUTSIDE_LONG_BOTH,ROUTE_FLOOR_TSPAWN_OUTSIDE_LONG_BOTH_01_001,TSPAWN_TO_OUTSIDE_LONG_RECOVERY_001,-96.4,-900.0,14.27,-244.856,-2286.0,36.2458,1025.144,18.924736,4.654736,confirmed repeated corrected collision-floor point,Native floor supplies Z; walking telemetry selects origin only. Sample chord chain is not walking length or an interpolated floor surface.
TSPAWN_OUTSIDE_LONG_BOTH,ROUTE_FLOOR_TSPAWN_OUTSIDE_LONG_BOTH_02_001,TSPAWN_TO_OUTSIDE_LONG_RECOVERY_001,294.72,-900.0,-9.91,748.5888,-2286.0,-25.1714,2018.5888,-9.308289,0.601711,confirmed repeated corrected collision-floor point,Native floor supplies Z; walking telemetry selects origin only. Sample chord chain is not walking length or an interpolated floor surface.
TSPAWN_OUTSIDE_LONG_BOTH,ROUTE_FLOOR_TSPAWN_OUTSIDE_LONG_BOTH_03_001,TSPAWN_TO_OUTSIDE_LONG_RECOVERY_001,299.83,-610.51,1.36,761.5682,-1550.6954,3.4544,2754.0079,2.5214,1.1614,confirmed repeated corrected collision-floor point,Native floor supplies Z; walking telemetry selects origin only. Sample chord chain is not walking length or an interpolated floor surface.
TSPAWN_OUTSIDE_LONG_BOTH,ROUTE_FLOOR_TSPAWN_OUTSIDE_LONG_BOTH_04_001,TSPAWN_TO_OUTSIDE_LONG_RECOVERY_001,299.98,-318.64,0.18,761.9492,-809.3456,0.4572,3495.3578,0.765152,0.585152,confirmed repeated corrected collision-floor point,Native floor supplies Z; walking telemetry selects origin only. Sample chord chain is not walking length or an interpolated floor surface.
TSPAWN_OUTSIDE_LONG_BOTH,ROUTE_FLOOR_TSPAWN_OUTSIDE_LONG_BOTH_05_001,TSPAWN_TO_OUTSIDE_LONG_RECOVERY_001,300.0,2.84,-2.08,762.0,7.2136,-5.2832,4311.917,-1.091919,0.988081,confirmed repeated corrected collision-floor point,Native floor supplies Z; walking telemetry selects origin only. Sample chord chain is not walking length or an interpolated floor surface.
TSPAWN_OUTSIDE_TUNNELS_BOTH,ROUTE_FLOOR_TSPAWN_OUTSIDE_TUNNELS_BOTH_00_001,TSPAWN_TO_OUTSIDE_TUNNELS_RECOVERY_003,-500.0,-900.0,106.97,-1270.0,-2286.0,271.7038,0,111.149948,4.179948,confirmed repeated corrected collision-floor point,Native floor supplies Z; walking telemetry selects origin only. Sample chord chain is not walking length or an interpolated floor surface.
TSPAWN_OUTSIDE_TUNNELS_BOTH,ROUTE_FLOOR_TSPAWN_OUTSIDE_TUNNELS_BOTH_01_001,TSPAWN_TO_OUTSIDE_TUNNELS_RECOVERY_003,-1004.1,-899.99,118.85,-2550.414,-2285.9746,301.879,1280.414,119.759842,0.909842,confirmed repeated corrected collision-floor point,Native floor supplies Z; walking telemetry selects origin only. Sample chord chain is not walking length or an interpolated floor surface.
TSPAWN_OUTSIDE_TUNNELS_BOTH,ROUTE_FLOOR_TSPAWN_OUTSIDE_TUNNELS_BOTH_02_001,TSPAWN_TO_OUTSIDE_TUNNELS_RECOVERY_003,-1499.46,-900.0,116.78,-3808.6284,-2286.0,296.6212,2538.6284,117.187386,0.407386,confirmed repeated corrected collision-floor point,Native floor supplies Z; walking telemetry selects origin only. Sample chord chain is not walking length or an interpolated floor surface.
TSPAWN_OUTSIDE_TUNNELS_BOTH,ROUTE_FLOOR_TSPAWN_OUTSIDE_TUNNELS_BOTH_03_001,TSPAWN_TO_OUTSIDE_TUNNELS_RECOVERY_003,-1699.11,-750.68,118.56,-4315.7394,-1906.7272,301.1424,3171.8814,119.662186,1.102186,confirmed repeated corrected collision-floor point,Native floor supplies Z; walking telemetry selects origin only. Sample chord chain is not walking length or an interpolated floor surface.
TSPAWN_OUTSIDE_TUNNELS_BOTH,ROUTE_FLOOR_TSPAWN_OUTSIDE_TUNNELS_BOTH_04_001,TSPAWN_TO_OUTSIDE_TUNNELS_RECOVERY_003,-2048.09,-750.0,118.1,-5202.1486,-1905.0,299.974,4058.2923,119.507919,1.407919,confirmed repeated corrected collision-floor point,Native floor supplies Z; walking telemetry selects origin only. Sample chord chain is not walking length or an interpolated floor surface.
TSPAWN_OUTSIDE_TUNNELS_BOTH,ROUTE_FLOOR_TSPAWN_OUTSIDE_TUNNELS_BOTH_05_001,TSPAWN_TO_OUTSIDE_TUNNELS_RECOVERY_003,-2049.98,-402.26,76.06,-5206.9492,-1021.7404,193.1924,4941.565,81.097244,5.037244,confirmed repeated corrected collision-floor point,Native floor supplies Z; walking telemetry selects origin only. Sample chord chain is not walking length or an interpolated floor surface.
TSPAWN_OUTSIDE_TUNNELS_BOTH,ROUTE_FLOOR_TSPAWN_OUTSIDE_TUNNELS_BOTH_06_001,TSPAWN_TO_OUTSIDE_TUNNELS_RECOVERY_003,-1951.11,-4.46,0.06,-4955.8194,-11.3284,0.1524,5982.7175,3.293145,3.233145,confirmed repeated corrected collision-floor point,Native floor supplies Z; walking telemetry selects origin only. Sample chord chain is not walking length or an interpolated floor surface.
TSPAWN_OUTSIDE_TUNNELS_BOTH,ROUTE_FLOOR_TSPAWN_OUTSIDE_TUNNELS_BOTH_07_001,TSPAWN_TO_OUTSIDE_TUNNELS_RECOVERY_003,-1899.87,401.02,3.57,-4825.6698,1018.5908,9.0678,7020.8276,4.108678,0.538678,confirmed repeated corrected collision-floor point,Native floor supplies Z; walking telemetry selects origin only. Sample chord chain is not walking length or an interpolated floor surface.
TSPAWN_OUTSIDE_TUNNELS_BOTH,ROUTE_FLOOR_TSPAWN_OUTSIDE_TUNNELS_BOTH_08_001,TSPAWN_TO_OUTSIDE_TUNNELS_RECOVERY_003,-1705.45,591.17,31.27,-4331.843,1501.5718,79.4258,7711.5775,31.894161,0.624161,confirmed repeated corrected collision-floor point,Native floor supplies Z; walking telemetry selects origin only. Sample chord chain is not walking length or an interpolated floor surface.
OUTSIDE_UPPER_TUNNELS_BOTH,ROUTE_FLOOR_OUTSIDE_UPPER_TUNNELS_BOTH_00_001,OUTSIDE_TO_UPPER_TUNNELS_RECOVERY_001,-1700.0,600.0,31.07,-4318.0,1524.0,78.9178,0,31.697926,0.627926,confirmed repeated corrected collision-floor point,Native floor supplies Z; walking telemetry selects origin only. Sample chord chain is not walking length or an interpolated floor surface.
OUTSIDE_UPPER_TUNNELS_BOTH,ROUTE_FLOOR_OUTSIDE_UPPER_TUNNELS_BOTH_01_001,OUTSIDE_TO_UPPER_TUNNELS_RECOVERY_001,-1699.98,776.36,31.22,-4317.9492,1971.9544,79.2988,447.9544,32.514961,1.294961,confirmed repeated corrected collision-floor point,Native floor supplies Z; walking telemetry selects origin only. Sample chord chain is not walking length or an interpolated floor surface.
OUTSIDE_UPPER_TUNNELS_BOTH,ROUTE_FLOOR_OUTSIDE_UPPER_TUNNELS_BOTH_02_001,OUTSIDE_TO_UPPER_TUNNELS_RECOVERY_001,-1699.99,997.35,31.0,-4317.9746,2533.269,78.74,1009.269,32.83889,1.83889,confirmed repeated corrected collision-floor point,Native floor supplies Z; walking telemetry selects origin only. Sample chord chain is not walking length or an interpolated floor surface.
OUTSIDE_UPPER_TUNNELS_BOTH,ROUTE_FLOOR_OUTSIDE_UPPER_TUNNELS_BOTH_03_001,OUTSIDE_TO_UPPER_TUNNELS_RECOVERY_001,-1595.21,1104.9,33.08,-4051.8334,2806.446,84.0232,1390.657,34.065224,0.985224,confirmed repeated corrected collision-floor point,Native floor supplies Z; walking telemetry selects origin only. Sample chord chain is not walking length or an interpolated floor surface.
OUTSIDE_UPPER_TUNNELS_BOTH,ROUTE_FLOOR_OUTSIDE_UPPER_TUNNELS_BOTH_04_001,OUTSIDE_TO_UPPER_TUNNELS_RECOVERY_001,-1599.83,1196.52,32.57,-4063.5682,3039.1608,82.7278,1623.6675,33.68309,1.11309,confirmed repeated corrected collision-floor point,Native floor supplies Z; walking telemetry selects origin only. Sample chord chain is not walking length or an interpolated floor surface.
OUTSIDE_UPPER_TUNNELS_BOTH,ROUTE_FLOOR_OUTSIDE_UPPER_TUNNELS_BOTH_05_001,OUTSIDE_TO_UPPER_TUNNELS_RECOVERY_001,-1947.56,1199.98,31.39,-4946.8024,3047.9492,79.7306,2506.9454,31.707685,0.317685,confirmed repeated corrected collision-floor point,Native floor supplies Z; walking telemetry selects origin only. Sample chord chain is not walking length or an interpolated floor surface.
TOPMID_OUTSIDE_LONG_BOTH,ROUTE_FLOOR_TOPMID_OUTSIDE_LONG_BOTH_00_001,TOPMID_TO_OUTSIDE_LONG_RECOVERY_001,-450.0,300.0,-3.87,-1143.0,762.0,-9.8298,0,-2.345581,1.524419,confirmed repeated corrected collision-floor point,Native floor supplies Z; walking telemetry selects origin only. Sample chord chain is not walking length or an interpolated floor surface.
TOPMID_OUTSIDE_LONG_BOTH,ROUTE_FLOOR_TOPMID_OUTSIDE_LONG_BOTH_01_001,TOPMID_TO_OUTSIDE_LONG_RECOVERY_001,-196.75,308.07,2.16,-499.745,782.4978,5.4864,643.5815,2.160105,0.000105,confirmed repeated corrected collision-floor point,Native floor supplies Z; walking telemetry selects origin only. Sample chord chain is not walking length or an interpolated floor surface.
TOPMID_OUTSIDE_LONG_BOTH,ROUTE_FLOOR_TOPMID_OUTSIDE_LONG_BOTH_02_001,TOPMID_TO_OUTSIDE_LONG_RECOVERY_001,35.42,308.04,-0.52,89.9668,782.4216,-1.3208,1233.2933,0.542006,1.062006,confirmed repeated corrected collision-floor point,Native floor supplies Z; walking telemetry selects origin only. Sample chord chain is not walking length or an interpolated floor surface.
TOPMID_OUTSIDE_LONG_BOTH,ROUTE_FLOOR_TOPMID_OUTSIDE_LONG_BOTH_03_001,TOPMID_TO_OUTSIDE_LONG_RECOVERY_001,300.93,299.96,-0.89,764.3622,761.8984,-2.2606,1908.0009,-0.449585,0.440415,confirmed repeated corrected collision-floor point,Native floor supplies Z; walking telemetry selects origin only. Sample chord chain is not walking length or an interpolated floor surface.
TOPMID_OUTSIDE_LONG_BOTH,ROUTE_FLOOR_TOPMID_OUTSIDE_LONG_BOTH_04_001,TOPMID_TO_OUTSIDE_LONG_RECOVERY_001,300.04,8.1,-2.11,762.1016,20.574,-5.3594,2649.3288,-1.117065,0.992935,confirmed repeated corrected collision-floor point,Native floor supplies Z; walking telemetry selects origin only. Sample chord chain is not walking length or an interpolated floor surface.
LONG_CORNER_SIDE_PIT_BOTH,ROUTE_FLOOR_LONG_CORNER_SIDE_PIT_BOTH_00_001,LONG_CORNER_TO_SIDE_PIT_RECOVERY_001,1200.0,950.0,-1.04,3048.0,2413.0,-2.6416,0,-0.338379,0.701621,confirmed repeated corrected collision-floor point,Native floor supplies Z; walking telemetry selects origin only. Sample chord chain is not walking length or an interpolated floor surface.
LONG_CORNER_SIDE_PIT_BOTH,ROUTE_FLOOR_LONG_CORNER_SIDE_PIT_BOTH_01_001,LONG_CORNER_TO_SIDE_PIT_RECOVERY_001,1488.11,950.0,-8.24,3779.7994,2413.0,-20.9296,731.7994,-7.740173,0.499827,confirmed repeated corrected collision-floor point,Native floor supplies Z; walking telemetry selects origin only. Sample chord chain is not walking length or an interpolated floor surface.
LONG_CORNER_SIDE_PIT_BOTH,ROUTE_FLOOR_LONG_CORNER_SIDE_PIT_BOTH_02_001,LONG_CORNER_TO_SIDE_PIT_RECOVERY_001,1696.6,950.0,-6.11,4309.364,2413.0,-15.5194,1261.364,-0.592529,5.517471,confirmed repeated corrected collision-floor point,Native floor supplies Z; walking telemetry selects origin only. Sample chord chain is not walking length or an interpolated floor surface.
LONG_CORNER_SIDE_PIT_BOTH,ROUTE_FLOOR_LONG_CORNER_SIDE_PIT_BOTH_03_001,LONG_CORNER_TO_SIDE_PIT_RECOVERY_001,1699.97,801.14,-9.23,4317.9238,2034.8956,-23.4442,1639.5653,0.438757,9.668757,confirmed repeated corrected collision-floor point,Native floor supplies Z; walking telemetry selects origin only. Sample chord chain is not walking length or an interpolated floor surface.
LONG_CORNER_SIDE_PIT_BOTH,ROUTE_FLOOR_LONG_CORNER_SIDE_PIT_BOTH_04_001,LONG_CORNER_TO_SIDE_PIT_RECOVERY_001,1700.0,651.02,55.95,4318.0,1653.5908,142.113,2020.8701,55.991444,0.041444,confirmed repeated corrected collision-floor point,Native floor supplies Z; walking telemetry selects origin only. Sample chord chain is not walking length or an interpolated floor surface.
LONG_CORNER_SIDE_PIT_BOTH,ROUTE_FLOOR_LONG_CORNER_SIDE_PIT_BOTH_05_001,LONG_CORNER_TO_SIDE_PIT_RECOVERY_001,1699.99,502.18,55.11,4317.9746,1275.5372,139.9794,2398.9237,55.333454,0.223454,confirmed repeated corrected collision-floor point,Native floor supplies Z; walking telemetry selects origin only. Sample chord chain is not walking length or an interpolated floor surface.
SUICIDE_TOPMID_BOTH,ROUTE_FLOOR_SUICIDE_TOPMID_BOTH_00_001,SUICIDE_FLOOR_TO_TOPMID_002,-450.0,-500.0,0.55,-1143.0,-1270.0,1.397,0,0.906593,0.356593,confirmed repeated corrected collision-floor point,Native floor supplies Z; walking telemetry selects origin only. Sample chord chain is not walking length or an interpolated floor surface.
SUICIDE_TOPMID_BOTH,ROUTE_FLOOR_SUICIDE_TOPMID_BOTH_01_001,SUICIDE_FLOOR_TO_TOPMID_002,-399.74,-298.95,0.62,-1015.3396,-759.333,1.5748,526.382,1.213836,0.593836,confirmed repeated corrected collision-floor point,Native floor supplies Z; walking telemetry selects origin only. Sample chord chain is not walking length or an interpolated floor surface.
SUICIDE_TOPMID_BOTH,ROUTE_FLOOR_SUICIDE_TOPMID_BOTH_02_001,SUICIDE_FLOOR_TO_TOPMID_002,-405.08,-97.63,-1.18,-1028.9032,-247.9802,-2.9972,1037.9146,-0.651001,0.528999,confirmed repeated corrected collision-floor point,Native floor supplies Z; walking telemetry selects origin only. Sample chord chain is not walking length or an interpolated floor surface.
SUICIDE_TOPMID_BOTH,ROUTE_FLOOR_SUICIDE_TOPMID_BOTH_03_001,SUICIDE_FLOOR_TO_TOPMID_002,-405.08,108.25,-0.76,-1028.9032,274.955,-1.9304,1560.8498,0.233191,0.993191,confirmed repeated corrected collision-floor point,Native floor supplies Z; walking telemetry selects origin only. Sample chord chain is not walking length or an interpolated floor surface.
SUICIDE_TOPMID_BOTH,ROUTE_FLOOR_SUICIDE_TOPMID_BOTH_04_001,SUICIDE_FLOOR_TO_TOPMID_002,-452.34,310.0,-3.89,-1148.9436,787.4,-9.8806,2087.1668,-2.217407,1.672593,confirmed repeated corrected collision-floor point,Native floor supplies Z; walking telemetry selects origin only. Sample chord chain is not walking length or an interpolated floor surface.
