floor_report,route,axis,lower_report,upper_report,span_at_35_native_cm,span_at_64_native_cm,span_change_cm,low_endpoint_xy_change_cm,high_endpoint_xy_change_cm,lower_low_surface,upper_low_surface,lower_high_surface,upper_high_surface,limits
ROUTE_FLOOR_B_DOORS_BOTH_00_001,B_DOORS_BOTH,Y,ROUTE_BODY35_AXIS_SECTIONS_002,ROUTE_BODY64_AXIS_SECTIONS_003,2182.5712,2638.2726,455.7014,448.9704,6.731,"['Hit: hitbox 0, hitgroup -1, bone -1, solid 1, surfaceprop metalvehicle, contents 400004c1, shape type: Hull, face: -1']","['Hit: hitbox 0, hitgroup -1, bone -1, solid 1, surfaceprop metalpanel, contents 400004c1, shape type: Hull, face: -1']","['Hit: hitbox 0, hitgroup -1, bone -1, solid 1, surfaceprop dirt, contents 400004c1, shape type: Hull, face: -1']","['Hit: hitbox 0, hitgroup -1, bone -1, solid 1, surfaceprop dirt, contents 400004c1, shape type: Hull, face: -1']","Two-height point diagnostic only; shifts may be cover, curve, grade, returns or cross-area first-hit changes. No whole-route minimum, swept body clearance or playerclip-mask acceptance."
ROUTE_FLOOR_B_DOORS_BOTH_01_001,B_DOORS_BOTH,Y,ROUTE_BODY35_AXIS_SECTIONS_002,ROUTE_BODY64_AXIS_SECTIONS_003,1938.5026,1943.2778,4.7752,0.4826,5.2578,"['Hit: hitbox 0, hitgroup -1, bone -1, solid 1, surfaceprop metalpanel, contents 400004c1, shape type: Hull, face: -1']","['Hit: hitbox 0, hitgroup -1, bone -1, solid 1, surfaceprop metalpanel, contents 400004c1, shape type: Hull, face: -1']","['Hit: hitbox 0, hitgroup -1, bone -1, solid 1, surfaceprop metalpanel, contents 400004c1, shape type: Hull, face: -1']","['Hit: hitbox 0, hitgroup -1, bone -1, solid 1, surfaceprop dirt, contents 400004c1, shape type: Hull, face: -1']","Two-height point diagnostic only; shifts may be cover, curve, grade, returns or cross-area first-hit changes. No whole-route minimum, swept body clearance or playerclip-mask acceptance."
ROUTE_FLOOR_B_DOORS_BOTH_02_001,B_DOORS_BOTH,Y,ROUTE_BODY35_AXIS_SECTIONS_002,ROUTE_BODY64_AXIS_SECTIONS_003,1833.5752,1832.5338,-1.0414,0.508,0.5334,"['Hit: hitbox 0, hitgroup -1, bone -1, solid 1, surfaceprop metalpanel, contents 400004c1, shape type: Hull, face: -1']","['Hit: hitbox 0, hitgroup -1, bone -1, solid 1, surfaceprop metalpanel, contents 400004c1, shape type: Hull, face: -1']","['Hit: hitbox 0, hitgroup -1, bone -1, solid 1, surfaceprop metalpanel, contents 400004c1, shape type: Hull, face: -1']","['Hit: hitbox 0, hitgroup -1, bone -1, solid 1, surfaceprop Wood_Plank, contents 400004c1, shape type: Hull, face: -1']","Two-height point diagnostic only; shifts may be cover, curve, grade, returns or cross-area first-hit changes. No whole-route minimum, swept body clearance or playerclip-mask acceptance."
ROUTE_FLOOR_B_DOORS_BOTH_03_001,B_DOORS_BOTH,Y,ROUTE_BODY35_AXIS_SECTIONS_002,ROUTE_BODY64_AXIS_SECTIONS_003,400.685,400.685,0.0,0.0,0.0,"['Hit: hitbox 0, hitgroup -1, bone -1, solid 1, surfaceprop Wood_Dense, contents 400004c1, shape type: Hull, face: -1']","['Hit: hitbox 0, hitgroup -1, bone -1, solid 1, surfaceprop Wood_Dense, contents 400004c1, shape type: Hull, face: -1']","['Hit: hitbox 0, hitgroup -1, bone -1, solid 1, surfaceprop Wood_Dense, contents 400004c1, shape type: Hull, face: -1']","['Hit: hitbox 0, hitgroup -1, bone -1, solid 1, surfaceprop Wood_Dense, contents 400004c1, shape type: Hull, face: -1']","Two-height point diagnostic only; shifts may be cover, curve, grade, returns or cross-area first-hit changes. No whole-route minimum, swept body clearance or playerclip-mask acceptance."
ROUTE_FLOOR_B_DOORS_BOTH_04_001,B_DOORS_BOTH,Y,ROUTE_BODY35_AXIS_SECTIONS_002,ROUTE_BODY64_AXIS_SECTIONS_003,1089.2028,1460.3476,371.1448,0.0,371.1448,"['Hit: hitbox 0, hitgroup -1, bone -1, solid 1, surfaceprop concrete, contents 400004c1, shape type: Mesh, face: 106938']","['Hit: hitbox 0, hitgroup -1, bone -1, solid 1, surfaceprop concrete, contents 400004c1, shape type: Mesh, face: 106937']","['Hit: hitbox 0, hitgroup -1, bone -1, solid 1, surfaceprop gravel, contents 400004c1, shape type: Mesh, face: 109904']","['Hit: hitbox 0, hitgroup -1, bone -1, solid 1, surfaceprop gravel, contents 400004c1, shape type: Mesh, face: 125203']","Two-height point diagnostic only; shifts may be cover, curve, grade, returns or cross-area first-hit changes. No whole-route minimum, swept body clearance or playerclip-mask acceptance."
ROUTE_FLOOR_B_DOORS_BOTH_05_001,B_DOORS_BOTH,Y,ROUTE_BODY35_AXIS_SECTIONS_002,ROUTE_BODY64_AXIS_SECTIONS_003,1177.8742,1420.4442,242.57,0.0,242.57,"['Hit: hitbox 0, hitgroup -1, bone -1, solid 1, surfaceprop concrete, contents 400004c1, shape type: Mesh, face: 107002']","['Hit: hitbox 0, hitgroup -1, bone -1, solid 1, surfaceprop concrete, contents 400004c1, shape type: Mesh, face: 107109']","['Hit: hitbox 0, hitgroup -1, bone -1, solid 1, surfaceprop gravel, contents 400004c1, shape type: Mesh, face: 110066']","['Hit: hitbox 0, hitgroup -1, bone -1, solid 1, surfaceprop gravel, contents 400004c1, shape type: Mesh, face: 110075']","Two-height point diagnostic only; shifts may be cover, curve, grade, returns or cross-area first-hit changes. No whole-route minimum, swept body clearance or playerclip-mask acceptance."
ROUTE_FLOOR_B_DOORS_BOTH_06_001,B_DOORS_BOTH,Y,ROUTE_BODY35_AXIS_SECTIONS_002,ROUTE_BODY64_AXIS_SECTIONS_003,1368.552,1369.7966,1.2446,0.0,1.2446,"['Hit: hitbox 0, hitgroup -1, bone -1, solid 1, surfaceprop concrete, contents 400004c1, shape type: Mesh, face: 110303']","['Hit: hitbox 0, hitgroup -1, bone -1, solid 1, surfaceprop concrete, contents 400004c1, shape type: Mesh, face: 110412']","['Hit: hitbox 0, hitgroup -1, bone -1, solid 1, surfaceprop metalpanel, contents 400004c1, shape type: Hull, face: -1']","['Hit: hitbox 0, hitgroup -1, bone -1, solid 1, surfaceprop metalpanel, contents 400004c1, shape type: Hull, face: -1']","Two-height point diagnostic only; shifts may be cover, curve, grade, returns or cross-area first-hit changes. No whole-route minimum, swept body clearance or playerclip-mask acceptance."
ROUTE_FLOOR_B_DOORS_BOTH_07_001,B_DOORS_BOTH,Y,ROUTE_BODY35_AXIS_SECTIONS_002,ROUTE_BODY64_AXIS_SECTIONS_003,2497.8868,2124.075,-373.8118,0.0,373.8118,"['Hit: hitbox 0, hitgroup -1, bone -1, solid 1, surfaceprop Wood_Dense, contents 400004c1, shape type: Hull, face: -1']","['Hit: hitbox 0, hitgroup -1, bone -1, solid 1, surfaceprop Wood_Dense, contents 400004c1, shape type: Hull, face: -1']","['Hit: hitbox 0, hitgroup -1, bone -1, solid 1, surfaceprop gravel, contents 400004c1, shape type: Mesh, face: 126631']","['Hit: hitbox 0, hitgroup -1, bone -1, solid 1, surfaceprop metalvehicle, contents 400004c1, shape type: Hull, face: -1']","Two-height point diagnostic only; shifts may be cover, curve, grade, returns or cross-area first-hit changes. No whole-route minimum, swept body clearance or playerclip-mask acceptance."
ROUTE_FLOOR_SHORT_TOP_SITE_BOTH_00_001,SHORT_TOP_SITE_BOTH,Y,ROUTE_BODY35_AXIS_SECTIONS_002,ROUTE_BODY64_AXIS_SECTIONS_003,3451.7838,3657.6,205.8162,0.0,205.8162,"['Hit: hitbox 0, hitgroup -1, bone -1, solid 1, surfaceprop concrete, contents 400004c1, shape type: Mesh, face: 131468']","['Hit: hitbox 0, hitgroup -1, bone -1, solid 1, surfaceprop concrete, contents 400004c1, shape type: Mesh, face: 131465']","['Hit: hitbox 0, hitgroup -1, bone -1, solid 1, surfaceprop Wood_Basket, contents 400004c1, shape type: Hull, face: -1']","['Hit: hitbox 0, hitgroup -1, bone -1, solid 1, surfaceprop concrete, contents 400004c1, shape type: Mesh, face: 158079']","Two-height point diagnostic only; shifts may be cover, curve, grade, returns or cross-area first-hit changes. No whole-route minimum, swept body clearance or playerclip-mask acceptance."
ROUTE_FLOOR_SHORT_TOP_SITE_BOTH_01_001,SHORT_TOP_SITE_BOTH,X,ROUTE_BODY35_AXIS_SECTIONS_002,ROUTE_BODY64_AXIS_SECTIONS_003,670.56,670.56,0.0,0.0,0.0,"['Hit: hitbox 0, hitgroup -1, bone -1, solid 1, surfaceprop concrete, contents 400004c1, shape type: Mesh, face: 134277']","['Hit: hitbox 0, hitgroup -1, bone -1, solid 1, surfaceprop concrete, contents 400004c1, shape type: Mesh, face: 134280']","['Hit: hitbox 0, hitgroup -1, bone -1, solid 1, surfaceprop concrete, contents 400004c1, shape type: Mesh, face: 137199']","['Hit: hitbox 0, hitgroup -1, bone -1, solid 1, surfaceprop concrete, contents 400004c1, shape type: Mesh, face: 137199']","Two-height point diagnostic only; shifts may be cover, curve, grade, returns or cross-area first-hit changes. No whole-route minimum, swept body clearance or playerclip-mask acceptance."
ROUTE_FLOOR_SHORT_TOP_SITE_BOTH_02_001,SHORT_TOP_SITE_BOTH,X,ROUTE_BODY35_AXIS_SECTIONS_002,ROUTE_BODY64_AXIS_SECTIONS_003,355.7778,567.8932,212.1154,1.0922,211.0232,"['Hit: hitbox 0, hitgroup -1, bone -1, solid 1, surfaceprop concrete, contents 400004c1, shape type: Hull, face: -1']","['Hit: hitbox 0, hitgroup -1, bone -1, solid 1, surfaceprop concrete, contents 400004c1, shape type: Hull, face: -1']","['Hit: hitbox 0, hitgroup -1, bone -1, solid 1, surfaceprop Wood_Panel, contents 400004c1, shape type: Hull, face: -1']","['Hit: hitbox 0, hitgroup -1, bone -1, solid 1, surfaceprop concrete, contents 400004c1, shape type: Mesh, face: 159184']","Two-height point diagnostic only; shifts may be cover, curve, grade, returns or cross-area first-hit changes. No whole-route minimum, swept body clearance or playerclip-mask acceptance."
ROUTE_FLOOR_SHORT_TOP_SITE_BOTH_03_001,SHORT_TOP_SITE_BOTH,X,ROUTE_BODY35_AXIS_SECTIONS_002,ROUTE_BODY64_AXIS_SECTIONS_003,3907.3328,5336.54,1429.2072,0.0,1429.2072,"['Hit: hitbox 0, hitgroup -1, bone -1, solid 1, surfaceprop concrete, contents 400004c1, shape type: Mesh, face: 157577']","['Hit: hitbox 0, hitgroup -1, bone -1, solid 1, surfaceprop concrete, contents 400004c1, shape type: Mesh, face: 157578']","['Hit: hitbox 0, hitgroup -1, bone -1, solid 1, surfaceprop concrete, contents 400004c1, shape type: Mesh, face: 166738']","['Hit: hitbox 0, hitgroup -1, bone -1, solid 1, surfaceprop concrete, contents 400004c1, shape type: Mesh, face: 167213']","Two-height point diagnostic only; shifts may be cover, curve, grade, returns or cross-area first-hit changes. No whole-route minimum, swept body clearance or playerclip-mask acceptance."
ROUTE_FLOOR_SHORT_TOP_SITE_BOTH_04_001,SHORT_TOP_SITE_BOTH,X,ROUTE_BODY35_AXIS_SECTIONS_002,ROUTE_BODY64_AXIS_SECTIONS_003,1905.127,1903.2474,-1.8796,0.0,1.8796,"['Hit: hitbox 0, hitgroup -1, bone -1, solid 1, surfaceprop concrete, contents 400004c1, shape type: Mesh, face: 157837']","['Hit: hitbox 0, hitgroup -1, bone -1, solid 1, surfaceprop concrete, contents 400004c1, shape type: Mesh, face: 157839']","['Hit: hitbox 0, hitgroup -1, bone -1, solid 1, surfaceprop Wood_Panel, contents 400004c1, shape type: Hull, face: -1']","['Hit: hitbox 0, hitgroup -1, bone -1, solid 1, surfaceprop Wood_Panel, contents 400004c1, shape type: Hull, face: -1']","Two-height point diagnostic only; shifts may be cover, curve, grade, returns or cross-area first-hit changes. No whole-route minimum, swept body clearance or playerclip-mask acceptance."
ROUTE_FLOOR_SHORT_TOP_SITE_BOTH_05_001,SHORT_TOP_SITE_BOTH,Y,ROUTE_BODY35_AXIS_SECTIONS_002,ROUTE_BODY64_AXIS_SECTIONS_003,1774.2916,1774.3932,0.1016,0.1016,0.0,"['Hit: hitbox 0, hitgroup -1, bone -1, solid 1, surfaceprop concrete, contents 400004c1, shape type: Mesh, face: 159680']","['Hit: hitbox 0, hitgroup -1, bone -1, solid 1, surfaceprop concrete, contents 400004c1, shape type: Mesh, face: 159680']","['Hit: hitbox 0, hitgroup -1, bone -1, solid 1, surfaceprop Wood_Panel, contents 400004c1, shape type: Hull, face: -1']","['Hit: hitbox 0, hitgroup -1, bone -1, solid 1, surfaceprop Wood_Panel, contents 400004c1, shape type: Hull, face: -1']","Two-height point diagnostic only; shifts may be cover, curve, grade, returns or cross-area first-hit changes. No whole-route minimum, swept body clearance or playerclip-mask acceptance."
ROUTE_FLOOR_SHORT_TOP_SITE_BOTH_06_001,SHORT_TOP_SITE_BOTH,Y,ROUTE_BODY35_AXIS_SECTIONS_002,ROUTE_BODY64_AXIS_SECTIONS_003,1950.72,1950.72,0.0,0.0,0.0,"['Hit: hitbox 0, hitgroup -1, bone -1, solid 1, surfaceprop concrete, contents 400004c1, shape type: Mesh, face: 161260']","['Hit: hitbox 0, hitgroup -1, bone -1, solid 1, surfaceprop concrete, contents 400004c1, shape type: Mesh, face: 161265']","['Hit: hitbox 0, hitgroup -1, bone -1, solid 1, surfaceprop concrete, contents 400004c1, shape type: Mesh, face: 162980']","['Hit: hitbox 0, hitgroup -1, bone -1, solid 1, surfaceprop concrete, contents 400004c1, shape type: Mesh, face: 162977']","Two-height point diagnostic only; shifts may be cover, curve, grade, returns or cross-area first-hit changes. No whole-route minimum, swept body clearance or playerclip-mask acceptance."
ROUTE_FLOOR_SHORT_TOP_SITE_BOTH_07_001,SHORT_TOP_SITE_BOTH,X,ROUTE_BODY35_AXIS_SECTIONS_002,ROUTE_BODY64_AXIS_SECTIONS_003,1922.8054,2278.4562,355.6508,355.6508,0.0,"['Hit: hitbox 0, hitgroup -1, bone -1, solid 1, surfaceprop sand, contents 400004c1, shape type: Hull, face: -1']","['Hit: hitbox 0, hitgroup -1, bone -1, solid 1, surfaceprop Wood_Panel, contents 400004c1, shape type: Hull, face: -1']","['Hit: hitbox 0, hitgroup -1, bone -1, solid 1, surfaceprop concrete, contents 400004c1, shape type: Mesh, face: 164941']","['Hit: hitbox 0, hitgroup -1, bone -1, solid 1, surfaceprop concrete, contents 400004c1, shape type: Mesh, face: 165161']","Two-height point diagnostic only; shifts may be cover, curve, grade, returns or cross-area first-hit changes. No whole-route minimum, swept body clearance or playerclip-mask acceptance."
ROUTE_FLOOR_TOPMID_CATWALK_BOTH_00_001,TOPMID_CATWALK_BOTH,Y,ROUTE_BODY35_AXIS_SECTIONS_002,ROUTE_BODY64_AXIS_SECTIONS_003,4194.81,4256.913,62.103,0.0,62.103,"['Hit: hitbox 0, hitgroup -1, bone -1, solid 1, surfaceprop Wood_Panel, contents 400004c1, shape type: Hull, face: -1']","['Hit: hitbox 0, hitgroup -1, bone -1, solid 1, surfaceprop Wood_Panel, contents 400004c1, shape type: Hull, face: -1']","['Hit: hitbox 0, hitgroup -1, bone -1, solid 1, surfaceprop Wood_Dense, contents 400004c1, shape type: Hull, face: -1']","['Hit: hitbox 0, hitgroup -1, bone -1, solid 1, surfaceprop Wood_Dense, contents 400004c1, shape type: Hull, face: -1']","Two-height point diagnostic only; shifts may be cover, curve, grade, returns or cross-area first-hit changes. No whole-route minimum, swept body clearance or playerclip-mask acceptance."
ROUTE_FLOOR_TOPMID_CATWALK_BOTH_01_001,TOPMID_CATWALK_BOTH,Y,ROUTE_BODY35_AXIS_SECTIONS_002,ROUTE_BODY64_AXIS_SECTIONS_003,3167.5832,3160.903,-6.6802,8.2296,1.5494,"['Hit: hitbox 0, hitgroup -1, bone -1, solid 1, surfaceprop concrete, contents 400004c1, shape type: Mesh, face: 64608']","['Hit: hitbox 0, hitgroup -1, bone -1, solid 1, surfaceprop Wood, contents 400004c1, shape type: Hull, face: -1']","['Hit: hitbox 0, hitgroup -1, bone -1, solid 1, surfaceprop concrete, contents 400004c1, shape type: Hull, face: -1']","['Hit: hitbox 0, hitgroup -1, bone -1, solid 1, surfaceprop concrete, contents 400004c1, shape type: Hull, face: -1']","Two-height point diagnostic only; shifts may be cover, curve, grade, returns or cross-area first-hit changes. No whole-route minimum, swept body clearance or playerclip-mask acceptance."
ROUTE_FLOOR_TOPMID_CATWALK_BOTH_02_001,TOPMID_CATWALK_BOTH,X,ROUTE_BODY35_AXIS_SECTIONS_002,ROUTE_BODY64_AXIS_SECTIONS_003,1328.42,1328.42,0.0,0.0,0.0,"['Hit: hitbox 0, hitgroup -1, bone -1, solid 1, surfaceprop metalpanel, contents 400004c1, shape type: Mesh, face: 48215']","['Hit: hitbox 0, hitgroup -1, bone -1, solid 1, surfaceprop metalpanel, contents 400004c1, shape type: Mesh, face: 48354']","['Hit: hitbox 0, hitgroup -1, bone -1, solid 1, surfaceprop concrete, contents 400004c1, shape type: Mesh, face: 69993']","['Hit: hitbox 0, hitgroup -1, bone -1, solid 1, surfaceprop concrete, contents 400004c1, shape type: Mesh, face: 69994']","Two-height point diagnostic only; shifts may be cover, curve, grade, returns or cross-area first-hit changes. No whole-route minimum, swept body clearance or playerclip-mask acceptance."
ROUTE_FLOOR_TOPMID_CATWALK_BOTH_03_001,TOPMID_CATWALK_BOTH,X,ROUTE_BODY35_AXIS_SECTIONS_002,ROUTE_BODY64_AXIS_SECTIONS_003,975.36,975.36,0.0,0.0,0.0,"['Hit: hitbox 0, hitgroup -1, bone -1, solid 1, surfaceprop concrete, contents 400004c1, shape type: Mesh, face: 50350']","['Hit: hitbox 0, hitgroup -1, bone -1, solid 1, surfaceprop concrete, contents 400004c1, shape type: Mesh, face: 50355']","['Hit: hitbox 0, hitgroup -1, bone -1, solid 1, surfaceprop concrete, contents 400004c1, shape type: Mesh, face: 70865']","['Hit: hitbox 0, hitgroup -1, bone -1, solid 1, surfaceprop concrete, contents 400004c1, shape type: Mesh, face: 70876']","Two-height point diagnostic only; shifts may be cover, curve, grade, returns or cross-area first-hit changes. No whole-route minimum, swept body clearance or playerclip-mask acceptance."
ROUTE_FLOOR_TOPMID_CATWALK_BOTH_04_001,TOPMID_CATWALK_BOTH,X,ROUTE_BODY35_AXIS_SECTIONS_002,ROUTE_BODY64_AXIS_SECTIONS_003,1056.64,1056.64,0.0,0.0,0.0,"['Hit: hitbox 0, hitgroup -1, bone -1, solid 1, surfaceprop concrete, contents 400004c1, shape type: Mesh, face: 101614']","['Hit: hitbox 0, hitgroup -1, bone -1, solid 1, surfaceprop concrete, contents 400004c1, shape type: Mesh, face: 101629']","['Hit: hitbox 0, hitgroup -1, bone -1, solid 1, surfaceprop concrete, contents 400004c1, shape type: Mesh, face: 103277']","['Hit: hitbox 0, hitgroup -1, bone -1, solid 1, surfaceprop concrete, contents 400004c1, shape type: Mesh, face: 103301']","Two-height point diagnostic only; shifts may be cover, curve, grade, returns or cross-area first-hit changes. No whole-route minimum, swept body clearance or playerclip-mask acceptance."
ROUTE_FLOOR_TOPMID_CATWALK_BOTH_05_001,TOPMID_CATWALK_BOTH,Y,ROUTE_BODY35_AXIS_SECTIONS_002,ROUTE_BODY64_AXIS_SECTIONS_003,3169.1834,3169.92,0.7366,0.0,0.7366,"['Hit: hitbox 0, hitgroup -1, bone -1, solid 1, surfaceprop concrete, contents 400004c1, shape type: Mesh, face: 63860']","['Hit: hitbox 0, hitgroup -1, bone -1, solid 1, surfaceprop concrete, contents 400004c1, shape type: Mesh, face: 63972']","['Hit: hitbox 0, hitgroup -1, bone -1, solid 1, surfaceprop concrete, contents 400004c1, shape type: Hull, face: -1']","['Hit: hitbox 0, hitgroup -1, bone -1, solid 1, surfaceprop concrete, contents 400004c1, shape type: Hull, face: -1']","Two-height point diagnostic only; shifts may be cover, curve, grade, returns or cross-area first-hit changes. No whole-route minimum, swept body clearance or playerclip-mask acceptance."
ROUTE_FLOOR_TOPMID_CATWALK_BOTH_06_001,TOPMID_CATWALK_BOTH,Y,ROUTE_BODY35_AXIS_SECTIONS_002,ROUTE_BODY64_AXIS_SECTIONS_003,528.3454,529.463,1.1176,0.0254,1.0922,"['Hit: hitbox 0, hitgroup -1, bone -1, solid 1, surfaceprop concrete, contents 400004c1, shape type: Mesh, face: 129896']","['Hit: hitbox 0, hitgroup -1, bone -1, solid 1, surfaceprop concrete, contents 400004c1, shape type: Mesh, face: 130003']","['Hit: hitbox 0, hitgroup -1, bone -1, solid 1, surfaceprop concrete, contents 400004c1, shape type: Hull, face: -1']","['Hit: hitbox 0, hitgroup -1, bone -1, solid 1, surfaceprop concrete, contents 400004c1, shape type: Hull, face: -1']","Two-height point diagnostic only; shifts may be cover, curve, grade, returns or cross-area first-hit changes. No whole-route minimum, swept body clearance or playerclip-mask acceptance."
ROUTE_FLOOR_MID_DOORS_BOTH_00_001,MID_DOORS_BOTH,X,ROUTE_BODY35_AXIS_SECTIONS_002,ROUTE_BODY64_AXIS_SECTIONS_003,648.335,649.0208,0.6858,0.0,0.6858,"['Hit: hitbox 0, hitgroup -1, bone -1, solid 1, surfaceprop concrete, contents 400004c1, shape type: Mesh, face: 101784']","['Hit: hitbox 0, hitgroup -1, bone -1, solid 1, surfaceprop concrete, contents 400004c1, shape type: Mesh, face: 101795']","['Hit: hitbox 0, hitgroup -1, bone -1, solid 1, surfaceprop concrete, contents 400004c1, shape type: Mesh, face: 103012']","['Hit: hitbox 0, hitgroup -1, bone -1, solid 1, surfaceprop concrete, contents 400004c1, shape type: Mesh, face: 103055']","Two-height point diagnostic only; shifts may be cover, curve, grade, returns or cross-area first-hit changes. No whole-route minimum, swept body clearance or playerclip-mask acceptance."
ROUTE_FLOOR_MID_DOORS_BOTH_01_001,MID_DOORS_BOTH,X,ROUTE_BODY35_AXIS_SECTIONS_002,ROUTE_BODY64_AXIS_SECTIONS_003,635.381,635.6858,0.3048,0.0,0.3048,"['Hit: hitbox 0, hitgroup -1, bone -1, solid 1, surfaceprop concrete, contents 400004c1, shape type: Hull, face: -1']","['Hit: hitbox 0, hitgroup -1, bone -1, solid 1, surfaceprop concrete, contents 400004c1, shape type: Hull, face: -1']","['Hit: hitbox 0, hitgroup -1, bone -1, solid 1, surfaceprop concrete, contents 400004c1, shape type: Mesh, face: 103051']","['Hit: hitbox 0, hitgroup -1, bone -1, solid 1, surfaceprop concrete, contents 400004c1, shape type: Mesh, face: 103056']","Two-height point diagnostic only; shifts may be cover, curve, grade, returns or cross-area first-hit changes. No whole-route minimum, swept body clearance or playerclip-mask acceptance."
ROUTE_FLOOR_MID_DOORS_BOTH_02_001,MID_DOORS_BOTH,X,ROUTE_BODY35_AXIS_SECTIONS_002,ROUTE_BODY64_AXIS_SECTIONS_003,266.8016,267.5636,0.762,0.0,0.762,"['Hit: hitbox 0, hitgroup -1, bone -1, solid 1, surfaceprop Wood_Dense, contents 400004c1, shape type: Hull, face: -1']","['Hit: hitbox 0, hitgroup -1, bone -1, solid 1, surfaceprop Wood_Dense, contents 400004c1, shape type: Hull, face: -1']","['Hit: hitbox 0, hitgroup -1, bone -1, solid 1, surfaceprop concrete, contents 400004c1, shape type: Hull, face: -1']","['Hit: hitbox 0, hitgroup -1, bone -1, solid 1, surfaceprop concrete, contents 400004c1, shape type: Hull, face: -1']","Two-height point diagnostic only; shifts may be cover, curve, grade, returns or cross-area first-hit changes. No whole-route minimum, swept body clearance or playerclip-mask acceptance."
ROUTE_FLOOR_MID_DOORS_BOTH_03_001,MID_DOORS_BOTH,X,ROUTE_BODY35_AXIS_SECTIONS_002,ROUTE_BODY64_AXIS_SECTIONS_003,394.081,394.081,0.0,0.0,0.0,"['Hit: hitbox 0, hitgroup -1, bone -1, solid 1, surfaceprop Wood_Dense, contents 400004c1, shape type: Hull, face: -1']","['Hit: hitbox 0, hitgroup -1, bone -1, solid 1, surfaceprop Wood_Dense, contents 400004c1, shape type: Hull, face: -1']","['Hit: hitbox 0, hitgroup -1, bone -1, solid 1, surfaceprop Wood_Dense, contents 400004c1, shape type: Hull, face: -1']","['Hit: hitbox 0, hitgroup -1, bone -1, solid 1, surfaceprop Wood_Dense, contents 400004c1, shape type: Hull, face: -1']","Two-height point diagnostic only; shifts may be cover, curve, grade, returns or cross-area first-hit changes. No whole-route minimum, swept body clearance or playerclip-mask acceptance."
ROUTE_FLOOR_MID_DOORS_BOTH_04_001,MID_DOORS_BOTH,X,ROUTE_BODY35_AXIS_SECTIONS_002,ROUTE_BODY64_AXIS_SECTIONS_003,840.486,840.9432,0.4572,0.508,0.0508,"['Hit: hitbox 0, hitgroup -1, bone -1, solid 1, surfaceprop concrete, contents 400004c1, shape type: Hull, face: -1']","['Hit: hitbox 0, hitgroup -1, bone -1, solid 1, surfaceprop concrete, contents 400004c1, shape type: Hull, face: -1']","['Hit: hitbox 0, hitgroup -1, bone -1, solid 1, surfaceprop concrete, contents 400004c1, shape type: Mesh, face: 105930']","['Hit: hitbox 0, hitgroup -1, bone -1, solid 1, surfaceprop concrete, contents 400004c1, shape type: Mesh, face: 105946']","Two-height point diagnostic only; shifts may be cover, curve, grade, returns or cross-area first-hit changes. No whole-route minimum, swept body clearance or playerclip-mask acceptance."
ROUTE_FLOOR_MID_DOORS_BOTH_05_001,MID_DOORS_BOTH,X,ROUTE_BODY35_AXIS_SECTIONS_002,ROUTE_BODY64_AXIS_SECTIONS_003,771.1948,771.8298,0.635,0.0,0.635,"['Hit: hitbox 0, hitgroup -1, bone -1, solid 1, surfaceprop concrete, contents 400004c1, shape type: Mesh, face: 111385']","['Hit: hitbox 0, hitgroup -1, bone -1, solid 1, surfaceprop concrete, contents 400004c1, shape type: Mesh, face: 111474']","['Hit: hitbox 0, hitgroup -1, bone -1, solid 1, surfaceprop concrete, contents 400004c1, shape type: Hull, face: -1']","['Hit: hitbox 0, hitgroup -1, bone -1, solid 1, surfaceprop concrete, contents 400004c1, shape type: Hull, face: -1']","Two-height point diagnostic only; shifts may be cover, curve, grade, returns or cross-area first-hit changes. No whole-route minimum, swept body clearance or playerclip-mask acceptance."
ROUTE_FLOOR_MID_DOORS_BOTH_06_001,MID_DOORS_BOTH,X,ROUTE_BODY35_AXIS_SECTIONS_002,ROUTE_BODY64_AXIS_SECTIONS_003,3917.4928,4411.4466,493.9538,218.2368,275.717,"['Hit: hitbox 0, hitgroup -1, bone -1, solid 1, surfaceprop gravel, contents 400004c1, shape type: Mesh, face: 110573']","['Hit: hitbox 0, hitgroup -1, bone -1, solid 1, surfaceprop gravel, contents 400004c1, shape type: Mesh, face: 110509']","['Hit: hitbox 0, hitgroup -1, bone -1, solid 1, surfaceprop sand, contents 400004c1, shape type: Mesh, face: 161737']","['Hit: hitbox 0, hitgroup -1, bone -1, solid 1, surfaceprop sand, contents 400004c1, shape type: Mesh, face: 161805']","Two-height point diagnostic only; shifts may be cover, curve, grade, returns or cross-area first-hit changes. No whole-route minimum, swept body clearance or playerclip-mask acceptance."
ROUTE_FLOOR_MID_DOORS_BOTH_07_001,MID_DOORS_BOTH,X,ROUTE_BODY35_AXIS_SECTIONS_002,ROUTE_BODY64_AXIS_SECTIONS_003,1451.2544,1865.9856,414.7312,258.3434,156.3878,"['Hit: hitbox 0, hitgroup -1, bone -1, solid 1, surfaceprop gravel, contents 400004c1, shape type: Mesh, face: 110729']","['Hit: hitbox 0, hitgroup -1, bone -1, solid 1, surfaceprop gravel, contents 400004c1, shape type: Mesh, face: 110666']","['Hit: hitbox 0, hitgroup -1, bone -1, solid 1, surfaceprop concrete, contents 400004c1, shape type: Hull, face: -1']","['Hit: hitbox 0, hitgroup -1, bone -1, solid 1, surfaceprop Wood_Dense, contents 400004c1, shape type: Hull, face: -1']","Two-height point diagnostic only; shifts may be cover, curve, grade, returns or cross-area first-hit changes. No whole-route minimum, swept body clearance or playerclip-mask acceptance."
ROUTE_FLOOR_TOPMID_MID_BOTH_00_001,TOPMID_MID_BOTH,X,ROUTE_BODY35_AXIS_SECTIONS_002,ROUTE_BODY64_AXIS_SECTIONS_003,3022.8794,3021.6856,-1.1938,0.0,1.1938,"['Hit: hitbox 0, hitgroup -1, bone -1, solid 1, surfaceprop metalpanel, contents 400004c1, shape type: Mesh, face: 48053']","['Hit: hitbox 0, hitgroup -1, bone -1, solid 1, surfaceprop metalpanel, contents 400004c1, shape type: Mesh, face: 48056']","['Hit: hitbox 0, hitgroup -1, bone -1, solid 1, surfaceprop concrete, contents 400004c1, shape type: Hull, face: -1']","['Hit: hitbox 0, hitgroup -1, bone -1, solid 1, surfaceprop concrete, contents 400004c1, shape type: Hull, face: -1']","Two-height point diagnostic only; shifts may be cover, curve, grade, returns or cross-area first-hit changes. No whole-route minimum, swept body clearance or playerclip-mask acceptance."
ROUTE_FLOOR_TOPMID_MID_BOTH_01_001,TOPMID_MID_BOTH,X,ROUTE_BODY35_AXIS_SECTIONS_002,ROUTE_BODY64_AXIS_SECTIONS_003,1678.4574,1678.8384,0.381,0.1778,0.5588,"['Hit: hitbox 0, hitgroup -1, bone -1, solid 1, surfaceprop concrete, contents 400004c1, shape type: Mesh, face: 47826']","['Hit: hitbox 0, hitgroup -1, bone -1, solid 1, surfaceprop concrete, contents 400004c1, shape type: Mesh, face: 47831']","['Hit: hitbox 0, hitgroup -1, bone -1, solid 1, surfaceprop concrete, contents 400004c1, shape type: Mesh, face: 74692']","['Hit: hitbox 0, hitgroup -1, bone -1, solid 1, surfaceprop concrete, contents 400004c1, shape type: Mesh, face: 74693']","Two-height point diagnostic only; shifts may be cover, curve, grade, returns or cross-area first-hit changes. No whole-route minimum, swept body clearance or playerclip-mask acceptance."
ROUTE_FLOOR_TOPMID_MID_BOTH_02_001,TOPMID_MID_BOTH,X,ROUTE_BODY35_AXIS_SECTIONS_002,ROUTE_BODY64_AXIS_SECTIONS_003,975.36,974.217,-1.143,1.143,0.0,"['Hit: hitbox 0, hitgroup -1, bone -1, solid 1, surfaceprop concrete, contents 400004c1, shape type: Mesh, face: 50302']","['Hit: hitbox 0, hitgroup -1, bone -1, solid 1, surfaceprop concrete, contents 400004c1, shape type: Mesh, face: 50310']","['Hit: hitbox 0, hitgroup -1, bone -1, solid 1, surfaceprop concrete, contents 400004c1, shape type: Mesh, face: 70211']","['Hit: hitbox 0, hitgroup -1, bone -1, solid 1, surfaceprop concrete, contents 400004c1, shape type: Mesh, face: 70222']","Two-height point diagnostic only; shifts may be cover, curve, grade, returns or cross-area first-hit changes. No whole-route minimum, swept body clearance or playerclip-mask acceptance."
ROUTE_FLOOR_TOPMID_MID_BOTH_03_001,TOPMID_MID_BOTH,X,ROUTE_BODY35_AXIS_SECTIONS_002,ROUTE_BODY64_AXIS_SECTIONS_003,729.0562,734.0346,4.9784,0.0,4.9784,"['Hit: hitbox 0, hitgroup -1, bone -1, solid 1, surfaceprop concrete, contents 400004c1, shape type: Mesh, face: 51152']","['Hit: hitbox 0, hitgroup -1, bone -1, solid 1, surfaceprop concrete, contents 400004c1, shape type: Mesh, face: 51217']","['Hit: hitbox 0, hitgroup -1, bone -1, solid 1, surfaceprop concrete, contents 400004c1, shape type: Mesh, face: 103059']","['Hit: hitbox 0, hitgroup -1, bone -1, solid 1, surfaceprop concrete, contents 400004c1, shape type: Mesh, face: 103070']","Two-height point diagnostic only; shifts may be cover, curve, grade, returns or cross-area first-hit changes. No whole-route minimum, swept body clearance or playerclip-mask acceptance."
ROUTE_FLOOR_TOPMID_MID_BOTH_04_001,TOPMID_MID_BOTH,X,ROUTE_BODY35_AXIS_SECTIONS_002,ROUTE_BODY64_AXIS_SECTIONS_003,648.081,648.6144,0.5334,0.0,0.5334,"['Hit: hitbox 0, hitgroup -1, bone -1, solid 1, surfaceprop concrete, contents 400004c1, shape type: Mesh, face: 101784']","['Hit: hitbox 0, hitgroup -1, bone -1, solid 1, surfaceprop concrete, contents 400004c1, shape type: Mesh, face: 101795']","['Hit: hitbox 0, hitgroup -1, bone -1, solid 1, surfaceprop concrete, contents 400004c1, shape type: Mesh, face: 103010']","['Hit: hitbox 0, hitgroup -1, bone -1, solid 1, surfaceprop concrete, contents 400004c1, shape type: Mesh, face: 103055']","Two-height point diagnostic only; shifts may be cover, curve, grade, returns or cross-area first-hit changes. No whole-route minimum, swept body clearance or playerclip-mask acceptance."
ROUTE_FLOOR_CTMID_CTSPAWN_BOTH_00_001,CTMID_CTSPAWN_BOTH,X,ROUTE_BODY35_AXIS_SECTIONS_002,ROUTE_BODY64_AXIS_SECTIONS_003,1607.566,1865.5284,257.9624,257.9624,0.0,"['Hit: hitbox 0, hitgroup -1, bone -1, solid 1, surfaceprop concrete, contents 400004c1, shape type: Mesh, face: 110720']","['Hit: hitbox 0, hitgroup -1, bone -1, solid 1, surfaceprop concrete, contents 400004c1, shape type: Mesh, face: 110665']","['Hit: hitbox 0, hitgroup -1, bone -1, solid 1, surfaceprop Wood_Dense, contents 400004c1, shape type: Hull, face: -1']","['Hit: hitbox 0, hitgroup -1, bone -1, solid 1, surfaceprop Wood_Dense, contents 400004c1, shape type: Hull, face: -1']","Two-height point diagnostic only; shifts may be cover, curve, grade, returns or cross-area first-hit changes. No whole-route minimum, swept body clearance or playerclip-mask acceptance."
ROUTE_FLOOR_CTMID_CTSPAWN_BOTH_01_001,CTMID_CTSPAWN_BOTH,Y,ROUTE_BODY35_AXIS_SECTIONS_002,ROUTE_BODY64_AXIS_SECTIONS_003,1921.2052,2014.22,93.0148,0.0,93.0148,"['Hit: hitbox 0, hitgroup -1, bone -1, solid 1, surfaceprop Wood_Dense, contents 400004c1, shape type: Hull, face: -1']","['Hit: hitbox 0, hitgroup -1, bone -1, solid 1, surfaceprop Wood_Dense, contents 400004c1, shape type: Hull, face: -1']","['Hit: hitbox 0, hitgroup -1, bone -1, solid 1, surfaceprop gravel, contents 400004c1, shape type: Mesh, face: 111898']","['Hit: hitbox 0, hitgroup -1, bone -1, solid 1, surfaceprop metalvehicle, contents 400004c1, shape type: Hull, face: -1']","Two-height point diagnostic only; shifts may be cover, curve, grade, returns or cross-area first-hit changes. No whole-route minimum, swept body clearance or playerclip-mask acceptance."
ROUTE_FLOOR_CTMID_CTSPAWN_BOTH_02_001,CTMID_CTSPAWN_BOTH,Y,ROUTE_BODY35_AXIS_SECTIONS_002,ROUTE_BODY64_AXIS_SECTIONS_003,452.4502,451.8406,-0.6096,0.6096,0.0,"['Hit: hitbox 0, hitgroup -1, bone -1, solid 1, surfaceprop Wood_Panel, contents 400004c1, shape type: Hull, face: -1']","['Hit: hitbox 0, hitgroup -1, bone -1, solid 1, surfaceprop Wood_Panel, contents 400004c1, shape type: Hull, face: -1']","['Hit: hitbox 0, hitgroup -1, bone -1, solid 1, surfaceprop Wood_Panel, contents 400004c1, shape type: Hull, face: -1']","['Hit: hitbox 0, hitgroup -1, bone -1, solid 1, surfaceprop Wood_Panel, contents 400004c1, shape type: Hull, face: -1']","Two-height point diagnostic only; shifts may be cover, curve, grade, returns or cross-area first-hit changes. No whole-route minimum, swept body clearance or playerclip-mask acceptance."
ROUTE_FLOOR_CTMID_CTSPAWN_BOTH_03_001,CTMID_CTSPAWN_BOTH,X,ROUTE_BODY35_AXIS_SECTIONS_002,ROUTE_BODY64_AXIS_SECTIONS_003,3838.3464,4373.499,535.1526,210.0326,325.12,"['Hit: hitbox 0, hitgroup -1, bone -1, solid 1, surfaceprop gravel, contents 400004c1, shape type: Mesh, face: 110566']","['Hit: hitbox 0, hitgroup -1, bone -1, solid 1, surfaceprop gravel, contents 400004c1, shape type: Mesh, face: 110514']","['Hit: hitbox 0, hitgroup -1, bone -1, solid 1, surfaceprop concrete, contents 400004c1, shape type: Hull, face: -1']","['Hit: hitbox 0, hitgroup -1, bone -1, solid 1, surfaceprop concrete, contents 400004c1, shape type: Hull, face: -1']","Two-height point diagnostic only; shifts may be cover, curve, grade, returns or cross-area first-hit changes. No whole-route minimum, swept body clearance or playerclip-mask acceptance."
ROUTE_FLOOR_CTMID_CTSPAWN_BOTH_04_001,CTMID_CTSPAWN_BOTH,X,ROUTE_BODY35_AXIS_SECTIONS_002,ROUTE_BODY64_AXIS_SECTIONS_003,1166.0632,1194.7652,28.702,38.1762,9.4742,"['Hit: hitbox 0, hitgroup -1, bone -1, solid 1, surfaceprop Wood_Plank, contents 400004c1, shape type: Hull, face: -1']","['Hit: hitbox 0, hitgroup -1, bone -1, solid 1, surfaceprop Wood_Plank, contents 400004c1, shape type: Hull, face: -1']","['Hit: hitbox 0, hitgroup -1, bone -1, solid 1, surfaceprop concrete, contents 400004c1, shape type: Mesh, face: 161591']","['Hit: hitbox 0, hitgroup -1, bone -1, solid 1, surfaceprop concrete, contents 400004c1, shape type: Mesh, face: 161621']","Two-height point diagnostic only; shifts may be cover, curve, grade, returns or cross-area first-hit changes. No whole-route minimum, swept body clearance or playerclip-mask acceptance."
ROUTE_FLOOR_CTSPAWN_UNDERA_LONG_BOTH_00_001,CTSPAWN_UNDERA_LONG_BOTH,X,ROUTE_BODY35_AXIS_SECTIONS_002,ROUTE_BODY64_AXIS_SECTIONS_003,1167.1554,1219.2508,52.0954,61.5696,9.4742,"['Hit: hitbox 0, hitgroup -1, bone -1, solid 1, surfaceprop Wood_Plank, contents 400004c1, shape type: Hull, face: -1']","['Hit: hitbox 0, hitgroup -1, bone -1, solid 1, surfaceprop concrete, contents 400004c1, shape type: Mesh, face: 157481']","['Hit: hitbox 0, hitgroup -1, bone -1, solid 1, surfaceprop concrete, contents 400004c1, shape type: Mesh, face: 161591']","['Hit: hitbox 0, hitgroup -1, bone -1, solid 1, surfaceprop concrete, contents 400004c1, shape type: Mesh, face: 161621']","Two-height point diagnostic only; shifts may be cover, curve, grade, returns or cross-area first-hit changes. No whole-route minimum, swept body clearance or playerclip-mask acceptance."
ROUTE_FLOOR_CTSPAWN_UNDERA_LONG_BOTH_01_001,CTSPAWN_UNDERA_LONG_BOTH,Y,ROUTE_BODY35_AXIS_SECTIONS_002,ROUTE_BODY64_AXIS_SECTIONS_003,1338.7832,1342.8218,4.0386,2.5908,1.4478,"['Hit: hitbox 0, hitgroup -1, bone -1, solid 1, surfaceprop concrete, contents 400004c1, shape type: Mesh, face: 156133']","['Hit: hitbox 0, hitgroup -1, bone -1, solid 1, surfaceprop concrete, contents 400004c1, shape type: Mesh, face: 156134']","['Hit: hitbox 0, hitgroup -1, bone -1, solid 1, surfaceprop concrete, contents 400004c1, shape type: Mesh, face: 157072']","['Hit: hitbox 0, hitgroup -1, bone -1, solid 1, surfaceprop concrete, contents 400004c1, shape type: Mesh, face: 157722']","Two-height point diagnostic only; shifts may be cover, curve, grade, returns or cross-area first-hit changes. No whole-route minimum, swept body clearance or playerclip-mask acceptance."
ROUTE_FLOOR_CTSPAWN_UNDERA_LONG_BOTH_02_001,CTSPAWN_UNDERA_LONG_BOTH,Y,ROUTE_BODY35_AXIS_SECTIONS_002,ROUTE_BODY64_AXIS_SECTIONS_003,1345.7174,1345.7428,0.0254,0.0254,0.0,"['Hit: hitbox 0, hitgroup -1, bone -1, solid 1, surfaceprop concrete, contents 400004c1, shape type: Mesh, face: 156201']","['Hit: hitbox 0, hitgroup -1, bone -1, solid 1, surfaceprop concrete, contents 400004c1, shape type: Mesh, face: 156202']","['Hit: hitbox 0, hitgroup -1, bone -1, solid 1, surfaceprop Wood_Dense, contents 400004c1, shape type: Hull, face: -1']","['Hit: hitbox 0, hitgroup -1, bone -1, solid 1, surfaceprop Wood_Dense, contents 400004c1, shape type: Hull, face: -1']","Two-height point diagnostic only; shifts may be cover, curve, grade, returns or cross-area first-hit changes. No whole-route minimum, swept body clearance or playerclip-mask acceptance."
ROUTE_FLOOR_CTSPAWN_UNDERA_LONG_BOTH_03_001,CTSPAWN_UNDERA_LONG_BOTH,Y,ROUTE_BODY35_AXIS_SECTIONS_002,ROUTE_BODY64_AXIS_SECTIONS_003,621.3856,626.491,5.1054,0.0254,5.08,"['Hit: hitbox 0, hitgroup -1, bone -1, solid 1, surfaceprop concrete, contents 400004c1, shape type: Mesh, face: 159452']","['Hit: hitbox 0, hitgroup -1, bone -1, solid 1, surfaceprop concrete, contents 400004c1, shape type: Mesh, face: 159450']","['Hit: hitbox 0, hitgroup -1, bone -1, solid 1, surfaceprop Wood_Panel, contents 400004c1, shape type: Hull, face: -1']","['Hit: hitbox 0, hitgroup -1, bone -1, solid 1, surfaceprop Wood_Panel, contents 400004c1, shape type: Hull, face: -1']","Two-height point diagnostic only; shifts may be cover, curve, grade, returns or cross-area first-hit changes. No whole-route minimum, swept body clearance or playerclip-mask acceptance."
ROUTE_FLOOR_CTSPAWN_UNDERA_LONG_BOTH_04_001,CTSPAWN_UNDERA_LONG_BOTH,Y,ROUTE_BODY35_AXIS_SECTIONS_002,ROUTE_BODY64_AXIS_SECTIONS_003,894.0546,894.0546,0.0,0.0,0.0,"['Hit: hitbox 0, hitgroup -1, bone -1, solid 1, surfaceprop concrete, contents 400004c1, shape type: Mesh, face: 160568']","['Hit: hitbox 0, hitgroup -1, bone -1, solid 1, surfaceprop concrete, contents 400004c1, shape type: Mesh, face: 160594']","['Hit: hitbox 0, hitgroup -1, bone -1, solid 1, surfaceprop concrete, contents 400004c1, shape type: Mesh, face: 162112']","['Hit: hitbox 0, hitgroup -1, bone -1, solid 1, surfaceprop concrete, contents 400004c1, shape type: Mesh, face: 162116']","Two-height point diagnostic only; shifts may be cover, curve, grade, returns or cross-area first-hit changes. No whole-route minimum, swept body clearance or playerclip-mask acceptance."
ROUTE_FLOOR_CTSPAWN_UNDERA_LONG_BOTH_05_001,CTSPAWN_UNDERA_LONG_BOTH,Y,ROUTE_BODY35_AXIS_SECTIONS_002,ROUTE_BODY64_AXIS_SECTIONS_003,744.1184,744.1184,0.0,0.0,0.0,"['Hit: hitbox 0, hitgroup -1, bone -1, solid 1, surfaceprop concrete, contents 400004c1, shape type: Mesh, face: 161199']","['Hit: hitbox 0, hitgroup -1, bone -1, solid 1, surfaceprop concrete, contents 400004c1, shape type: Mesh, face: 161358']","['Hit: hitbox 0, hitgroup -1, bone -1, solid 1, surfaceprop metalpanel, contents 400004c1, shape type: Hull, face: -1']","['Hit: hitbox 0, hitgroup -1, bone -1, solid 1, surfaceprop metalpanel, contents 400004c1, shape type: Hull, face: -1']","Two-height point diagnostic only; shifts may be cover, curve, grade, returns or cross-area first-hit changes. No whole-route minimum, swept body clearance or playerclip-mask acceptance."
ROUTE_FLOOR_CTSPAWN_UNDERA_LONG_BOTH_06_001,CTSPAWN_UNDERA_LONG_BOTH,Y,ROUTE_BODY35_AXIS_SECTIONS_002,ROUTE_BODY64_AXIS_SECTIONS_003,5349.0622,5636.4886,287.4264,0.0,287.4264,"['Hit: hitbox 0, hitgroup -1, bone -1, solid 1, surfaceprop concrete, contents 400004c1, shape type: Mesh, face: 83035']","['Hit: hitbox 0, hitgroup -1, bone -1, solid 1, surfaceprop concrete, contents 400004c1, shape type: Mesh, face: 83035']","['Hit: hitbox 0, hitgroup -1, bone -1, solid 1, surfaceprop concrete, contents 400004c1, shape type: Mesh, face: 164451']","['Hit: hitbox 0, hitgroup -1, bone -1, solid 1, surfaceprop concrete, contents 400004c1, shape type: Mesh, face: 164488']","Two-height point diagnostic only; shifts may be cover, curve, grade, returns or cross-area first-hit changes. No whole-route minimum, swept body clearance or playerclip-mask acceptance."
ROUTE_FLOOR_TSPAWN_OUTSIDE_LONG_BOTH_00_001,TSPAWN_OUTSIDE_LONG_BOTH,Y,ROUTE_BODY35_AXIS_SECTIONS_002,ROUTE_BODY64_AXIS_SECTIONS_003,1096.7974,1808.48,711.6826,0.0,711.6826,"['Hit: hitbox 0, hitgroup -1, bone -1, solid 1, surfaceprop concrete, contents 400004c1, shape type: Mesh, face: 11057']","['Hit: hitbox 0, hitgroup -1, bone -1, solid 1, surfaceprop concrete, contents 400004c1, shape type: Mesh, face: 11064']","['Hit: hitbox 0, hitgroup -1, bone -1, solid 1, surfaceprop concrete, contents 400004c1, shape type: Mesh, face: 55509']","['Hit: hitbox 0, hitgroup -1, bone -1, solid 1, surfaceprop concrete, contents 400004c1, shape type: Mesh, face: 22796']","Two-height point diagnostic only; shifts may be cover, curve, grade, returns or cross-area first-hit changes. No whole-route minimum, swept body clearance or playerclip-mask acceptance."
ROUTE_FLOOR_TSPAWN_OUTSIDE_LONG_BOTH_01_001,TSPAWN_OUTSIDE_LONG_BOTH,Y,ROUTE_BODY35_AXIS_SECTIONS_002,ROUTE_BODY64_AXIS_SECTIONS_003,1379.1692,1869.0336,489.8644,1.7018,488.1626,"['Hit: hitbox 0, hitgroup -1, bone -1, solid 1, surfaceprop concrete, contents 400004c1, shape type: Mesh, face: 52209']","['Hit: hitbox 0, hitgroup -1, bone -1, solid 1, surfaceprop concrete, contents 400004c1, shape type: Mesh, face: 52216']","['Hit: hitbox 0, hitgroup -1, bone -1, solid 1, surfaceprop concrete, contents 400004c1, shape type: Mesh, face: 55835']","['Hit: hitbox 0, hitgroup -1, bone -1, solid 1, surfaceprop concrete, contents 400004c1, shape type: Mesh, face: 57021']","Two-height point diagnostic only; shifts may be cover, curve, grade, returns or cross-area first-hit changes. No whole-route minimum, swept body clearance or playerclip-mask acceptance."
ROUTE_FLOOR_TSPAWN_OUTSIDE_LONG_BOTH_02_001,TSPAWN_OUTSIDE_LONG_BOTH,Y,ROUTE_BODY35_AXIS_SECTIONS_002,ROUTE_BODY64_AXIS_SECTIONS_003,4249.3438,4238.879,-10.4648,0.0,10.4648,"['Hit: hitbox 0, hitgroup -1, bone -1, solid 1, surfaceprop solidmetal, contents 400004c1, shape type: Hull, face: -1']","['Hit: hitbox 0, hitgroup -1, bone -1, solid 1, surfaceprop solidmetal, contents 400004c1, shape type: Hull, face: -1']","['Hit: hitbox 0, hitgroup -1, bone -1, solid 1, surfaceprop concrete, contents 400004c1, shape type: Mesh, face: 72641']","['Hit: hitbox 0, hitgroup -1, bone -1, solid 1, surfaceprop concrete, contents 400004c1, shape type: Hull, face: -1']","Two-height point diagnostic only; shifts may be cover, curve, grade, returns or cross-area first-hit changes. No whole-route minimum, swept body clearance or playerclip-mask acceptance."
ROUTE_FLOOR_TSPAWN_OUTSIDE_LONG_BOTH_03_001,TSPAWN_OUTSIDE_LONG_BOTH,X,ROUTE_BODY35_AXIS_SECTIONS_002,ROUTE_BODY64_AXIS_SECTIONS_003,2192.8582,2275.84,82.9818,0.0,82.9818,"['Hit: hitbox 0, hitgroup -1, bone -1, solid 1, surfaceprop concrete, contents 400004c1, shape type: Mesh, face: 22593']","['Hit: hitbox 0, hitgroup -1, bone -1, solid 1, surfaceprop concrete, contents 400004c1, shape type: Mesh, face: 22595']","['Hit: hitbox 0, hitgroup -1, bone -1, solid 1, surfaceprop rubbertire, contents 400004c1, shape type: Hull, face: -1']","['Hit: hitbox 0, hitgroup -1, bone -1, solid 1, surfaceprop concrete, contents 400004c1, shape type: Mesh, face: 58668']","Two-height point diagnostic only; shifts may be cover, curve, grade, returns or cross-area first-hit changes. No whole-route minimum, swept body clearance or playerclip-mask acceptance."
ROUTE_FLOOR_TSPAWN_OUTSIDE_LONG_BOTH_04_001,TSPAWN_OUTSIDE_LONG_BOTH,X,ROUTE_BODY35_AXIS_SECTIONS_002,ROUTE_BODY64_AXIS_SECTIONS_003,1780.2352,1780.8448,0.6096,0.0,0.6096,"['Hit: hitbox 0, hitgroup -1, bone -1, solid 1, surfaceprop Wood, contents 400004c1, shape type: Hull, face: -1']","['Hit: hitbox 0, hitgroup -1, bone -1, solid 1, surfaceprop Wood, contents 400004c1, shape type: Hull, face: -1']","['Hit: hitbox 0, hitgroup -1, bone -1, solid 1, surfaceprop concrete, contents 400004c1, shape type: Mesh, face: 79289']","['Hit: hitbox 0, hitgroup -1, bone -1, solid 1, surfaceprop concrete, contents 400004c1, shape type: Mesh, face: 79288']","Two-height point diagnostic only; shifts may be cover, curve, grade, returns or cross-area first-hit changes. No whole-route minimum, swept body clearance or playerclip-mask acceptance."
ROUTE_FLOOR_TSPAWN_OUTSIDE_LONG_BOTH_05_001,TSPAWN_OUTSIDE_LONG_BOTH,X,ROUTE_BODY35_AXIS_SECTIONS_002,ROUTE_BODY64_AXIS_SECTIONS_003,1257.9096,1651.2794,393.3698,0.0,393.3698,"['Hit: hitbox 0, hitgroup -1, bone -1, solid 1, surfaceprop metalpanel, contents 400004c1, shape type: Mesh, face: 67029']","['Hit: hitbox 0, hitgroup -1, bone -1, solid 1, surfaceprop metalpanel, contents 400004c1, shape type: Mesh, face: 67082']","['Hit: hitbox 0, hitgroup -1, bone -1, solid 1, surfaceprop metalvehicle, contents 400004c1, shape type: Hull, face: -1']","['Hit: hitbox 0, hitgroup -1, bone -1, solid 1, surfaceprop concrete, contents 400004c1, shape type: Mesh, face: 79265']","Two-height point diagnostic only; shifts may be cover, curve, grade, returns or cross-area first-hit changes. No whole-route minimum, swept body clearance or playerclip-mask acceptance."
ROUTE_FLOOR_TSPAWN_OUTSIDE_TUNNELS_BOTH_00_001,TSPAWN_OUTSIDE_TUNNELS_BOTH,Y,ROUTE_BODY35_AXIS_SECTIONS_002,ROUTE_BODY64_AXIS_SECTIONS_003,1096.7974,1808.48,711.6826,0.0,711.6826,"['Hit: hitbox 0, hitgroup -1, bone -1, solid 1, surfaceprop concrete, contents 400004c1, shape type: Mesh, face: 11057']","['Hit: hitbox 0, hitgroup -1, bone -1, solid 1, surfaceprop concrete, contents 400004c1, shape type: Mesh, face: 11064']","['Hit: hitbox 0, hitgroup -1, bone -1, solid 1, surfaceprop concrete, contents 400004c1, shape type: Mesh, face: 55509']","['Hit: hitbox 0, hitgroup -1, bone -1, solid 1, surfaceprop concrete, contents 400004c1, shape type: Mesh, face: 22796']","Two-height point diagnostic only; shifts may be cover, curve, grade, returns or cross-area first-hit changes. No whole-route minimum, swept body clearance or playerclip-mask acceptance."
ROUTE_FLOOR_TSPAWN_OUTSIDE_TUNNELS_BOTH_01_001,TSPAWN_OUTSIDE_TUNNELS_BOTH,Y,ROUTE_BODY35_AXIS_SECTIONS_002,ROUTE_BODY64_AXIS_SECTIONS_003,1154.5316,1273.429,118.8974,0.0,118.8974,"['Hit: hitbox 0, hitgroup -1, bone -1, solid 1, surfaceprop concrete, contents 400004c1, shape type: Mesh, face: 10872']","['Hit: hitbox 0, hitgroup -1, bone -1, solid 1, surfaceprop concrete, contents 400004c1, shape type: Mesh, face: 10888']","['Hit: hitbox 0, hitgroup -1, bone -1, solid 1, surfaceprop metalvehicle, contents 400004c1, shape type: Hull, face: -1']","['Hit: hitbox 0, hitgroup -1, bone -1, solid 1, surfaceprop glass, contents 400004c1, shape type: Hull, face: -1']","Two-height point diagnostic only; shifts may be cover, curve, grade, returns or cross-area first-hit changes. No whole-route minimum, swept body clearance or playerclip-mask acceptance."
ROUTE_FLOOR_TSPAWN_OUTSIDE_TUNNELS_BOTH_03_001,TSPAWN_OUTSIDE_TUNNELS_BOTH,Y,ROUTE_BODY35_AXIS_SECTIONS_002,ROUTE_BODY64_AXIS_SECTIONS_003,1948.2562,6333.4392,4385.183,0.0,4385.183,"['Hit: hitbox 0, hitgroup -1, bone -1, solid 1, surfaceprop Wood_Panel, contents 400004c1, shape type: Hull, face: -1']","['Hit: hitbox 0, hitgroup -1, bone -1, solid 1, surfaceprop Wood_Panel, contents 400004c1, shape type: Hull, face: -1']","['Hit: hitbox 0, hitgroup -1, bone -1, solid 1, surfaceprop Wood_Panel, contents 400004c1, shape type: Hull, face: -1']","['Hit: hitbox 0, hitgroup -1, bone -1, solid 1, surfaceprop concrete, contents 400004c1, shape type: Mesh, face: 93048']","Two-height point diagnostic only; shifts may be cover, curve, grade, returns or cross-area first-hit changes. No whole-route minimum, swept body clearance or playerclip-mask acceptance."
ROUTE_FLOOR_TSPAWN_OUTSIDE_TUNNELS_BOTH_04_001,TSPAWN_OUTSIDE_TUNNELS_BOTH,Y,ROUTE_BODY35_AXIS_SECTIONS_002,ROUTE_BODY64_AXIS_SECTIONS_003,2428.113,2427.351,-0.762,0.0,0.762,"['Hit: hitbox 0, hitgroup -1, bone -1, solid 1, surfaceprop metalpanel, contents 400004c1, shape type: Mesh, face: 134']","['Hit: hitbox 0, hitgroup -1, bone -1, solid 1, surfaceprop metalpanel, contents 400004c1, shape type: Mesh, face: 138']","['Hit: hitbox 0, hitgroup -1, bone -1, solid 1, surfaceprop concrete, contents 400004c1, shape type: Mesh, face: 7183']","['Hit: hitbox 0, hitgroup -1, bone -1, solid 1, surfaceprop concrete, contents 400004c1, shape type: Mesh, face: 8066']","Two-height point diagnostic only; shifts may be cover, curve, grade, returns or cross-area first-hit changes. No whole-route minimum, swept body clearance or playerclip-mask acceptance."
ROUTE_FLOOR_TSPAWN_OUTSIDE_TUNNELS_BOTH_05_001,TSPAWN_OUTSIDE_TUNNELS_BOTH,X,ROUTE_BODY35_AXIS_SECTIONS_002,ROUTE_BODY64_AXIS_SECTIONS_003,735.203,735.2792,0.0762,0.0762,0.0,"['Hit: hitbox 0, hitgroup -1, bone -1, solid 1, surfaceprop concrete, contents 400004c1, shape type: Mesh, face: 5728']","['Hit: hitbox 0, hitgroup -1, bone -1, solid 1, surfaceprop concrete, contents 400004c1, shape type: Mesh, face: 5740']","['Hit: hitbox 0, hitgroup -1, bone -1, solid 1, surfaceprop concrete, contents 400004c1, shape type: Mesh, face: 5957']","['Hit: hitbox 0, hitgroup -1, bone -1, solid 1, surfaceprop concrete, contents 400004c1, shape type: Mesh, face: 6210']","Two-height point diagnostic only; shifts may be cover, curve, grade, returns or cross-area first-hit changes. No whole-route minimum, swept body clearance or playerclip-mask acceptance."
ROUTE_FLOOR_TSPAWN_OUTSIDE_TUNNELS_BOTH_06_001,TSPAWN_OUTSIDE_TUNNELS_BOTH,X,ROUTE_BODY35_AXIS_SECTIONS_002,ROUTE_BODY64_AXIS_SECTIONS_003,1509.4966,1537.7922,28.2956,4.445,32.7406,"['Hit: hitbox 0, hitgroup -1, bone -1, solid 1, surfaceprop concrete, contents 400004c1, shape type: Mesh, face: 6736']","['Hit: hitbox 0, hitgroup -1, bone -1, solid 1, surfaceprop concrete, contents 400004c1, shape type: Hull, face: -1']","['Hit: hitbox 0, hitgroup -1, bone -1, solid 1, surfaceprop metal_dumpster, contents 400004c1, shape type: Hull, face: -1']","['Hit: hitbox 0, hitgroup -1, bone -1, solid 1, surfaceprop metal_dumpster, contents 400004c1, shape type: Hull, face: -1']","Two-height point diagnostic only; shifts may be cover, curve, grade, returns or cross-area first-hit changes. No whole-route minimum, swept body clearance or playerclip-mask acceptance."
ROUTE_FLOOR_TSPAWN_OUTSIDE_TUNNELS_BOTH_07_001,TSPAWN_OUTSIDE_TUNNELS_BOTH,X,ROUTE_BODY35_AXIS_SECTIONS_002,ROUTE_BODY64_AXIS_SECTIONS_003,2244.2932,2244.2932,0.0,0.0,0.0,"['Hit: hitbox 0, hitgroup -1, bone -1, solid 1, surfaceprop concrete, contents 400004c1, shape type: Mesh, face: 26900']","['Hit: hitbox 0, hitgroup -1, bone -1, solid 1, surfaceprop concrete, contents 400004c1, shape type: Mesh, face: 29339']","['Hit: hitbox 0, hitgroup -1, bone -1, solid 1, surfaceprop concrete, contents 400004c1, shape type: Mesh, face: 40969']","['Hit: hitbox 0, hitgroup -1, bone -1, solid 1, surfaceprop concrete, contents 400004c1, shape type: Mesh, face: 40971']","Two-height point diagnostic only; shifts may be cover, curve, grade, returns or cross-area first-hit changes. No whole-route minimum, swept body clearance or playerclip-mask acceptance."
ROUTE_FLOOR_TSPAWN_OUTSIDE_TUNNELS_BOTH_08_001,TSPAWN_OUTSIDE_TUNNELS_BOTH,Y,ROUTE_BODY35_AXIS_SECTIONS_002,ROUTE_BODY64_AXIS_SECTIONS_003,3901.44,3901.44,0.0,0.0,0.0,"['Hit: hitbox 0, hitgroup -1, bone -1, solid 1, surfaceprop concrete, contents 400004c1, shape type: Mesh, face: 6048']","['Hit: hitbox 0, hitgroup -1, bone -1, solid 1, surfaceprop concrete, contents 400004c1, shape type: Mesh, face: 6046']","['Hit: hitbox 0, hitgroup -1, bone -1, solid 1, surfaceprop concrete, contents 400004c1, shape type: Mesh, face: 93044']","['Hit: hitbox 0, hitgroup -1, bone -1, solid 1, surfaceprop concrete, contents 400004c1, shape type: Mesh, face: 93043']","Two-height point diagnostic only; shifts may be cover, curve, grade, returns or cross-area first-hit changes. No whole-route minimum, swept body clearance or playerclip-mask acceptance."
ROUTE_FLOOR_OUTSIDE_UPPER_TUNNELS_BOTH_00_001,OUTSIDE_UPPER_TUNNELS_BOTH,X,ROUTE_BODY35_AXIS_SECTIONS_002,ROUTE_BODY64_AXIS_SECTIONS_003,1910.08,1910.08,0.0,0.0,0.0,"['Hit: hitbox 0, hitgroup -1, bone -1, solid 1, surfaceprop concrete, contents 400004c1, shape type: Mesh, face: 32146']","['Hit: hitbox 0, hitgroup -1, bone -1, solid 1, surfaceprop concrete, contents 400004c1, shape type: Mesh, face: 32144']","['Hit: hitbox 0, hitgroup -1, bone -1, solid 1, surfaceprop concrete, contents 400004c1, shape type: Mesh, face: 42935']","['Hit: hitbox 0, hitgroup -1, bone -1, solid 1, surfaceprop concrete, contents 400004c1, shape type: Mesh, face: 42943']","Two-height point diagnostic only; shifts may be cover, curve, grade, returns or cross-area first-hit changes. No whole-route minimum, swept body clearance or playerclip-mask acceptance."
ROUTE_FLOOR_OUTSIDE_UPPER_TUNNELS_BOTH_01_001,OUTSIDE_UPPER_TUNNELS_BOTH,X,ROUTE_BODY35_AXIS_SECTIONS_002,ROUTE_BODY64_AXIS_SECTIONS_003,325.12,325.12,0.0,0.0,0.0,"['Hit: hitbox 0, hitgroup -1, bone -1, solid 1, surfaceprop concrete, contents 400004c1, shape type: Mesh, face: 39957']","['Hit: hitbox 0, hitgroup -1, bone -1, solid 1, surfaceprop concrete, contents 400004c1, shape type: Mesh, face: 39958']","['Hit: hitbox 0, hitgroup -1, bone -1, solid 1, surfaceprop concrete, contents 400004c1, shape type: Mesh, face: 40007']","['Hit: hitbox 0, hitgroup -1, bone -1, solid 1, surfaceprop concrete, contents 400004c1, shape type: Mesh, face: 40009']","Two-height point diagnostic only; shifts may be cover, curve, grade, returns or cross-area first-hit changes. No whole-route minimum, swept body clearance or playerclip-mask acceptance."
ROUTE_FLOOR_OUTSIDE_UPPER_TUNNELS_BOTH_02_001,OUTSIDE_UPPER_TUNNELS_BOTH,X,ROUTE_BODY35_AXIS_SECTIONS_002,ROUTE_BODY64_AXIS_SECTIONS_003,813.0794,813.816,0.7366,0.7366,0.0,"['Hit: hitbox 0, hitgroup -1, bone -1, solid 1, surfaceprop concrete, contents 400004c1, shape type: Mesh, face: 40265']","['Hit: hitbox 0, hitgroup -1, bone -1, solid 1, surfaceprop concrete, contents 400004c1, shape type: Mesh, face: 40264']","['Hit: hitbox 0, hitgroup -1, bone -1, solid 1, surfaceprop concrete, contents 400004c1, shape type: Mesh, face: 40640']","['Hit: hitbox 0, hitgroup -1, bone -1, solid 1, surfaceprop concrete, contents 400004c1, shape type: Mesh, face: 40641']","Two-height point diagnostic only; shifts may be cover, curve, grade, returns or cross-area first-hit changes. No whole-route minimum, swept body clearance or playerclip-mask acceptance."
ROUTE_FLOOR_OUTSIDE_UPPER_TUNNELS_BOTH_03_001,OUTSIDE_UPPER_TUNNELS_BOTH,X,ROUTE_BODY35_AXIS_SECTIONS_002,ROUTE_BODY64_AXIS_SECTIONS_003,2912.1608,2913.1514,0.9906,0.0,0.9906,"['Hit: hitbox 0, hitgroup -1, bone -1, solid 1, surfaceprop concrete, contents 400004c1, shape type: Mesh, face: 90360']","['Hit: hitbox 0, hitgroup -1, bone -1, solid 1, surfaceprop concrete, contents 400004c1, shape type: Mesh, face: 90367']","['Hit: hitbox 0, hitgroup -1, bone -1, solid 1, surfaceprop concrete, contents 400004c1, shape type: Mesh, face: 99300']","['Hit: hitbox 0, hitgroup -1, bone -1, solid 1, surfaceprop concrete, contents 400004c1, shape type: Mesh, face: 99301']","Two-height point diagnostic only; shifts may be cover, curve, grade, returns or cross-area first-hit changes. No whole-route minimum, swept body clearance or playerclip-mask acceptance."
ROUTE_FLOOR_OUTSIDE_UPPER_TUNNELS_BOTH_04_001,OUTSIDE_UPPER_TUNNELS_BOTH,Y,ROUTE_BODY35_AXIS_SECTIONS_002,ROUTE_BODY64_AXIS_SECTIONS_003,802.3606,802.9194,0.5588,0.381,0.1778,"['Hit: hitbox 0, hitgroup -1, bone -1, solid 1, surfaceprop concrete, contents 400004c1, shape type: Hull, face: -1']","['Hit: hitbox 0, hitgroup -1, bone -1, solid 1, surfaceprop concrete, contents 400004c1, shape type: Hull, face: -1']","['Hit: hitbox 0, hitgroup -1, bone -1, solid 1, surfaceprop concrete, contents 400004c1, shape type: Mesh, face: 92070']","['Hit: hitbox 0, hitgroup -1, bone -1, solid 1, surfaceprop concrete, contents 400004c1, shape type: Mesh, face: 92090']","Two-height point diagnostic only; shifts may be cover, curve, grade, returns or cross-area first-hit changes. No whole-route minimum, swept body clearance or playerclip-mask acceptance."
ROUTE_FLOOR_OUTSIDE_UPPER_TUNNELS_BOTH_05_001,OUTSIDE_UPPER_TUNNELS_BOTH,Y,ROUTE_BODY35_AXIS_SECTIONS_002,ROUTE_BODY64_AXIS_SECTIONS_003,5063.109,5176.266,113.157,0.3302,112.8268,"['Hit: hitbox 0, hitgroup -1, bone -1, solid 1, surfaceprop concrete, contents 400004c1, shape type: Mesh, face: 91327']","['Hit: hitbox 0, hitgroup -1, bone -1, solid 1, surfaceprop concrete, contents 400004c1, shape type: Mesh, face: 91329']","['Hit: hitbox 0, hitgroup -1, bone -1, solid 1, surfaceprop Wood_Panel, contents 400004c1, shape type: Hull, face: -1']","['Hit: hitbox 0, hitgroup -1, bone -1, solid 1, surfaceprop Wood_Panel, contents 400004c1, shape type: Hull, face: -1']","Two-height point diagnostic only; shifts may be cover, curve, grade, returns or cross-area first-hit changes. No whole-route minimum, swept body clearance or playerclip-mask acceptance."
ROUTE_FLOOR_TOPMID_OUTSIDE_LONG_BOTH_00_001,TOPMID_OUTSIDE_LONG_BOTH,Y,ROUTE_BODY35_AXIS_SECTIONS_002,ROUTE_BODY64_AXIS_SECTIONS_003,4194.81,4256.913,62.103,0.0,62.103,"['Hit: hitbox 0, hitgroup -1, bone -1, solid 1, surfaceprop Wood_Panel, contents 400004c1, shape type: Hull, face: -1']","['Hit: hitbox 0, hitgroup -1, bone -1, solid 1, surfaceprop Wood_Panel, contents 400004c1, shape type: Hull, face: -1']","['Hit: hitbox 0, hitgroup -1, bone -1, solid 1, surfaceprop Wood_Dense, contents 400004c1, shape type: Hull, face: -1']","['Hit: hitbox 0, hitgroup -1, bone -1, solid 1, surfaceprop Wood_Dense, contents 400004c1, shape type: Hull, face: -1']","Two-height point diagnostic only; shifts may be cover, curve, grade, returns or cross-area first-hit changes. No whole-route minimum, swept body clearance or playerclip-mask acceptance."
ROUTE_FLOOR_TOPMID_OUTSIDE_LONG_BOTH_01_001,TOPMID_OUTSIDE_LONG_BOTH,Y,ROUTE_BODY35_AXIS_SECTIONS_002,ROUTE_BODY64_AXIS_SECTIONS_003,655.7772,3169.9962,2514.219,0.0,2514.219,"['Hit: hitbox 0, hitgroup -1, bone -1, solid 1, surfaceprop concrete, contents 400004c1, shape type: Mesh, face: 63967']","['Hit: hitbox 0, hitgroup -1, bone -1, solid 1, surfaceprop concrete, contents 400004c1, shape type: Mesh, face: 63969']","['Hit: hitbox 0, hitgroup -1, bone -1, solid 1, surfaceprop metal_sand_barrel, contents 400004c1, shape type: Hull, face: -1']","['Hit: hitbox 0, hitgroup -1, bone -1, solid 1, surfaceprop concrete, contents 400004c1, shape type: Hull, face: -1']","Two-height point diagnostic only; shifts may be cover, curve, grade, returns or cross-area first-hit changes. No whole-route minimum, swept body clearance or playerclip-mask acceptance."
ROUTE_FLOOR_TOPMID_OUTSIDE_LONG_BOTH_02_001,TOPMID_OUTSIDE_LONG_BOTH,Y,ROUTE_BODY35_AXIS_SECTIONS_002,ROUTE_BODY64_AXIS_SECTIONS_003,487.7054,488.5182,0.8128,0.8382,0.0254,"['Hit: hitbox 0, hitgroup -1, bone -1, solid 1, surfaceprop concrete, contents 400004c1, shape type: Mesh, face: 64778']","['Hit: hitbox 0, hitgroup -1, bone -1, solid 1, surfaceprop concrete, contents 400004c1, shape type: Mesh, face: 64707']","['Hit: hitbox 0, hitgroup -1, bone -1, solid 1, surfaceprop concrete, contents 400004c1, shape type: Mesh, face: 72122']","['Hit: hitbox 0, hitgroup -1, bone -1, solid 1, surfaceprop concrete, contents 400004c1, shape type: Mesh, face: 72130']","Two-height point diagnostic only; shifts may be cover, curve, grade, returns or cross-area first-hit changes. No whole-route minimum, swept body clearance or playerclip-mask acceptance."
ROUTE_FLOOR_TOPMID_OUTSIDE_LONG_BOTH_03_001,TOPMID_OUTSIDE_LONG_BOTH,X,ROUTE_BODY35_AXIS_SECTIONS_002,ROUTE_BODY64_AXIS_SECTIONS_003,3023.3366,3021.9904,-1.3462,0.0,1.3462,"['Hit: hitbox 0, hitgroup -1, bone -1, solid 1, surfaceprop metalpanel, contents 400004c1, shape type: Mesh, face: 48053']","['Hit: hitbox 0, hitgroup -1, bone -1, solid 1, surfaceprop metalpanel, contents 400004c1, shape type: Mesh, face: 48054']","['Hit: hitbox 0, hitgroup -1, bone -1, solid 1, surfaceprop concrete, contents 400004c1, shape type: Hull, face: -1']","['Hit: hitbox 0, hitgroup -1, bone -1, solid 1, surfaceprop concrete, contents 400004c1, shape type: Hull, face: -1']","Two-height point diagnostic only; shifts may be cover, curve, grade, returns or cross-area first-hit changes. No whole-route minimum, swept body clearance or playerclip-mask acceptance."
ROUTE_FLOOR_TOPMID_OUTSIDE_LONG_BOTH_04_001,TOPMID_OUTSIDE_LONG_BOTH,X,ROUTE_BODY35_AXIS_SECTIONS_002,ROUTE_BODY64_AXIS_SECTIONS_003,1254.9378,1651.3048,396.367,0.0,396.367,"['Hit: hitbox 0, hitgroup -1, bone -1, solid 1, surfaceprop metalpanel, contents 400004c1, shape type: Mesh, face: 67029']","['Hit: hitbox 0, hitgroup -1, bone -1, solid 1, surfaceprop metalpanel, contents 400004c1, shape type: Mesh, face: 67082']","['Hit: hitbox 0, hitgroup -1, bone -1, solid 1, surfaceprop metalvehicle, contents 400004c1, shape type: Hull, face: -1']","['Hit: hitbox 0, hitgroup -1, bone -1, solid 1, surfaceprop concrete, contents 400004c1, shape type: Mesh, face: 79274']","Two-height point diagnostic only; shifts may be cover, curve, grade, returns or cross-area first-hit changes. No whole-route minimum, swept body clearance or playerclip-mask acceptance."
ROUTE_FLOOR_LONG_CORNER_SIDE_PIT_BOTH_00_001,LONG_CORNER_SIDE_PIT_BOTH,Y,ROUTE_BODY35_AXIS_SECTIONS_002,ROUTE_BODY64_AXIS_SECTIONS_003,2621.2038,2621.2038,0.0,0.0,0.0,"['Hit: hitbox 0, hitgroup -1, bone -1, solid 1, surfaceprop concrete, contents 400004c1, shape type: Mesh, face: 86453']","['Hit: hitbox 0, hitgroup -1, bone -1, solid 1, surfaceprop concrete, contents 400004c1, shape type: Mesh, face: 86453']","['Hit: hitbox 0, hitgroup -1, bone -1, solid 1, surfaceprop metalpanel, contents 400004c1, shape type: Hull, face: -1']","['Hit: hitbox 0, hitgroup -1, bone -1, solid 1, surfaceprop metalpanel, contents 400004c1, shape type: Hull, face: -1']","Two-height point diagnostic only; shifts may be cover, curve, grade, returns or cross-area first-hit changes. No whole-route minimum, swept body clearance or playerclip-mask acceptance."
ROUTE_FLOOR_LONG_CORNER_SIDE_PIT_BOTH_01_001,LONG_CORNER_SIDE_PIT_BOTH,Y,ROUTE_BODY35_AXIS_SECTIONS_002,ROUTE_BODY64_AXIS_SECTIONS_003,5362.0162,5666.5876,304.5714,0.0,304.5714,"['Hit: hitbox 0, hitgroup -1, bone -1, solid 1, surfaceprop concrete, contents 400004c1, shape type: Mesh, face: 83042']","['Hit: hitbox 0, hitgroup -1, bone -1, solid 1, surfaceprop concrete, contents 400004c1, shape type: Mesh, face: 83042']","['Hit: hitbox 0, hitgroup -1, bone -1, solid 1, surfaceprop concrete, contents 400004c1, shape type: Mesh, face: 164459']","['Hit: hitbox 0, hitgroup -1, bone -1, solid 1, surfaceprop concrete, contents 400004c1, shape type: Mesh, face: 164495']","Two-height point diagnostic only; shifts may be cover, curve, grade, returns or cross-area first-hit changes. No whole-route minimum, swept body clearance or playerclip-mask acceptance."
ROUTE_FLOOR_LONG_CORNER_SIDE_PIT_BOTH_02_001,LONG_CORNER_SIDE_PIT_BOTH,Y,ROUTE_BODY35_AXIS_SECTIONS_002,ROUTE_BODY64_AXIS_SECTIONS_003,792.9118,1895.3734,1102.4616,1102.4362,0.0254,"['Hit: hitbox 0, hitgroup -1, bone -1, solid 1, surfaceprop concrete, contents 400004c1, shape type: Hull, face: -1']","['Hit: hitbox 0, hitgroup -1, bone -1, solid 1, surfaceprop concrete, contents 400004c1, shape type: Mesh, face: 87707']","['Hit: hitbox 0, hitgroup -1, bone -1, solid 1, surfaceprop concrete, contents 400004c1, shape type: Mesh, face: 148583']","['Hit: hitbox 0, hitgroup -1, bone -1, solid 1, surfaceprop concrete, contents 400004c1, shape type: Mesh, face: 148588']","Two-height point diagnostic only; shifts may be cover, curve, grade, returns or cross-area first-hit changes. No whole-route minimum, swept body clearance or playerclip-mask acceptance."
ROUTE_FLOOR_LONG_CORNER_SIDE_PIT_BOTH_03_001,LONG_CORNER_SIDE_PIT_BOTH,X,ROUTE_BODY35_AXIS_SECTIONS_002,ROUTE_BODY64_AXIS_SECTIONS_003,3243.7832,4185.92,942.1368,878.3574,63.7794,"['Hit: hitbox 0, hitgroup -1, bone -1, solid 1, surfaceprop metal_sand_barrel, contents 400004c1, shape type: Hull, face: -1']","['Hit: hitbox 0, hitgroup -1, bone -1, solid 1, surfaceprop concrete, contents 400004c1, shape type: Mesh, face: 76116']","['Hit: hitbox 0, hitgroup -1, bone -1, solid 1, surfaceprop concrete, contents 400004c1, shape type: Mesh, face: 87996']","['Hit: hitbox 0, hitgroup -1, bone -1, solid 1, surfaceprop concrete, contents 400004c1, shape type: Mesh, face: 88205']","Two-height point diagnostic only; shifts may be cover, curve, grade, returns or cross-area first-hit changes. No whole-route minimum, swept body clearance or playerclip-mask acceptance."
ROUTE_FLOOR_LONG_CORNER_SIDE_PIT_BOTH_04_001,LONG_CORNER_SIDE_PIT_BOTH,X,ROUTE_BODY35_AXIS_SECTIONS_002,ROUTE_BODY64_AXIS_SECTIONS_003,2113.28,2113.28,0.0,0.0,0.0,"['Hit: hitbox 0, hitgroup -1, bone -1, solid 1, surfaceprop concrete, contents 400004c1, shape type: Mesh, face: 85914']","['Hit: hitbox 0, hitgroup -1, bone -1, solid 1, surfaceprop concrete, contents 400004c1, shape type: Mesh, face: 85916']","['Hit: hitbox 0, hitgroup -1, bone -1, solid 1, surfaceprop concrete, contents 400004c1, shape type: Mesh, face: 87769']","['Hit: hitbox 0, hitgroup -1, bone -1, solid 1, surfaceprop concrete, contents 400004c1, shape type: Mesh, face: 87773']","Two-height point diagnostic only; shifts may be cover, curve, grade, returns or cross-area first-hit changes. No whole-route minimum, swept body clearance or playerclip-mask acceptance."
ROUTE_FLOOR_LONG_CORNER_SIDE_PIT_BOTH_05_001,LONG_CORNER_SIDE_PIT_BOTH,X,ROUTE_BODY35_AXIS_SECTIONS_002,ROUTE_BODY64_AXIS_SECTIONS_003,2153.92,2153.92,0.0,0.0,0.0,"['Hit: hitbox 0, hitgroup -1, bone -1, solid 1, surfaceprop concrete, contents 400004c1, shape type: Mesh, face: 85341']","['Hit: hitbox 0, hitgroup -1, bone -1, solid 1, surfaceprop concrete, contents 400004c1, shape type: Mesh, face: 85348']","['Hit: hitbox 0, hitgroup -1, bone -1, solid 1, surfaceprop concrete, contents 400004c1, shape type: Mesh, face: 87759']","['Hit: hitbox 0, hitgroup -1, bone -1, solid 1, surfaceprop concrete, contents 400004c1, shape type: Mesh, face: 87758']","Two-height point diagnostic only; shifts may be cover, curve, grade, returns or cross-area first-hit changes. No whole-route minimum, swept body clearance or playerclip-mask acceptance."
ROUTE_FLOOR_SUICIDE_TOPMID_BOTH_00_001,SUICIDE_TOPMID_BOTH,X,ROUTE_BODY35_AXIS_SECTIONS_002,ROUTE_BODY64_AXIS_SECTIONS_003,2304.161,2304.161,0.0,0.0,0.0,"['Hit: hitbox 0, hitgroup -1, bone -1, solid 1, surfaceprop concrete, contents 400004c1, shape type: Mesh, face: 22604']","['Hit: hitbox 0, hitgroup -1, bone -1, solid 1, surfaceprop concrete, contents 400004c1, shape type: Mesh, face: 22609']","['Hit: hitbox 0, hitgroup -1, bone -1, solid 1, surfaceprop metalpanel, contents 400004c1, shape type: Mesh, face: 58688']","['Hit: hitbox 0, hitgroup -1, bone -1, solid 1, surfaceprop metalpanel, contents 400004c1, shape type: Mesh, face: 58695']","Two-height point diagnostic only; shifts may be cover, curve, grade, returns or cross-area first-hit changes. No whole-route minimum, swept body clearance or playerclip-mask acceptance."
ROUTE_FLOOR_SUICIDE_TOPMID_BOTH_01_001,SUICIDE_TOPMID_BOTH,X,ROUTE_BODY35_AXIS_SECTIONS_002,ROUTE_BODY64_AXIS_SECTIONS_003,377.2154,377.2154,0.0,0.0,0.0,"['Hit: hitbox 0, hitgroup -1, bone -1, solid 1, surfaceprop concrete, contents 400004c1, shape type: Mesh, face: 22813']","['Hit: hitbox 0, hitgroup -1, bone -1, solid 1, surfaceprop concrete, contents 400004c1, shape type: Mesh, face: 22827']","['Hit: hitbox 0, hitgroup -1, bone -1, solid 1, surfaceprop Wood, contents 400004c1, shape type: Mesh, face: 60902']","['Hit: hitbox 0, hitgroup -1, bone -1, solid 1, surfaceprop Wood, contents 400004c1, shape type: Mesh, face: 61231']","Two-height point diagnostic only; shifts may be cover, curve, grade, returns or cross-area first-hit changes. No whole-route minimum, swept body clearance or playerclip-mask acceptance."
ROUTE_FLOOR_SUICIDE_TOPMID_BOTH_02_001,SUICIDE_TOPMID_BOTH,X,ROUTE_BODY35_AXIS_SECTIONS_002,ROUTE_BODY64_AXIS_SECTIONS_003,139.9794,139.9794,0.0,0.0,0.0,"['Hit: hitbox 0, hitgroup -1, bone -1, solid 1, surfaceprop Wood_Panel, contents 400004c1, shape type: Hull, face: -1']","['Hit: hitbox 0, hitgroup -1, bone -1, solid 1, surfaceprop Wood_Panel, contents 400004c1, shape type: Hull, face: -1']","['Hit: hitbox 0, hitgroup -1, bone -1, solid 1, surfaceprop concrete, contents 400004c1, shape type: Mesh, face: 60251']","['Hit: hitbox 0, hitgroup -1, bone -1, solid 1, surfaceprop concrete, contents 400004c1, shape type: Mesh, face: 60253']","Two-height point diagnostic only; shifts may be cover, curve, grade, returns or cross-area first-hit changes. No whole-route minimum, swept body clearance or playerclip-mask acceptance."
ROUTE_FLOOR_SUICIDE_TOPMID_BOTH_03_001,SUICIDE_TOPMID_BOTH,X,ROUTE_BODY35_AXIS_SECTIONS_002,ROUTE_BODY64_AXIS_SECTIONS_003,325.0184,324.8914,-0.127,0.1016,0.0254,"['Hit: hitbox 0, hitgroup -1, bone -1, solid 1, surfaceprop concrete, contents 400004c1, shape type: Mesh, face: 22915']","['Hit: hitbox 0, hitgroup -1, bone -1, solid 1, surfaceprop concrete, contents 400004c1, shape type: Mesh, face: 22918']","['Hit: hitbox 0, hitgroup -1, bone -1, solid 1, surfaceprop concrete, contents 400004c1, shape type: Mesh, face: 61811']","['Hit: hitbox 0, hitgroup -1, bone -1, solid 1, surfaceprop concrete, contents 400004c1, shape type: Mesh, face: 61820']","Two-height point diagnostic only; shifts may be cover, curve, grade, returns or cross-area first-hit changes. No whole-route minimum, swept body clearance or playerclip-mask acceptance."
ROUTE_FLOOR_SUICIDE_TOPMID_BOTH_04_001,SUICIDE_TOPMID_BOTH,X,ROUTE_BODY35_AXIS_SECTIONS_002,ROUTE_BODY64_AXIS_SECTIONS_003,3055.4676,3055.4676,0.0,0.0,0.0,"['Hit: hitbox 0, hitgroup -1, bone -1, solid 1, surfaceprop metalpanel, contents 400004c1, shape type: Mesh, face: 48055']","['Hit: hitbox 0, hitgroup -1, bone -1, solid 1, surfaceprop metalpanel, contents 400004c1, shape type: Mesh, face: 48056']","['Hit: hitbox 0, hitgroup -1, bone -1, solid 1, surfaceprop concrete, contents 400004c1, shape type: Mesh, face: 71205']","['Hit: hitbox 0, hitgroup -1, bone -1, solid 1, surfaceprop concrete, contents 400004c1, shape type: Mesh, face: 71205']","Two-height point diagnostic only; shifts may be cover, curve, grade, returns or cross-area first-hit changes. No whole-route minimum, swept body clearance or playerclip-mask acceptance."
