riser,source_x,source_y_face,source_y_tread_end,source_z_bottom_sample,source_z_top_sample,run_cm,rise_cm,confidence,limits
1,320,1650.45,1662.45,3.75,10.09,30.48,16.1036,confirmed repeated collision section,"Measured collision center section, not uniform stair dimensions or exact render/collision offset. First bottom height uses floor point0.15 native units south of first face; upper landing declines slightly beyond last tread."
2,320,1662.45,1674.45,10.09,18.09,30.48,20.32,confirmed repeated collision section,"Measured collision center section, not uniform stair dimensions or exact render/collision offset. First bottom height uses floor point0.15 native units south of first face; upper landing declines slightly beyond last tread."
3,320,1674.45,1686.45,18.09,26.09,30.48,20.32,confirmed repeated collision section,"Measured collision center section, not uniform stair dimensions or exact render/collision offset. First bottom height uses floor point0.15 native units south of first face; upper landing declines slightly beyond last tread."
4,320,1686.45,1697.59,26.09,34.09,28.2956,20.32,confirmed repeated collision section,"Measured collision center section, not uniform stair dimensions or exact render/collision offset. First bottom height uses floor point0.15 native units south of first face; upper landing declines slightly beyond last tread."
5,320,1697.59,1709.59,34.09,40.99,30.48,17.526,confirmed repeated collision section,"Measured collision center section, not uniform stair dimensions or exact render/collision offset. First bottom height uses floor point0.15 native units south of first face; upper landing declines slightly beyond last tread."
6,320,1709.59,1721.59,40.99,48.99,30.48,20.32,confirmed repeated collision section,"Measured collision center section, not uniform stair dimensions or exact render/collision offset. First bottom height uses floor point0.15 native units south of first face; upper landing declines slightly beyond last tread."
7,320,1721.59,1733.59,48.99,56.99,30.48,20.32,confirmed repeated collision section,"Measured collision center section, not uniform stair dimensions or exact render/collision offset. First bottom height uses floor point0.15 native units south of first face; upper landing declines slightly beyond last tread."
8,320,1733.59,1743.97,56.99,64.99,26.3652,20.32,confirmed repeated collision section,"Measured collision center section, not uniform stair dimensions or exact render/collision offset. First bottom height uses floor point0.15 native units south of first face; upper landing declines slightly beyond last tread."
9,320,1743.97,1755.97,64.99,72.03,30.48,17.8816,confirmed repeated collision section,"Measured collision center section, not uniform stair dimensions or exact render/collision offset. First bottom height uses floor point0.15 native units south of first face; upper landing declines slightly beyond last tread."
10,320,1755.97,1767.97,72.03,80.03,30.48,20.32,confirmed repeated collision section,"Measured collision center section, not uniform stair dimensions or exact render/collision offset. First bottom height uses floor point0.15 native units south of first face; upper landing declines slightly beyond last tread."
11,320,1767.97,1779.97,80.03,88.03,30.48,20.32,confirmed repeated collision section,"Measured collision center section, not uniform stair dimensions or exact render/collision offset. First bottom height uses floor point0.15 native units south of first face; upper landing declines slightly beyond last tread."
12,320,1779.97,1792.03,88.03,96.03,30.6324,20.32,confirmed repeated collision section,"Measured collision center section, not uniform stair dimensions or exact render/collision offset. First bottom height uses floor point0.15 native units south of first face; upper landing declines slightly beyond last tread."
