id,source_x,source_y,source_z,x_cm,y_cm,z_cm,surface,confidence,limits
SHORT_CENTER_Y1648_001,320.0,1648.0,3.74,812.8,4185.92,9.4996,"Hit: hitbox 0, hitgroup -1, bone -1, solid 1, surfaceprop sand, contents 400004c1, shape type: Mesh, face: 134914",confirmed repeated collision point,Rounded ray endpoint; not player standing height or a tread boundary
SHORT_CENTER_Y1652_001,320.0,1652.0,10.09,812.8,4196.08,25.6286,"Hit: hitbox 0, hitgroup -1, bone -1, solid 1, surfaceprop concrete, contents 400004c1, shape type: Hull, face: -1",confirmed repeated collision point,Rounded ray endpoint; not player standing height or a tread boundary
SHORT_CENTER_Y1654_001,320.0,1654.0,10.09,812.8,4201.16,25.6286,"Hit: hitbox 0, hitgroup -1, bone -1, solid 1, surfaceprop concrete, contents 400004c1, shape type: Hull, face: -1",confirmed repeated collision point,Rounded ray endpoint; not player standing height or a tread boundary
SHORT_CENTER_Y1794_001,320.0,1794.0,95.09,812.8,4556.76,241.5286,"Hit: hitbox 0, hitgroup -1, bone -1, solid 1, surfaceprop sand, contents 400004c1, shape type: Mesh, face: 135008",confirmed repeated collision point,Rounded ray endpoint; not player standing height or a tread boundary
SHORT_CENTER_Y1796_001,320.0,1796.0,95.11,812.8,4561.84,241.5794,"Hit: hitbox 0, hitgroup -1, bone -1, solid 1, surfaceprop sand, contents 400004c1, shape type: Mesh, face: 135008",confirmed repeated collision point,Rounded ray endpoint; not player standing height or a tread boundary
SHORT_CENTER_Y1798_001,320.0,1798.0,95.12,812.8,4566.92,241.6048,"Hit: hitbox 0, hitgroup -1, bone -1, solid 1, surfaceprop sand, contents 400004c1, shape type: Mesh, face: 135008",confirmed repeated collision point,Rounded ray endpoint; not player standing height or a tread boundary
SHORT_CENTER_Y1808_001,320.0,1808.0,95.2,812.8,4592.32,241.808,"Hit: hitbox 0, hitgroup -1, bone -1, solid 1, surfaceprop sand, contents 400004c1, shape type: Mesh, face: 135008",confirmed repeated collision point,Rounded ray endpoint; not player standing height or a tread boundary
SHORT_FLOOR_Y1500_001,380.0,1500.0,1.23,965.2,3810.0,3.1242,"Hit: hitbox 0, hitgroup -1, bone -1, solid 1, surfaceprop concrete, contents 400004c1, shape type: Mesh, face: 134892",confirmed repeated collision point,Rounded ray endpoint; not player standing height or a tread boundary
SHORT_FLOOR_Y1540_001,380.0,1540.0,2.01,965.2,3911.6,5.1054,"Hit: hitbox 0, hitgroup -1, bone -1, solid 1, surfaceprop sand, contents 400004c1, shape type: Mesh, face: 134901",confirmed repeated collision point,Rounded ray endpoint; not player standing height or a tread boundary
SHORT_FLOOR_Y1560_001,380.0,1560.0,2.33,965.2,3962.4,5.9182,"Hit: hitbox 0, hitgroup -1, bone -1, solid 1, surfaceprop sand, contents 400004c1, shape type: Mesh, face: 134901",confirmed repeated collision point,Rounded ray endpoint; not player standing height or a tread boundary
SHORT_FLOOR_Y1580_001,380.0,1580.0,2.6,965.2,4013.2,6.604,"Hit: hitbox 0, hitgroup -1, bone -1, solid 1, surfaceprop sand, contents 400004c1, shape type: Mesh, face: 134921",confirmed repeated collision point,Rounded ray endpoint; not player standing height or a tread boundary
SHORT_FLOOR_Y1600_001,380.0,1600.0,2.83,965.2,4064.0,7.1882,"Hit: hitbox 0, hitgroup -1, bone -1, solid 1, surfaceprop concrete, contents 400004c1, shape type: Mesh, face: 134926",confirmed repeated collision point,Rounded ray endpoint; not player standing height or a tread boundary
SHORT_FLOOR_Y1620_001,380.0,1620.0,3.03,965.2,4114.8,7.6962,"Hit: hitbox 0, hitgroup -1, bone -1, solid 1, surfaceprop concrete, contents 400004c1, shape type: Mesh, face: 134926",confirmed repeated collision point,Rounded ray endpoint; not player standing height or a tread boundary
SHORT_FLOOR_Y1640_001,380.0,1640.0,3.15,965.2,4165.6,8.001,"Hit: hitbox 0, hitgroup -1, bone -1, solid 1, surfaceprop sand, contents 400004c1, shape type: Mesh, face: 134925",confirmed repeated collision point,Rounded ray endpoint; not player standing height or a tread boundary
SHORT_FINE_Y1648_001,380.0,1648.0,3.2,965.2,4185.92,8.128,"Hit: hitbox 0, hitgroup -1, bone -1, solid 1, surfaceprop sand, contents 400004c1, shape type: Mesh, face: 134976",confirmed repeated collision point,Rounded ray endpoint; not player standing height or a tread boundary
SHORT_FINE_Y1656_001,380.0,1656.0,10.09,965.2,4206.24,25.6286,"Hit: hitbox 0, hitgroup -1, bone -1, solid 1, surfaceprop concrete, contents 400004c1, shape type: Hull, face: -1",confirmed repeated collision point,Rounded ray endpoint; not player standing height or a tread boundary
SHORT_FLOOR_Y1660_001,380.0,1660.0,10.09,965.2,4216.4,25.6286,"Hit: hitbox 0, hitgroup -1, bone -1, solid 1, surfaceprop concrete, contents 400004c1, shape type: Hull, face: -1",confirmed repeated collision point,Rounded ray endpoint; not player standing height or a tread boundary
SHORT_FINE_Y1664_001,380.0,1664.0,18.09,965.2,4226.56,45.9486,"Hit: hitbox 0, hitgroup -1, bone -1, solid 1, surfaceprop concrete, contents 400004c1, shape type: Hull, face: -1",confirmed repeated collision point,Rounded ray endpoint; not player standing height or a tread boundary
SHORT_FINE_Y1672_001,380.0,1672.0,18.09,965.2,4246.88,45.9486,"Hit: hitbox 0, hitgroup -1, bone -1, solid 1, surfaceprop concrete, contents 400004c1, shape type: Hull, face: -1",confirmed repeated collision point,Rounded ray endpoint; not player standing height or a tread boundary
SHORT_FINE_Y1680_001,380.0,1680.0,26.09,965.2,4267.2,66.2686,"Hit: hitbox 0, hitgroup -1, bone -1, solid 1, surfaceprop concrete, contents 400004c1, shape type: Hull, face: -1",confirmed repeated collision point,Rounded ray endpoint; not player standing height or a tread boundary
SHORT_FLOOR_Y1680_001,380.0,1680.0,26.09,965.2,4267.2,66.2686,"Hit: hitbox 0, hitgroup -1, bone -1, solid 1, surfaceprop concrete, contents 400004c1, shape type: Hull, face: -1",confirmed repeated collision point,Rounded ray endpoint; not player standing height or a tread boundary
SHORT_FINE_Y1688_001,380.0,1688.0,34.09,965.2,4287.52,86.5886,"Hit: hitbox 0, hitgroup -1, bone -1, solid 1, surfaceprop concrete, contents 400004c1, shape type: Hull, face: -1",confirmed repeated collision point,Rounded ray endpoint; not player standing height or a tread boundary
SHORT_FINE_Y1696_001,380.0,1696.0,34.09,965.2,4307.84,86.5886,"Hit: hitbox 0, hitgroup -1, bone -1, solid 1, surfaceprop concrete, contents 400004c1, shape type: Hull, face: -1",confirmed repeated collision point,Rounded ray endpoint; not player standing height or a tread boundary
SHORT_FLOOR_Y1700_002,380.0,1700.0,40.99,965.2,4318.0,104.1146,"Hit: hitbox 0, hitgroup -1, bone -1, solid 1, surfaceprop concrete, contents 400004c1, shape type: Hull, face: -1",confirmed repeated collision point,Rounded ray endpoint; not player standing height or a tread boundary
SHORT_FINE_Y1704_001,380.0,1704.0,40.99,965.2,4328.16,104.1146,"Hit: hitbox 0, hitgroup -1, bone -1, solid 1, surfaceprop concrete, contents 400004c1, shape type: Hull, face: -1",confirmed repeated collision point,Rounded ray endpoint; not player standing height or a tread boundary
SHORT_FINE_Y1712_001,380.0,1712.0,48.99,965.2,4348.48,124.4346,"Hit: hitbox 0, hitgroup -1, bone -1, solid 1, surfaceprop concrete, contents 400004c1, shape type: Hull, face: -1",confirmed repeated collision point,Rounded ray endpoint; not player standing height or a tread boundary
SHORT_FINE_Y1720_001,380.0,1720.0,48.99,965.2,4368.8,124.4346,"Hit: hitbox 0, hitgroup -1, bone -1, solid 1, surfaceprop concrete, contents 400004c1, shape type: Hull, face: -1",confirmed repeated collision point,Rounded ray endpoint; not player standing height or a tread boundary
SHORT_FLOOR_Y1720_002,380.0,1720.0,48.99,965.2,4368.8,124.4346,"Hit: hitbox 0, hitgroup -1, bone -1, solid 1, surfaceprop concrete, contents 400004c1, shape type: Hull, face: -1",confirmed repeated collision point,Rounded ray endpoint; not player standing height or a tread boundary
SHORT_FINE_Y1728_001,380.0,1728.0,56.99,965.2,4389.12,144.7546,"Hit: hitbox 0, hitgroup -1, bone -1, solid 1, surfaceprop concrete, contents 400004c1, shape type: Hull, face: -1",confirmed repeated collision point,Rounded ray endpoint; not player standing height or a tread boundary
SHORT_FINE_Y1736_001,380.0,1736.0,64.99,965.2,4409.44,165.0746,"Hit: hitbox 0, hitgroup -1, bone -1, solid 1, surfaceprop concrete, contents 400004c1, shape type: Hull, face: -1",confirmed repeated collision point,Rounded ray endpoint; not player standing height or a tread boundary
SHORT_FLOOR_Y1740_002,380.0,1740.0,64.99,965.2,4419.6,165.0746,"Hit: hitbox 0, hitgroup -1, bone -1, solid 1, surfaceprop concrete, contents 400004c1, shape type: Hull, face: -1",confirmed repeated collision point,Rounded ray endpoint; not player standing height or a tread boundary
SHORT_FINE_Y1744_001,380.0,1744.0,64.99,965.2,4429.76,165.0746,"Hit: hitbox 0, hitgroup -1, bone -1, solid 1, surfaceprop concrete, contents 400004c1, shape type: Hull, face: -1",confirmed repeated collision point,Rounded ray endpoint; not player standing height or a tread boundary
SHORT_FINE_Y1752_001,380.0,1752.0,72.03,965.2,4450.08,182.9562,"Hit: hitbox 0, hitgroup -1, bone -1, solid 1, surfaceprop concrete, contents 400004c1, shape type: Hull, face: -1",confirmed repeated collision point,Rounded ray endpoint; not player standing height or a tread boundary
SHORT_FINE_Y1760_001,380.0,1760.0,80.03,965.2,4470.4,203.2762,"Hit: hitbox 0, hitgroup -1, bone -1, solid 1, surfaceprop concrete, contents 400004c1, shape type: Hull, face: -1",confirmed repeated collision point,Rounded ray endpoint; not player standing height or a tread boundary
SHORT_FINE_Y1768_001,380.0,1768.0,80.03,965.2,4490.72,203.2762,"Hit: hitbox 0, hitgroup -1, bone -1, solid 1, surfaceprop concrete, contents 400004c1, shape type: Hull, face: -1",confirmed repeated collision point,Rounded ray endpoint; not player standing height or a tread boundary
SHORT_FINE_Y1776_001,380.0,1776.0,88.03,965.2,4511.04,223.5962,"Hit: hitbox 0, hitgroup -1, bone -1, solid 1, surfaceprop concrete, contents 400004c1, shape type: Hull, face: -1",confirmed repeated collision point,Rounded ray endpoint; not player standing height or a tread boundary
SHORT_FLOOR_Y1780_002,380.0,1780.0,88.03,965.2,4521.2,223.5962,"Hit: hitbox 0, hitgroup -1, bone -1, solid 1, surfaceprop concrete, contents 400004c1, shape type: Hull, face: -1",confirmed repeated collision point,Rounded ray endpoint; not player standing height or a tread boundary
SHORT_FINE_Y1784_001,380.0,1784.0,96.03,965.2,4531.36,243.9162,"Hit: hitbox 0, hitgroup -1, bone -1, solid 1, surfaceprop concrete, contents 400004c1, shape type: Hull, face: -1",confirmed repeated collision point,Rounded ray endpoint; not player standing height or a tread boundary
SHORT_FINE_Y1792_001,380.0,1792.0,96.03,965.2,4551.68,243.9162,"Hit: hitbox 0, hitgroup -1, bone -1, solid 1, surfaceprop concrete, contents 400004c1, shape type: Hull, face: -1",confirmed repeated collision point,Rounded ray endpoint; not player standing height or a tread boundary
SHORT_FINE_Y1800_001,380.0,1800.0,95.37,965.2,4572.0,242.2398,"Hit: hitbox 0, hitgroup -1, bone -1, solid 1, surfaceprop sand, contents 400004c1, shape type: Mesh, face: 135447",confirmed repeated collision point,Rounded ray endpoint; not player standing height or a tread boundary
SHORT_FINE_Y1808_001,380.0,1808.0,95.31,965.2,4592.32,242.0874,"Hit: hitbox 0, hitgroup -1, bone -1, solid 1, surfaceprop sand, contents 400004c1, shape type: Mesh, face: 135447",confirmed repeated collision point,Rounded ray endpoint; not player standing height or a tread boundary
SHORT_FINE_Y1816_001,380.0,1816.0,95.24,965.2,4612.64,241.9096,"Hit: hitbox 0, hitgroup -1, bone -1, solid 1, surfaceprop sand, contents 400004c1, shape type: Mesh, face: 135448",confirmed repeated collision point,Rounded ray endpoint; not player standing height or a tread boundary
