id,area,source_x,source_y,source_z,source_pitch,source_yaw,source_roll,unit,fov_cs_debug,image_path,status
QA_CT_RECOVERY_20261001_001,CT Spawn,160.122742,2369.676270,-119.918701,3.382499,-7.679975,0.000000,source_units,unrecorded,reference/images/ct_spawn/QA_CT_RECOVERY_20261001_001.jpg,REFERENCE_PARTIAL
QA_CT_RECOVERY_EAST,CT Spawn,160.122742,2369.676270,-119.918701,0.000000,0.000000,0.000000,source_units,unrecorded,reference/images/ct_spawn/QA_CT_RECOVERY_EAST.jpg,REFERENCE_PARTIAL
QA_CT_RECOVERY_NORTH,CT Spawn,160.122742,2369.676270,-119.918701,0.000000,90.000000,0.000000,source_units,unrecorded,reference/images/ct_spawn/QA_CT_RECOVERY_NORTH.jpg,REFERENCE_PARTIAL
QA_CT_RECOVERY_WEST,CT Spawn,160.122742,2369.676270,-119.918701,0.000000,-180.000000,0.000000,source_units,unrecorded,reference/images/ct_spawn/QA_CT_RECOVERY_WEST.jpg,REFERENCE_PARTIAL
QA_CT_RECOVERY_SOUTH,CT Spawn,160.122742,2369.676270,-119.918701,0.000000,-90.000000,0.000000,source_units,unrecorded,reference/images/ct_spawn/QA_CT_RECOVERY_SOUTH.jpg,REFERENCE_PARTIAL
QA_PLAN_DISCOVERY_001,all,0.000000,1000.000000,4500.000000,88.999908,90.000000,0.000000,source_units,90,reference/images/overview/QA_PLAN_DISCOVERY_001.jpg,REFERENCE_PARTIAL
QA_A_DISCOVERY_001,A Site,1100.000000,2500.000000,160.000000,0.000000,-90.000000,0.000000,source_units,90,reference/images/a_site/QA_A_DISCOVERY_001.jpg,REFERENCE_PARTIAL
QA_B_DISCOVERY_001,B Site,-1800.000000,2500.000000,160.000000,0.000000,-90.000000,0.000000,source_units,90,reference/images/b_site/QA_B_DISCOVERY_001.jpg,REFERENCE_PARTIAL
QA_MID_DISCOVERY_001,Catwalk / Mid,-300.000000,1000.000000,100.000000,0.000000,90.000000,0.000000,source_units,90,reference/images/catwalk/QA_MID_DISCOVERY_001.jpg,REFERENCE_PARTIAL
QA_TSPAWN_DISCOVERY_001,T Spawn,-500.000000,-900.000000,160.000000,0.000000,90.000000,0.000000,source_units,90,reference/images/t_spawn/QA_TSPAWN_DISCOVERY_001.jpg,REFERENCE_PARTIAL
QA_LONG_DISCOVERY_001,Long A,1400.000000,1100.000000,100.000000,0.000000,90.000000,0.000000,source_units,90,reference/images/long_a/QA_LONG_DISCOVERY_001.jpg,REFERENCE_PARTIAL
QA_OUTLONG_DISCOVERY_002,Outside Long / Long Doors,400.000000,100.000000,50.000000,0.000000,45.000000,0.000000,source_units,90,reference/images/outside_long/QA_OUTLONG_DISCOVERY_002.jpg,REFERENCE_PARTIAL
QA_SHORT_DISCOVERY_002,A Short,300.000000,1700.000000,100.000000,0.000000,0.000000,0.000000,source_units,90,reference/images/short/QA_SHORT_DISCOVERY_002.jpg,REFERENCE_PARTIAL
QA_SHORT_DISCOVERY_003,A Short,300.000000,1700.000000,100.000000,0.000000,90.000000,0.000000,source_units,90,reference/images/short/QA_SHORT_DISCOVERY_003.jpg,REFERENCE_PARTIAL
QA_UPTUN_DISCOVERY_002,Upper Tunnels / B Tunnel Exit,-1950.000000,1200.000000,0.000000,0.000000,90.000000,0.000000,source_units,90,reference/images/upper_tunnels/QA_UPTUN_DISCOVERY_002.jpg,REFERENCE_PARTIAL
QA_LOWTUN_DISCOVERY_002,Lower Tunnels,-1100.000000,1450.000000,-100.000000,0.000000,0.000000,0.000000,source_units,90,reference/images/lower_tunnels/QA_LOWTUN_DISCOVERY_002.jpg,REFERENCE_PARTIAL
QA_PIT_PLAN_DISCOVERY_001,Long Corner / Side Pit,1600.000000,700.000000,500.000000,88.999908,90.000000,0.000000,source_units,90,reference/images/pit/QA_PIT_PLAN_DISCOVERY_001.jpg,REFERENCE_PARTIAL
QA_SIDE_PIT_DISCOVERY_002,Side Pit / Long Corner,1700.000000,500.000000,100.000000,19.999924,90.000000,0.000000,source_units,90,reference/images/pit/QA_SIDE_PIT_DISCOVERY_002.jpg,REFERENCE_PARTIAL
