id,area,feature,required_evidence,status,value_cm,source_id,notes
D001,T Spawn / Outside Long,connection clearance and elevation,current-build endpoints and directional views,unresolved,,,Not a measured dimension
D002,T Spawn / T Ramp,connection clearance and elevation,current-build endpoints and directional views,unresolved,,,Not a measured dimension
D003,T Ramp / Outside Tunnels,connection clearance and elevation,current-build endpoints and directional views,unresolved,,,Not a measured dimension
D004,Outside Tunnels / Upper Tunnels,connection clearance and elevation,current-build endpoints and directional views,unresolved,,,Not a measured dimension
D005,Upper Tunnels / B Tunnel Exit,connection clearance and elevation,current-build endpoints and directional views,unresolved,,,Not a measured dimension
D006,B Tunnel Exit / B Site,connection clearance and elevation,current-build endpoints and directional views,unresolved,,,Not a measured dimension
D007,Upper Tunnels / Tunnel Stairs,connection clearance and elevation,current-build endpoints and directional views,unresolved,,,Not a measured dimension
D008,Tunnel Stairs / Lower Tunnels,connection clearance and elevation,current-build endpoints and directional views,unresolved,,,Not a measured dimension
D009,Lower Tunnels / Mid,connection clearance and elevation,current-build endpoints and directional views,unresolved,,,Not a measured dimension
D010,Outside Long / Top Mid,connection clearance and elevation,current-build endpoints and directional views,unresolved,,,Not a measured dimension
D011,T Spawn / Suicide,connection clearance and elevation,current-build endpoints and directional views,unresolved,,,Not a measured dimension
D012,Suicide / Top Mid,connection clearance and elevation,current-build endpoints and directional views,unresolved,,,Not a measured dimension
D013,Top Mid / Mid,connection clearance and elevation,current-build endpoints and directional views,unresolved,,,Not a measured dimension
D014,Top Mid / Catwalk,connection clearance and elevation,current-build endpoints and directional views,unresolved,,,Not a measured dimension
D015,Mid / Mid Doors,connection clearance and elevation,current-build endpoints and directional views,unresolved,,,Not a measured dimension
D016,Mid Doors / CT Mid,connection clearance and elevation,current-build endpoints and directional views,unresolved,,,Not a measured dimension
D017,CT Mid / B Doors,connection clearance and elevation,current-build endpoints and directional views,unresolved,,,Not a measured dimension
D018,B Doors / B Site,connection clearance and elevation,current-build endpoints and directional views,unresolved,,,Not a measured dimension
D019,CT Mid / B Window,connection clearance and elevation,current-build endpoints and directional views,unresolved,,,Not a measured dimension
D020,B Window / B Site,connection clearance and elevation,current-build endpoints and directional views,unresolved,,,Not a measured dimension
D021,CT Mid / CT Spawn,connection clearance and elevation,current-build endpoints and directional views,unresolved,,,Not a measured dimension
D022,CT Spawn / Under A,connection clearance and elevation,current-build endpoints and directional views,unresolved,,,Not a measured dimension
D023,Under A / A Cross,connection clearance and elevation,current-build endpoints and directional views,unresolved,,,Not a measured dimension
D024,Outside Long / Long Doors,connection clearance and elevation,current-build endpoints and directional views,unresolved,,,Not a measured dimension
D025,Long Doors / Long Corner,connection clearance and elevation,current-build endpoints and directional views,unresolved,,,Not a measured dimension
D026,Long Corner / Side Pit,connection clearance and elevation,current-build endpoints and directional views,unresolved,,,Not a measured dimension
D027,Side Pit / Pit,connection clearance and elevation,current-build endpoints and directional views,unresolved,,,Not a measured dimension
D028,Long Corner / Long A,connection clearance and elevation,current-build endpoints and directional views,unresolved,,,Not a measured dimension
D029,Long A / A Cross,connection clearance and elevation,current-build endpoints and directional views,unresolved,,,Not a measured dimension
D030,A Cross / A Ramp,connection clearance and elevation,current-build endpoints and directional views,unresolved,,,Not a measured dimension
D031,A Ramp / A Site,connection clearance and elevation,current-build endpoints and directional views,unresolved,,,Not a measured dimension
D032,Catwalk / Short Stairs,connection clearance and elevation,current-build endpoints and directional views,unresolved,,,Not a measured dimension
D033,Short Stairs / A Short,connection clearance and elevation,current-build endpoints and directional views,unresolved,,,Not a measured dimension
D034,A Short / A Site,connection clearance and elevation,current-build endpoints and directional views,unresolved,,,Not a measured dimension
D035,Mid / Catwalk,connection clearance and elevation,current-build endpoints and directional views,unresolved,,,Not a measured dimension
D036,A Short / CT Spawn,connection clearance and elevation,current-build endpoints and directional views,unresolved,,,Not a measured dimension
D037,CT Spawn / A Short,connection clearance and elevation,current-build endpoints and directional views,unresolved,,,Not a measured dimension
D038,Under A / A Site,connection clearance and elevation,current-build endpoints and directional views,unresolved,,,Not a measured dimension
D039,Long Doors,outer aperture width/height and door leaf clearance,repeated source endpoints with source-unit and centimeter calibration,unresolved,,,Split compound tasks into atomic measurements during survey
D040,Long Doors,inner aperture width/height and chamber spans,repeated source endpoints with source-unit and centimeter calibration,unresolved,,,Split compound tasks into atomic measurements during survey
D041,Mid Doors,wall aperture width/height and passage clearance,repeated source endpoints with source-unit and centimeter calibration,unresolved,,,Split compound tasks into atomic measurements during survey
D042,B Doors,wall aperture width/height and passage clearance,repeated source endpoints with source-unit and centimeter calibration,unresolved,,,Split compound tasks into atomic measurements during survey
D043,B Window,sill elevation and aperture width/height,repeated source endpoints with source-unit and centimeter calibration,unresolved,,,Split compound tasks into atomic measurements during survey
D044,Short Stairs,width; count; rise; run; total elevation,repeated source endpoints with source-unit and centimeter calibration,unresolved,,,Split compound tasks into atomic measurements during survey
D045,Tunnel Stairs,width; count; rise; run; total elevation,repeated source endpoints with source-unit and centimeter calibration,unresolved,,,Split compound tasks into atomic measurements during survey
D046,A Ramp,width; horizontal run; rise; slope angle,repeated source endpoints with source-unit and centimeter calibration,unresolved,,,Split compound tasks into atomic measurements during survey
D047,Pit,rim-to-floor depth and footprint,repeated source endpoints with source-unit and centimeter calibration,unresolved,,,Split compound tasks into atomic measurements during survey
D048,A Site,platform span and floor datum,repeated source endpoints with source-unit and centimeter calibration,unresolved,,,Split compound tasks into atomic measurements during survey
D049,B Site,courtyard spans; platform and cover dimensions,repeated source endpoints with source-unit and centimeter calibration,unresolved,,,Split compound tasks into atomic measurements during survey
D050,Mid,Xbox cover width/depth/height and Catwalk relative elevation,repeated source endpoints with source-unit and centimeter calibration,unresolved,,,Split compound tasks into atomic measurements during survey
D051,Long A,clear route width and Long-to-A sightline distance,repeated source endpoints with source-unit and centimeter calibration,unresolved,,,Split compound tasks into atomic measurements during survey
D052,T Spawn,spawn spans; Mid wall/occlusion and drop height,repeated source endpoints with source-unit and centimeter calibration,unresolved,,,Split compound tasks into atomic measurements during survey
D053,all,footprint; scale anchors; source-axis transform,repeated source endpoints with source-unit and centimeter calibration,unresolved,,,Split compound tasks into atomic measurements during survey
