id,branch,riser,rise_cm,run_to_next_face_cm,face_x,face_y,face_z,before_report,after_report,limits
TUNNEL_SOUTH_RISER_1,south,1,20.3454,40.64,-1100.0,1248.03,-108.0,TUNSTAIR_X-1100_Y1252_001,TUNSTAIR_X-1100_Y1244_001,Repeated local collision face and adjacent sampled floor points. Individual projected run varies through winder; no uniform spacing or final tread-edge extrapolation.
TUNNEL_SOUTH_RISER_2,south,2,20.32,40.64,-1100.0,1232.03,-100.0,TUNSTAIR_X-1100_Y1236_001,TUNSTAIR_X-1100_Y1228_001,Repeated local collision face and adjacent sampled floor points. Individual projected run varies through winder; no uniform spacing or final tread-edge extrapolation.
TUNNEL_SOUTH_RISER_3,south,3,20.32,38.7858,-1100.0,1216.03,-92.0,TUNSTAIR_X-1100_Y1220_001,TUNSTAIR_X-1100_Y1212_001,Repeated local collision face and adjacent sampled floor points. Individual projected run varies through winder; no uniform spacing or final tread-edge extrapolation.
TUNNEL_SOUTH_RISER_4,south,4,20.32,40.1574,-1100.0,1200.76,-84.0,TUNSTAIR_X-1100_Y1204_001,TUNSTAIR_X-1100_Y1196_001,Repeated local collision face and adjacent sampled floor points. Individual projected run varies through winder; no uniform spacing or final tread-edge extrapolation.
TUNNEL_SOUTH_RISER_5,south,5,20.32,43.0784,-1100.0,1184.95,-76.0,TUNSTAIR_X-1100_Y1188_001,TUNSTAIR_X-1100_Y1180_001,Repeated local collision face and adjacent sampled floor points. Individual projected run varies through winder; no uniform spacing or final tread-edge extrapolation.
TUNNEL_SOUTH_RISER_6,south,6,20.32,48.0822,-1100.0,1167.99,-68.0,TUNSTAIR_X-1100_Y1172_001,TUNSTAIR_X-1100_Y1164_001,Repeated local collision face and adjacent sampled floor points. Individual projected run varies through winder; no uniform spacing or final tread-edge extrapolation.
TUNNEL_SOUTH_RISER_7,south,7,20.32,55.9562,-1100.0,1149.06,-60.0,TUNSTAIR_X-1100_Y1156_001,TUNSTAIR_X-1100_Y1148_001,Repeated local collision face and adjacent sampled floor points. Individual projected run varies through winder; no uniform spacing or final tread-edge extrapolation.
TUNNEL_SOUTH_RISER_8,south,8,20.32,68.5546,-1100.0,1127.03,-52.0,TUNSTAIR_X-1100_Y1132_001,TUNSTAIR_X-1100_Y1124_001,Repeated local collision face and adjacent sampled floor points. Individual projected run varies through winder; no uniform spacing or final tread-edge extrapolation.
TUNNEL_SOUTH_RISER_9,south,9,20.32,,-1100.0,1100.04,-44.0,TUNSTAIR_X-1100_Y1102_003,TUNSTAIR_X-1100_Y1098_003,Repeated local collision face and adjacent sampled floor points. Individual projected run varies through winder; no uniform spacing or final tread-edge extrapolation.
TUNNEL_WEST_RISER_1,west,1,20.32,65.6336,-1111.6,1080.0,-36.0,TUNSTAIR_X-1108_Y1080_003,TUNSTAIR_X-1116_Y1080_003,Repeated local collision face and adjacent sampled floor points. Individual projected run varies through winder; no uniform spacing or final tread-edge extrapolation.
TUNNEL_WEST_RISER_2,west,2,20.32,56.3626,-1137.44,1080.0,-28.0,TUNSTAIR_X-1132_Y1080_003,TUNSTAIR_X-1140_Y1080_003,Repeated local collision face and adjacent sampled floor points. Individual projected run varies through winder; no uniform spacing or final tread-edge extrapolation.
TUNNEL_WEST_RISER_3,west,3,20.32,50.546,-1159.63,1080.0,-20.0,TUNSTAIR_X-1156_Y1080_003,TUNSTAIR_X-1164_Y1080_003,Repeated local collision face and adjacent sampled floor points. Individual projected run varies through winder; no uniform spacing or final tread-edge extrapolation.
TUNNEL_WEST_RISER_4,west,4,20.32,47.0662,-1179.53,1080.0,-12.0,TUNSTAIR_X-1172_Y1080_003,TUNSTAIR_X-1180_Y1080_003,Repeated local collision face and adjacent sampled floor points. Individual projected run varies through winder; no uniform spacing or final tread-edge extrapolation.
TUNNEL_WEST_RISER_5,west,5,20.32,45.4914,-1198.06,1080.0,-4.0,TUNSTAIR_X-1196_Y1080_003,TUNSTAIR_X-1204_Y1080_003,Repeated local collision face and adjacent sampled floor points. Individual projected run varies through winder; no uniform spacing or final tread-edge extrapolation.
TUNNEL_WEST_RISER_6,west,6,20.32,40.64,-1215.97,1080.0,4.0,TUNSTAIR_X-1212_Y1080_003,TUNSTAIR_X-1220_Y1080_003,Repeated local collision face and adjacent sampled floor points. Individual projected run varies through winder; no uniform spacing or final tread-edge extrapolation.
TUNNEL_WEST_RISER_7,west,7,20.32,40.64,-1231.97,1080.0,12.0,TUNSTAIR_X-1228_Y1080_003,TUNSTAIR_X-1236_Y1080_003,Repeated local collision face and adjacent sampled floor points. Individual projected run varies through winder; no uniform spacing or final tread-edge extrapolation.
TUNNEL_WEST_RISER_8,west,8,20.32,40.64,-1247.97,1080.0,20.0,TUNSTAIR_X-1244_Y1080_003,TUNSTAIR_X-1252_Y1080_003,Repeated local collision face and adjacent sampled floor points. Individual projected run varies through winder; no uniform spacing or final tread-edge extrapolation.
TUNNEL_WEST_RISER_9,west,9,20.32,,-1263.97,1080.0,28.0,TUNSTAIR_X-1260_Y1080_003,TUNSTAIR_X-1268_Y1080_003,Repeated local collision face and adjacent sampled floor points. Individual projected run varies through winder; no uniform spacing or final tread-edge extrapolation.
