station,face,side,source_x,source_y,source_z,signed_residual_native,residual_cm,predeclared_threshold_cm,component_match,status
SOUTH_FACE_1_INNER_LATERAL_004,SOUTH_FACE_1,INNER,-1130.0,1248.03,-108.0,0.0,0.0,0.254,True,point pass
SOUTH_FACE_1_OUTER_LATERAL_004,SOUTH_FACE_1,OUTER,-1040.0,1248.03,-108.0,0.0,0.0,0.254,True,point pass
SOUTH_FACE_2_INNER_LATERAL_004,SOUTH_FACE_2,INNER,-1130.0,1232.03,-100.0,0.0,0.0,0.254,True,point pass
SOUTH_FACE_2_OUTER_LATERAL_004,SOUTH_FACE_2,OUTER,-1040.0,1232.03,-100.0,0.0,0.0,0.254,True,point pass
SOUTH_FACE_3_INNER_LATERAL_004,SOUTH_FACE_3,INNER,-1129.97,1216.03,-92.0,0.0,0.0,0.254,True,point pass
SOUTH_FACE_3_OUTER_LATERAL_004,SOUTH_FACE_3,OUTER,-1035.97,1216.03,-92.0,0.0,0.0,0.254,True,point pass
SOUTH_FACE_4_INNER_LATERAL_004,SOUTH_FACE_4,INNER,-1130.71,1204.8,-84.0,-0.009796432224220553,-0.024882937849520205,0.254,True,point pass
SOUTH_FACE_4_OUTER_LATERAL_004,SOUTH_FACE_4,OUTER,-1037.51,1192.53,-84.0,0.010775455810971835,0.027369657759868462,0.254,True,point pass
SOUTH_FACE_5_INNER_LATERAL_004,SOUTH_FACE_5,INNER,-1132.9,1193.77,-76.0,-0.0012677219112902094,-0.003220013654677132,0.254,True,point pass
SOUTH_FACE_5_OUTER_LATERAL_004,SOUTH_FACE_5,OUTER,-1042.1,1169.44,-76.0,0.013944941022714374,0.03542015019769451,0.254,True,point pass
SOUTH_FACE_6_INNER_LATERAL_004,SOUTH_FACE_6,INNER,-1136.52,1183.11,-68.0,-0.011986652660766595,-0.03044609775834715,0.254,True,point pass
SOUTH_FACE_6_OUTER_LATERAL_004,SOUTH_FACE_6,OUTER,-1049.67,1147.14,-68.0,0.005075273453485352,0.012891194571852794,0.254,True,point pass
SOUTH_FACE_7_INNER_LATERAL_004,SOUTH_FACE_7,INNER,-1141.5,1173.02,-60.0,0.01705338359874986,0.043315594340824645,0.254,True,point pass
SOUTH_FACE_7_OUTER_LATERAL_004,SOUTH_FACE_7,OUTER,-1060.09,1126.02,-60.0,-0.014655082349690929,-0.03722390916821496,0.254,True,point pass
SOUTH_FACE_8_INNER_LATERAL_004,SOUTH_FACE_8,INNER,-1147.75,1163.67,-52.0,-0.006445457279369293,-0.016371461489598005,0.254,True,point pass
SOUTH_FACE_8_OUTER_LATERAL_004,SOUTH_FACE_8,OUTER,-1073.17,1106.44,-52.0,0.0016064062758687214,0.0040802719407065525,0.254,True,point pass
SOUTH_FACE_9_INNER_LATERAL_004,SOUTH_FACE_9,INNER,-1155.17,1155.21,-44.0,0.0,0.0,0.254,True,point pass
SOUTH_FACE_9_OUTER_LATERAL_004,SOUTH_FACE_9,OUTER,-1088.7,1088.74,-44.0,0.0,0.0,0.254,True,point pass
WEST_FACE_1_INNER_LATERAL_004,WEST_FACE_1,INNER,-1163.63,1147.8,-36.0,-0.028467764256902228,-0.07230812121253166,0.254,True,point pass
WEST_FACE_1_OUTER_LATERAL_004,WEST_FACE_1,OUTER,-1106.4,1073.22,-36.0,0.0004661968362142943,0.0011841399639843076,0.254,True,point pass
WEST_FACE_2_INNER_LATERAL_004,WEST_FACE_2,INNER,-1172.98,1141.55,-28.0,-0.028882476666353796,-0.07336149073253864,0.254,True,point pass
WEST_FACE_2_OUTER_LATERAL_004,WEST_FACE_2,OUTER,-1125.98,1060.14,-28.0,0.0028259892822006805,0.007178012776789728,0.254,True,point pass
WEST_FACE_3_INNER_LATERAL_004,WEST_FACE_3,INNER,-1183.07,1136.57,-20.0,-0.0315672057346319,-0.08018070256596502,0.254,True,point pass
WEST_FACE_3_OUTER_LATERAL_004,WEST_FACE_3,OUTER,-1147.09,1049.73,-20.0,0.014588137886335062,0.03705387023129106,0.254,True,point pass
WEST_FACE_4_INNER_LATERAL_004,WEST_FACE_4,INNER,-1193.72,1132.96,-12.0,0.009562245272718428,0.024288102992704806,0.254,True,point pass
WEST_FACE_4_OUTER_LATERAL_004,WEST_FACE_4,OUTER,-1169.39,1042.16,-12.0,-0.005650417661286156,-0.014352060859666836,0.254,True,point pass
WEST_FACE_5_INNER_LATERAL_004,WEST_FACE_5,INNER,-1204.75,1130.77,-4.0,-0.02621268681195943,-0.06658022450237695,0.254,True,point pass
WEST_FACE_5_OUTER_LATERAL_004,WEST_FACE_5,OUTER,-1192.48,1037.57,-4.0,0.010968429233344068,0.027859810252693934,0.254,True,point pass
WEST_FACE_6_INNER_LATERAL_004,WEST_FACE_6,INNER,-1215.97,1130.03,4.0,0.0,0.0,0.254,True,point pass
WEST_FACE_6_OUTER_LATERAL_004,WEST_FACE_6,OUTER,-1215.97,1036.03,4.0,0.0,0.0,0.254,True,point pass
WEST_FACE_7_INNER_LATERAL_004,WEST_FACE_7,INNER,-1231.97,1130.0,12.0,0.0,0.0,0.254,True,point pass
WEST_FACE_7_OUTER_LATERAL_004,WEST_FACE_7,OUTER,-1231.97,1040.0,12.0,0.0,0.0,0.254,True,point pass
WEST_FACE_8_INNER_LATERAL_004,WEST_FACE_8,INNER,-1247.97,1130.0,20.0,0.0,0.0,0.254,True,point pass
WEST_FACE_8_OUTER_LATERAL_004,WEST_FACE_8,OUTER,-1247.97,1040.0,20.0,0.0,0.0,0.254,True,point pass
WEST_FACE_9_INNER_LATERAL_004,WEST_FACE_9,INNER,-1263.97,1130.0,28.0,0.0,0.0,0.254,True,point pass
WEST_FACE_9_OUTER_LATERAL_004,WEST_FACE_9,OUTER,-1263.97,1040.0,28.0,0.0,0.0,0.254,True,point pass
