id,sector,selection_type,source_x,source_y,source_z,x_cm,y_cm,z_cm,predicted_z_native,observed_residual_native,old_scalar_basis_report,confidence,limits
TUN_WINDER_01_INNER_FLOOR_001,1,INNER,-1126.16,1210.15,-87.97,-2860.4464,3073.781,-223.4438,-87.97,0.0,TUNSTAIR_X-1100_Y1212_001,confirmed repeated local collision-floor point; prospective scalar-height check,"Rebuild fresh winder floor checks against predeclared tread heights.

Inputs: TUNNEL_STAIR_PROFILE fresh_winder_floor_holds and checked local camera.
Outputs: TUNNEL_WINDER_FLOOR_CHECKS.csv/JSON/SVG. Run and render/inspect the SVG.
Four local checked points per tread do not certify unseen floor interpolation,
complete tread side/terminal bounds or exact rendered/collision correspondence.
"
TUN_WINDER_01_OUTER_FLOOR_001,1,OUTER,-1046.33,1204.91,-87.97,-2657.6782,3060.4714,-223.4438,-87.97,0.0,TUNSTAIR_X-1100_Y1204_001,confirmed repeated local collision-floor point; prospective scalar-height check,"Rebuild fresh winder floor checks against predeclared tread heights.

Inputs: TUNNEL_STAIR_PROFILE fresh_winder_floor_holds and checked local camera.
Outputs: TUNNEL_WINDER_FLOOR_CHECKS.csv/JSON/SVG. Run and render/inspect the SVG.
Four local checked points per tread do not certify unseen floor interpolation,
complete tread side/terminal bounds or exact rendered/collision correspondence.
"
TUN_WINDER_01_ANGLE_LOW_FLOOR_001,1,ANGLE_LOW,-1088.51,1204.32,-87.97,-2764.8154,3058.9728,-223.4438,-87.97,0.0,TUNSTAIR_X-1100_Y1204_001,confirmed repeated local collision-floor point; prospective scalar-height check,"Rebuild fresh winder floor checks against predeclared tread heights.

Inputs: TUNNEL_STAIR_PROFILE fresh_winder_floor_holds and checked local camera.
Outputs: TUNNEL_WINDER_FLOOR_CHECKS.csv/JSON/SVG. Run and render/inspect the SVG.
Four local checked points per tread do not certify unseen floor interpolation,
complete tread side/terminal bounds or exact rendered/collision correspondence.
"
TUN_WINDER_01_ANGLE_HIGH_FLOOR_001,1,ANGLE_HIGH,-1088.06,1211.01,-87.97,-2763.6724,3075.9654,-223.4438,-87.97,0.0,TUNSTAIR_X-1100_Y1212_001,confirmed repeated local collision-floor point; prospective scalar-height check,"Rebuild fresh winder floor checks against predeclared tread heights.

Inputs: TUNNEL_STAIR_PROFILE fresh_winder_floor_holds and checked local camera.
Outputs: TUNNEL_WINDER_FLOOR_CHECKS.csv/JSON/SVG. Run and render/inspect the SVG.
Four local checked points per tread do not certify unseen floor interpolation,
complete tread side/terminal bounds or exact rendered/collision correspondence.
"
TUN_WINDER_02_INNER_FLOOR_001,2,INNER,-1127.7,1198.47,-79.97,-2864.358,3044.1138,-203.1238,-79.97,0.0,TUNSTAIR_X-1100_Y1196_001,confirmed repeated local collision-floor point; prospective scalar-height check,"Rebuild fresh winder floor checks against predeclared tread heights.

Inputs: TUNNEL_STAIR_PROFILE fresh_winder_floor_holds and checked local camera.
Outputs: TUNNEL_WINDER_FLOOR_CHECKS.csv/JSON/SVG. Run and render/inspect the SVG.
Four local checked points per tread do not certify unseen floor interpolation,
complete tread side/terminal bounds or exact rendered/collision correspondence.
"
TUN_WINDER_02_OUTER_FLOOR_001,2,OUTER,-1049.24,1182.87,-79.97,-2665.0696,3004.4898,-203.1238,-79.97,0.0,TUNSTAIR_X-1100_Y1188_001,confirmed repeated local collision-floor point; prospective scalar-height check,"Rebuild fresh winder floor checks against predeclared tread heights.

Inputs: TUNNEL_STAIR_PROFILE fresh_winder_floor_holds and checked local camera.
Outputs: TUNNEL_WINDER_FLOOR_CHECKS.csv/JSON/SVG. Run and render/inspect the SVG.
Four local checked points per tread do not certify unseen floor interpolation,
complete tread side/terminal bounds or exact rendered/collision correspondence.
"
TUN_WINDER_02_ANGLE_LOW_FLOOR_001,2,ANGLE_LOW,-1091.13,1187.78,-79.97,-2771.4702,3016.9612,-203.1238,-79.97,0.0,TUNSTAIR_X-1100_Y1188_001,confirmed repeated local collision-floor point; prospective scalar-height check,"Rebuild fresh winder floor checks against predeclared tread heights.

Inputs: TUNNEL_STAIR_PROFILE fresh_winder_floor_holds and checked local camera.
Outputs: TUNNEL_WINDER_FLOOR_CHECKS.csv/JSON/SVG. Run and render/inspect the SVG.
Four local checked points per tread do not certify unseen floor interpolation,
complete tread side/terminal bounds or exact rendered/collision correspondence.
"
TUN_WINDER_02_ANGLE_HIGH_FLOOR_001,2,ANGLE_HIGH,-1089.81,1194.36,-79.97,-2768.1174,3033.6744,-203.1238,-79.97,0.0,TUNSTAIR_X-1100_Y1196_001,confirmed repeated local collision-floor point; prospective scalar-height check,"Rebuild fresh winder floor checks against predeclared tread heights.

Inputs: TUNNEL_STAIR_PROFILE fresh_winder_floor_holds and checked local camera.
Outputs: TUNNEL_WINDER_FLOOR_CHECKS.csv/JSON/SVG. Run and render/inspect the SVG.
Four local checked points per tread do not certify unseen floor interpolation,
complete tread side/terminal bounds or exact rendered/collision correspondence.
"
TUN_WINDER_03_INNER_FLOOR_001,3,INNER,-1130.75,1187.1,-71.97,-2872.105,3015.234,-182.8038,-71.97,0.0,TUNSTAIR_X-1100_Y1180_001,confirmed repeated local collision-floor point; prospective scalar-height check,"Rebuild fresh winder floor checks against predeclared tread heights.

Inputs: TUNNEL_STAIR_PROFILE fresh_winder_floor_holds and checked local camera.
Outputs: TUNNEL_WINDER_FLOOR_CHECKS.csv/JSON/SVG. Run and render/inspect the SVG.
Four local checked points per tread do not certify unseen floor interpolation,
complete tread side/terminal bounds or exact rendered/collision correspondence.
"
TUN_WINDER_03_OUTER_FLOOR_001,3,OUTER,-1054.99,1161.38,-71.97,-2679.6746,2949.9052,-182.8038,-71.97,0.0,TUNSTAIR_X-1100_Y1172_001,confirmed repeated local collision-floor point; prospective scalar-height check,"Rebuild fresh winder floor checks against predeclared tread heights.

Inputs: TUNNEL_STAIR_PROFILE fresh_winder_floor_holds and checked local camera.
Outputs: TUNNEL_WINDER_FLOOR_CHECKS.csv/JSON/SVG. Run and render/inspect the SVG.
Four local checked points per tread do not certify unseen floor interpolation,
complete tread side/terminal bounds or exact rendered/collision correspondence.
"
TUN_WINDER_03_ANGLE_LOW_FLOOR_001,3,ANGLE_LOW,-1095.88,1171.72,-71.97,-2783.5352,2976.1688,-182.8038,-71.97,0.0,TUNSTAIR_X-1100_Y1172_001,confirmed repeated local collision-floor point; prospective scalar-height check,"Rebuild fresh winder floor checks against predeclared tread heights.

Inputs: TUNNEL_STAIR_PROFILE fresh_winder_floor_holds and checked local camera.
Outputs: TUNNEL_WINDER_FLOOR_CHECKS.csv/JSON/SVG. Run and render/inspect the SVG.
Four local checked points per tread do not certify unseen floor interpolation,
complete tread side/terminal bounds or exact rendered/collision correspondence.
"
TUN_WINDER_03_ANGLE_HIGH_FLOOR_001,3,ANGLE_HIGH,-1093.73,1178.08,-71.97,-2778.0742,2992.3232,-182.8038,-71.97,0.0,TUNSTAIR_X-1100_Y1180_001,confirmed repeated local collision-floor point; prospective scalar-height check,"Rebuild fresh winder floor checks against predeclared tread heights.

Inputs: TUNNEL_STAIR_PROFILE fresh_winder_floor_holds and checked local camera.
Outputs: TUNNEL_WINDER_FLOOR_CHECKS.csv/JSON/SVG. Run and render/inspect the SVG.
Four local checked points per tread do not certify unseen floor interpolation,
complete tread side/terminal bounds or exact rendered/collision correspondence.
"
TUN_WINDER_04_INNER_FLOOR_001,4,INNER,-1135.25,1176.23,-63.97,-2883.535,2987.6242,-162.4838,-63.97,0.0,TUNSTAIR_X-1100_Y1164_001,confirmed repeated local collision-floor point; prospective scalar-height check,"Rebuild fresh winder floor checks against predeclared tread heights.

Inputs: TUNNEL_STAIR_PROFILE fresh_winder_floor_holds and checked local camera.
Outputs: TUNNEL_WINDER_FLOOR_CHECKS.csv/JSON/SVG. Run and render/inspect the SVG.
Four local checked points per tread do not certify unseen floor interpolation,
complete tread side/terminal bounds or exact rendered/collision correspondence.
"
TUN_WINDER_04_OUTER_FLOOR_001,4,OUTER,-1063.5,1140.84,-63.97,-2701.29,2897.7336,-162.4838,-63.97,0.0,TUNSTAIR_X-1100_Y1156_001,confirmed repeated local collision-floor point; prospective scalar-height check,"Rebuild fresh winder floor checks against predeclared tread heights.

Inputs: TUNNEL_STAIR_PROFILE fresh_winder_floor_holds and checked local camera.
Outputs: TUNNEL_WINDER_FLOOR_CHECKS.csv/JSON/SVG. Run and render/inspect the SVG.
Four local checked points per tread do not certify unseen floor interpolation,
complete tread side/terminal bounds or exact rendered/collision correspondence.
"
TUN_WINDER_04_ANGLE_LOW_FLOOR_001,4,ANGLE_LOW,-1102.69,1156.43,-63.97,-2800.8326,2937.3322,-162.4838,-63.97,0.0,TUNSTAIR_X-1100_Y1156_001,confirmed repeated local collision-floor point; prospective scalar-height check,"Rebuild fresh winder floor checks against predeclared tread heights.

Inputs: TUNNEL_STAIR_PROFILE fresh_winder_floor_holds and checked local camera.
Outputs: TUNNEL_WINDER_FLOOR_CHECKS.csv/JSON/SVG. Run and render/inspect the SVG.
Four local checked points per tread do not certify unseen floor interpolation,
complete tread side/terminal bounds or exact rendered/collision correspondence.
"
TUN_WINDER_04_ANGLE_HIGH_FLOOR_001,4,ANGLE_HIGH,-1099.73,1162.44,-63.97,-2793.3142,2952.5976,-162.4838,-63.97,0.0,TUNSTAIR_X-1100_Y1164_001,confirmed repeated local collision-floor point; prospective scalar-height check,"Rebuild fresh winder floor checks against predeclared tread heights.

Inputs: TUNNEL_STAIR_PROFILE fresh_winder_floor_holds and checked local camera.
Outputs: TUNNEL_WINDER_FLOOR_CHECKS.csv/JSON/SVG. Run and render/inspect the SVG.
Four local checked points per tread do not certify unseen floor interpolation,
complete tread side/terminal bounds or exact rendered/collision correspondence.
"
TUN_WINDER_05_INNER_FLOOR_001,5,INNER,-1141.14,1166.03,-55.97,-2898.4956,2961.7162,-142.1638,-55.97,0.0,TUNSTAIR_X-1100_Y1148_001,confirmed repeated local collision-floor point; prospective scalar-height check,"Rebuild fresh winder floor checks against predeclared tread heights.

Inputs: TUNNEL_STAIR_PROFILE fresh_winder_floor_holds and checked local camera.
Outputs: TUNNEL_WINDER_FLOOR_CHECKS.csv/JSON/SVG. Run and render/inspect the SVG.
Four local checked points per tread do not certify unseen floor interpolation,
complete tread side/terminal bounds or exact rendered/collision correspondence.
"
TUN_WINDER_05_OUTER_FLOOR_001,5,OUTER,-1074.62,1121.59,-55.97,-2729.5348,2848.8386,-142.1638,-55.97,0.0,TUNSTAIR_X-1100_Y1132_001,confirmed repeated local collision-floor point; prospective scalar-height check,"Rebuild fresh winder floor checks against predeclared tread heights.

Inputs: TUNNEL_STAIR_PROFILE fresh_winder_floor_holds and checked local camera.
Outputs: TUNNEL_WINDER_FLOOR_CHECKS.csv/JSON/SVG. Run and render/inspect the SVG.
Four local checked points per tread do not certify unseen floor interpolation,
complete tread side/terminal bounds or exact rendered/collision correspondence.
"
TUN_WINDER_05_ANGLE_LOW_FLOOR_001,5,ANGLE_LOW,-1111.44,1142.15,-55.97,-2823.0576,2901.061,-142.1638,-55.97,0.0,TUNSTAIR_X-1100_Y1140_001,confirmed repeated local collision-floor point; prospective scalar-height check,"Rebuild fresh winder floor checks against predeclared tread heights.

Inputs: TUNNEL_STAIR_PROFILE fresh_winder_floor_holds and checked local camera.
Outputs: TUNNEL_WINDER_FLOOR_CHECKS.csv/JSON/SVG. Run and render/inspect the SVG.
Four local checked points per tread do not certify unseen floor interpolation,
complete tread side/terminal bounds or exact rendered/collision correspondence.
"
TUN_WINDER_05_ANGLE_HIGH_FLOOR_001,5,ANGLE_HIGH,-1107.72,1147.72,-55.97,-2813.6088,2915.2088,-142.1638,-55.97,0.0,TUNSTAIR_X-1100_Y1148_001,confirmed repeated local collision-floor point; prospective scalar-height check,"Rebuild fresh winder floor checks against predeclared tread heights.

Inputs: TUNNEL_STAIR_PROFILE fresh_winder_floor_holds and checked local camera.
Outputs: TUNNEL_WINDER_FLOOR_CHECKS.csv/JSON/SVG. Run and render/inspect the SVG.
Four local checked points per tread do not certify unseen floor interpolation,
complete tread side/terminal bounds or exact rendered/collision correspondence.
"
TUN_WINDER_06_INNER_FLOOR_001,6,INNER,-1148.31,1156.69,-47.97,-2916.7074,2937.9926,-121.8438,-47.97,0.0,TUNSTAIR_X-1100_Y1124_001,confirmed repeated local collision-floor point; prospective scalar-height check,"Rebuild fresh winder floor checks against predeclared tread heights.

Inputs: TUNNEL_STAIR_PROFILE fresh_winder_floor_holds and checked local camera.
Outputs: TUNNEL_WINDER_FLOOR_CHECKS.csv/JSON/SVG. Run and render/inspect the SVG.
Four local checked points per tread do not certify unseen floor interpolation,
complete tread side/terminal bounds or exact rendered/collision correspondence.
"
TUN_WINDER_06_OUTER_FLOOR_001,6,OUTER,-1088.16,1103.94,-47.97,-2763.9264,2804.0076,-121.8438,-47.97,0.0,TUNSTAIR_X-1100_Y1102_003,confirmed repeated local collision-floor point; prospective scalar-height check,"Rebuild fresh winder floor checks against predeclared tread heights.

Inputs: TUNNEL_STAIR_PROFILE fresh_winder_floor_holds and checked local camera.
Outputs: TUNNEL_WINDER_FLOOR_CHECKS.csv/JSON/SVG. Run and render/inspect the SVG.
Four local checked points per tread do not certify unseen floor interpolation,
complete tread side/terminal bounds or exact rendered/collision correspondence.
"
TUN_WINDER_06_ANGLE_LOW_FLOOR_001,6,ANGLE_LOW,-1121.98,1129.15,-47.97,-2849.8292,2868.041,-121.8438,-47.97,0.0,TUNSTAIR_X-1100_Y1124_001,confirmed repeated local collision-floor point; prospective scalar-height check,"Rebuild fresh winder floor checks against predeclared tread heights.

Inputs: TUNNEL_STAIR_PROFILE fresh_winder_floor_holds and checked local camera.
Outputs: TUNNEL_WINDER_FLOOR_CHECKS.csv/JSON/SVG. Run and render/inspect the SVG.
Four local checked points per tread do not certify unseen floor interpolation,
complete tread side/terminal bounds or exact rendered/collision correspondence.
"
TUN_WINDER_06_ANGLE_HIGH_FLOOR_001,6,ANGLE_HIGH,-1117.55,1134.18,-47.97,-2838.577,2880.8172,-121.8438,-47.97,0.0,TUNSTAIR_X-1100_Y1124_001,confirmed repeated local collision-floor point; prospective scalar-height check,"Rebuild fresh winder floor checks against predeclared tread heights.

Inputs: TUNNEL_STAIR_PROFILE fresh_winder_floor_holds and checked local camera.
Outputs: TUNNEL_WINDER_FLOOR_CHECKS.csv/JSON/SVG. Run and render/inspect the SVG.
Four local checked points per tread do not certify unseen floor interpolation,
complete tread side/terminal bounds or exact rendered/collision correspondence.
"
TUN_WINDER_07_INNER_FLOOR_001,7,INNER,-1156.62,1148.37,-39.97,-2937.8148,2916.8598,-101.5238,-39.97,0.0,TUNSTAIR_X-1100_Y1098_003,confirmed repeated local collision-floor point; prospective scalar-height check,"Rebuild fresh winder floor checks against predeclared tread heights.

Inputs: TUNNEL_STAIR_PROFILE fresh_winder_floor_holds and checked local camera.
Outputs: TUNNEL_WINDER_FLOOR_CHECKS.csv/JSON/SVG. Run and render/inspect the SVG.
Four local checked points per tread do not certify unseen floor interpolation,
complete tread side/terminal bounds or exact rendered/collision correspondence.
"
TUN_WINDER_07_OUTER_FLOOR_001,7,OUTER,-1103.88,1088.21,-39.97,-2803.8552,2764.0534,-101.5238,-39.97,0.0,TUNSTAIR_X-1100_Y1092_003,confirmed repeated local collision-floor point; prospective scalar-height check,"Rebuild fresh winder floor checks against predeclared tread heights.

Inputs: TUNNEL_STAIR_PROFILE fresh_winder_floor_holds and checked local camera.
Outputs: TUNNEL_WINDER_FLOOR_CHECKS.csv/JSON/SVG. Run and render/inspect the SVG.
Four local checked points per tread do not certify unseen floor interpolation,
complete tread side/terminal bounds or exact rendered/collision correspondence.
"
TUN_WINDER_07_ANGLE_LOW_FLOOR_001,7,ANGLE_LOW,-1134.12,1117.62,-39.97,-2880.6648,2838.7548,-101.5238,-39.97,0.0,TUNSTAIR_X-1100_Y1098_003,confirmed repeated local collision-floor point; prospective scalar-height check,"Rebuild fresh winder floor checks against predeclared tread heights.

Inputs: TUNNEL_STAIR_PROFILE fresh_winder_floor_holds and checked local camera.
Outputs: TUNNEL_WINDER_FLOOR_CHECKS.csv/JSON/SVG. Run and render/inspect the SVG.
Four local checked points per tread do not certify unseen floor interpolation,
complete tread side/terminal bounds or exact rendered/collision correspondence.
"
TUN_WINDER_07_ANGLE_HIGH_FLOOR_001,7,ANGLE_HIGH,-1129.08,1122.03,-39.97,-2867.8632,2849.9562,-101.5238,-39.97,0.0,TUNSTAIR_X-1100_Y1098_003,confirmed repeated local collision-floor point; prospective scalar-height check,"Rebuild fresh winder floor checks against predeclared tread heights.

Inputs: TUNNEL_STAIR_PROFILE fresh_winder_floor_holds and checked local camera.
Outputs: TUNNEL_WINDER_FLOOR_CHECKS.csv/JSON/SVG. Run and render/inspect the SVG.
Four local checked points per tread do not certify unseen floor interpolation,
complete tread side/terminal bounds or exact rendered/collision correspondence.
"
TUN_WINDER_08_INNER_FLOOR_001,8,INNER,-1165.96,1141.2,-31.97,-2961.5384,2898.648,-81.2038,-31.97,0.0,TUNSTAIR_X-1132_Y1080_003,confirmed repeated local collision-floor point; prospective scalar-height check,"Rebuild fresh winder floor checks against predeclared tread heights.

Inputs: TUNNEL_STAIR_PROFILE fresh_winder_floor_holds and checked local camera.
Outputs: TUNNEL_WINDER_FLOOR_CHECKS.csv/JSON/SVG. Run and render/inspect the SVG.
Four local checked points per tread do not certify unseen floor interpolation,
complete tread side/terminal bounds or exact rendered/collision correspondence.
"
TUN_WINDER_08_OUTER_FLOOR_001,8,OUTER,-1121.52,1074.68,-31.97,-2848.6608,2729.6872,-81.2038,-31.97,0.0,TUNSTAIR_X-1124_Y1080_003,confirmed repeated local collision-floor point; prospective scalar-height check,"Rebuild fresh winder floor checks against predeclared tread heights.

Inputs: TUNNEL_STAIR_PROFILE fresh_winder_floor_holds and checked local camera.
Outputs: TUNNEL_WINDER_FLOOR_CHECKS.csv/JSON/SVG. Run and render/inspect the SVG.
Four local checked points per tread do not certify unseen floor interpolation,
complete tread side/terminal bounds or exact rendered/collision correspondence.
"
TUN_WINDER_08_ANGLE_LOW_FLOOR_001,8,ANGLE_LOW,-1147.67,1107.77,-31.97,-2915.0818,2813.7358,-81.2038,-31.97,0.0,TUNSTAIR_X-1132_Y1080_003,confirmed repeated local collision-floor point; prospective scalar-height check,"Rebuild fresh winder floor checks against predeclared tread heights.

Inputs: TUNNEL_STAIR_PROFILE fresh_winder_floor_holds and checked local camera.
Outputs: TUNNEL_WINDER_FLOOR_CHECKS.csv/JSON/SVG. Run and render/inspect the SVG.
Four local checked points per tread do not certify unseen floor interpolation,
complete tread side/terminal bounds or exact rendered/collision correspondence.
"
TUN_WINDER_08_ANGLE_HIGH_FLOOR_001,8,ANGLE_HIGH,-1142.1,1111.5,-31.97,-2900.934,2823.21,-81.2038,-31.97,0.0,TUNSTAIR_X-1132_Y1080_003,confirmed repeated local collision-floor point; prospective scalar-height check,"Rebuild fresh winder floor checks against predeclared tread heights.

Inputs: TUNNEL_STAIR_PROFILE fresh_winder_floor_holds and checked local camera.
Outputs: TUNNEL_WINDER_FLOOR_CHECKS.csv/JSON/SVG. Run and render/inspect the SVG.
Four local checked points per tread do not certify unseen floor interpolation,
complete tread side/terminal bounds or exact rendered/collision correspondence.
"
TUN_WINDER_09_INNER_FLOOR_001,9,INNER,-1176.16,1135.31,-23.97,-2987.4464,2883.6874,-60.8838,-23.97,0.0,TUNSTAIR_X-1156_Y1080_003,confirmed repeated local collision-floor point; prospective scalar-height check,"Rebuild fresh winder floor checks against predeclared tread heights.

Inputs: TUNNEL_STAIR_PROFILE fresh_winder_floor_holds and checked local camera.
Outputs: TUNNEL_WINDER_FLOOR_CHECKS.csv/JSON/SVG. Run and render/inspect the SVG.
Four local checked points per tread do not certify unseen floor interpolation,
complete tread side/terminal bounds or exact rendered/collision correspondence.
"
TUN_WINDER_09_OUTER_FLOOR_001,9,OUTER,-1140.78,1063.56,-23.97,-2897.5812,2701.4424,-60.8838,-23.97,0.0,TUNSTAIR_X-1140_Y1080_003,confirmed repeated local collision-floor point; prospective scalar-height check,"Rebuild fresh winder floor checks against predeclared tread heights.

Inputs: TUNNEL_STAIR_PROFILE fresh_winder_floor_holds and checked local camera.
Outputs: TUNNEL_WINDER_FLOOR_CHECKS.csv/JSON/SVG. Run and render/inspect the SVG.
Four local checked points per tread do not certify unseen floor interpolation,
complete tread side/terminal bounds or exact rendered/collision correspondence.
"
TUN_WINDER_09_ANGLE_LOW_FLOOR_001,9,ANGLE_LOW,-1162.38,1099.79,-23.97,-2952.4452,2793.4666,-60.8838,-23.97,0.0,TUNSTAIR_X-1156_Y1080_003,confirmed repeated local collision-floor point; prospective scalar-height check,"Rebuild fresh winder floor checks against predeclared tread heights.

Inputs: TUNNEL_STAIR_PROFILE fresh_winder_floor_holds and checked local camera.
Outputs: TUNNEL_WINDER_FLOOR_CHECKS.csv/JSON/SVG. Run and render/inspect the SVG.
Four local checked points per tread do not certify unseen floor interpolation,
complete tread side/terminal bounds or exact rendered/collision correspondence.
"
TUN_WINDER_09_ANGLE_HIGH_FLOOR_001,9,ANGLE_HIGH,-1156.37,1102.75,-23.97,-2937.1798,2800.985,-60.8838,-23.97,0.0,TUNSTAIR_X-1156_Y1080_003,confirmed repeated local collision-floor point; prospective scalar-height check,"Rebuild fresh winder floor checks against predeclared tread heights.

Inputs: TUNNEL_STAIR_PROFILE fresh_winder_floor_holds and checked local camera.
Outputs: TUNNEL_WINDER_FLOOR_CHECKS.csv/JSON/SVG. Run and render/inspect the SVG.
Four local checked points per tread do not certify unseen floor interpolation,
complete tread side/terminal bounds or exact rendered/collision correspondence.
"
TUN_WINDER_10_INNER_FLOOR_001,10,INNER,-1187.04,1130.8,-15.97,-3015.0816,2872.232,-40.5638,-15.97,0.0,TUNSTAIR_X-1172_Y1080_003,confirmed repeated local collision-floor point; prospective scalar-height check,"Rebuild fresh winder floor checks against predeclared tread heights.

Inputs: TUNNEL_STAIR_PROFILE fresh_winder_floor_holds and checked local camera.
Outputs: TUNNEL_WINDER_FLOOR_CHECKS.csv/JSON/SVG. Run and render/inspect the SVG.
Four local checked points per tread do not certify unseen floor interpolation,
complete tread side/terminal bounds or exact rendered/collision correspondence.
"
TUN_WINDER_10_OUTER_FLOOR_001,10,OUTER,-1161.33,1055.05,-15.97,-2949.7782,2679.827,-40.5638,-15.97,0.0,TUNSTAIR_X-1164_Y1080_003,confirmed repeated local collision-floor point; prospective scalar-height check,"Rebuild fresh winder floor checks against predeclared tread heights.

Inputs: TUNNEL_STAIR_PROFILE fresh_winder_floor_holds and checked local camera.
Outputs: TUNNEL_WINDER_FLOOR_CHECKS.csv/JSON/SVG. Run and render/inspect the SVG.
Four local checked points per tread do not certify unseen floor interpolation,
complete tread side/terminal bounds or exact rendered/collision correspondence.
"
TUN_WINDER_10_ANGLE_LOW_FLOOR_001,10,ANGLE_LOW,-1178.01,1093.78,-15.97,-2992.1454,2778.2012,-40.5638,-15.97,0.0,TUNSTAIR_X-1172_Y1080_003,confirmed repeated local collision-floor point; prospective scalar-height check,"Rebuild fresh winder floor checks against predeclared tread heights.

Inputs: TUNNEL_STAIR_PROFILE fresh_winder_floor_holds and checked local camera.
Outputs: TUNNEL_WINDER_FLOOR_CHECKS.csv/JSON/SVG. Run and render/inspect the SVG.
Four local checked points per tread do not certify unseen floor interpolation,
complete tread side/terminal bounds or exact rendered/collision correspondence.
"
TUN_WINDER_10_ANGLE_HIGH_FLOOR_001,10,ANGLE_HIGH,-1171.67,1095.94,-15.97,-2976.0418,2783.6876,-40.5638,-15.97,0.0,TUNSTAIR_X-1172_Y1080_003,confirmed repeated local collision-floor point; prospective scalar-height check,"Rebuild fresh winder floor checks against predeclared tread heights.

Inputs: TUNNEL_STAIR_PROFILE fresh_winder_floor_holds and checked local camera.
Outputs: TUNNEL_WINDER_FLOOR_CHECKS.csv/JSON/SVG. Run and render/inspect the SVG.
Four local checked points per tread do not certify unseen floor interpolation,
complete tread side/terminal bounds or exact rendered/collision correspondence.
"
TUN_WINDER_11_INNER_FLOOR_001,11,INNER,-1198.41,1127.76,-7.97,-3043.9614,2864.5104,-20.2438,-7.97,0.0,TUNSTAIR_X-1196_Y1080_003,confirmed repeated local collision-floor point; prospective scalar-height check,"Rebuild fresh winder floor checks against predeclared tread heights.

Inputs: TUNNEL_STAIR_PROFILE fresh_winder_floor_holds and checked local camera.
Outputs: TUNNEL_WINDER_FLOOR_CHECKS.csv/JSON/SVG. Run and render/inspect the SVG.
Four local checked points per tread do not certify unseen floor interpolation,
complete tread side/terminal bounds or exact rendered/collision correspondence.
"
TUN_WINDER_11_OUTER_FLOOR_001,11,OUTER,-1182.81,1049.29,-7.97,-3004.3374,2665.1966,-20.2438,-7.97,0.0,TUNSTAIR_X-1180_Y1080_003,confirmed repeated local collision-floor point; prospective scalar-height check,"Rebuild fresh winder floor checks against predeclared tread heights.

Inputs: TUNNEL_STAIR_PROFILE fresh_winder_floor_holds and checked local camera.
Outputs: TUNNEL_WINDER_FLOOR_CHECKS.csv/JSON/SVG. Run and render/inspect the SVG.
Four local checked points per tread do not certify unseen floor interpolation,
complete tread side/terminal bounds or exact rendered/collision correspondence.
"
TUN_WINDER_11_ANGLE_LOW_FLOOR_001,11,ANGLE_LOW,-1194.29,1089.88,-7.97,-3033.4966,2768.2952,-20.2438,-7.97,0.0,TUNSTAIR_X-1196_Y1080_003,confirmed repeated local collision-floor point; prospective scalar-height check,"Rebuild fresh winder floor checks against predeclared tread heights.

Inputs: TUNNEL_STAIR_PROFILE fresh_winder_floor_holds and checked local camera.
Outputs: TUNNEL_WINDER_FLOOR_CHECKS.csv/JSON/SVG. Run and render/inspect the SVG.
Four local checked points per tread do not certify unseen floor interpolation,
complete tread side/terminal bounds or exact rendered/collision correspondence.
"
TUN_WINDER_11_ANGLE_HIGH_FLOOR_001,11,ANGLE_HIGH,-1187.72,1091.18,-7.97,-3016.8088,2771.5972,-20.2438,-7.97,0.0,TUNSTAIR_X-1188_Y1080_003,confirmed repeated local collision-floor point; prospective scalar-height check,"Rebuild fresh winder floor checks against predeclared tread heights.

Inputs: TUNNEL_STAIR_PROFILE fresh_winder_floor_holds and checked local camera.
Outputs: TUNNEL_WINDER_FLOOR_CHECKS.csv/JSON/SVG. Run and render/inspect the SVG.
Four local checked points per tread do not certify unseen floor interpolation,
complete tread side/terminal bounds or exact rendered/collision correspondence.
"
TUN_WINDER_12_INNER_FLOOR_001,12,INNER,-1210.08,1126.23,0.03,-3073.6032,2860.6242,0.0762,0.03,0.0,TUNSTAIR_X-1212_Y1080_003,confirmed repeated local collision-floor point; prospective scalar-height check,"Rebuild fresh winder floor checks against predeclared tread heights.

Inputs: TUNNEL_STAIR_PROFILE fresh_winder_floor_holds and checked local camera.
Outputs: TUNNEL_WINDER_FLOOR_CHECKS.csv/JSON/SVG. Run and render/inspect the SVG.
Four local checked points per tread do not certify unseen floor interpolation,
complete tread side/terminal bounds or exact rendered/collision correspondence.
"
TUN_WINDER_12_OUTER_FLOOR_001,12,OUTER,-1204.85,1046.4,0.03,-3060.319,2657.856,0.0762,0.03,0.0,TUNSTAIR_X-1204_Y1080_003,confirmed repeated local collision-floor point; prospective scalar-height check,"Rebuild fresh winder floor checks against predeclared tread heights.

Inputs: TUNNEL_STAIR_PROFILE fresh_winder_floor_holds and checked local camera.
Outputs: TUNNEL_WINDER_FLOOR_CHECKS.csv/JSON/SVG. Run and render/inspect the SVG.
Four local checked points per tread do not certify unseen floor interpolation,
complete tread side/terminal bounds or exact rendered/collision correspondence.
"
TUN_WINDER_12_ANGLE_LOW_FLOOR_001,12,ANGLE_LOW,-1210.95,1088.13,0.03,-3075.813,2763.8502,0.0762,0.03,0.0,TUNSTAIR_X-1212_Y1080_003,confirmed repeated local collision-floor point; prospective scalar-height check,"Rebuild fresh winder floor checks against predeclared tread heights.

Inputs: TUNNEL_STAIR_PROFILE fresh_winder_floor_holds and checked local camera.
Outputs: TUNNEL_WINDER_FLOOR_CHECKS.csv/JSON/SVG. Run and render/inspect the SVG.
Four local checked points per tread do not certify unseen floor interpolation,
complete tread side/terminal bounds or exact rendered/collision correspondence.
"
TUN_WINDER_12_ANGLE_HIGH_FLOOR_001,12,ANGLE_HIGH,-1204.26,1088.56,0.03,-3058.8204,2764.9424,0.0762,0.03,0.0,TUNSTAIR_X-1204_Y1080_003,confirmed repeated local collision-floor point; prospective scalar-height check,"Rebuild fresh winder floor checks against predeclared tread heights.

Inputs: TUNNEL_STAIR_PROFILE fresh_winder_floor_holds and checked local camera.
Outputs: TUNNEL_WINDER_FLOOR_CHECKS.csv/JSON/SVG. Run and render/inspect the SVG.
Four local checked points per tread do not certify unseen floor interpolation,
complete tread side/terminal bounds or exact rendered/collision correspondence.
"
