id,source_face_x,source_face_y,source_sample_z,tangent_bearing_degrees,normal_x,normal_y,plane_d_source_units,withheld_offset_residual_source_units,winder_pivot_residual_source_units,scope
SOUTH_FACE_1,-1100.0,1248.03,-108.0,0.0,-0.0,1.0,1248.03,0.0,32.0,Local vertical face plane within32 native sampled strip; full-width extrapolation not independently certified
SOUTH_FACE_2,-1100.0,1232.03,-100.0,0.0,-0.0,1.0,1232.03,0.0,16.0,Local vertical face plane within32 native sampled strip; full-width extrapolation not independently certified
SOUTH_FACE_3,-1100.0,1216.03,-92.0,0.0,-0.0,1.0,1216.03,0.0,0.0,Local vertical face plane within32 native sampled strip; full-width extrapolation not independently certified
SOUTH_FACE_4,-1100.0,1200.76,-84.0,-7.5125308917240705,0.13074302336113286,0.9914162908901539,1046.6356997520152,0.0,0.023341657297805796,Local vertical face plane within32 native sampled strip; full-width extrapolation not independently certified
SOUTH_FACE_5,-1100.0,1184.95,-76.0,-15.009397853387734,0.2589774761397561,0.9658833608942035,859.6482647378548,1.1368683772161603e-13,0.013963051335849741,Local vertical face plane within32 native sampled strip; full-width extrapolation not independently certified
SOUTH_FACE_6,-1100.0,1167.99,-68.0,-22.50789465760129,0.3828107280310854,0.9238267946451382,657.928657043381,0.009238267946784617,0.013920915012704427,Local vertical face plane within32 native sampled strip; full-width extrapolation not independently certified
SOUTH_FACE_7,-1100.0,1149.06,-60.0,-29.979572607933587,0.4996912083061195,0.8662036113648859,445.65959253820427,0.008662036113605609,0.060466425845675076,Local vertical face plane within32 native sampled strip; full-width extrapolation not independently certified
SOUTH_FACE_8,-1100.0,1127.03,-52.0,-37.50623872628258,0.6088478107212705,0.7932870497997027,224.3257119423613,0.0,0.005533177172196702,Local vertical face plane within32 native sampled strip; full-width extrapolation not independently certified
SOUTH_FACE_9,-1100.0,1100.04,-44.0,-45.0,0.7071067811865475,0.7071067811865475,0.028284271247457582,0.0,0.014142135623728791,Local vertical face plane within32 native sampled strip; full-width extrapolation not independently certified
WEST_FACE_1,-1111.6,1080.0,-36.0,-52.516303379142684,0.793526529802172,0.6085356575420398,-224.8655803826914,0.0079352652982152,0.04125842000905777,Local vertical face plane within32 native sampled strip; full-width extrapolation not independently certified
WEST_FACE_2,-1137.44,1080.0,-28.0,-60.020427392066416,0.8662036113648859,0.4996912083061195,-445.5881307402668,0.008662036113605609,0.04997453460293855,Local vertical face plane within32 native sampled strip; full-width extrapolation not independently certified
WEST_FACE_3,-1159.63,1080.0,-20.0,-67.52267423602943,0.924030903332729,0.38231778625392343,-658.6307472774953,0.009240309033089034,0.05321262964457674,Local vertical face plane within32 native sampled strip; full-width extrapolation not independently certified
WEST_FACE_4,-1179.53,1080.0,-12.0,-74.99060214661226,0.9658833608942035,0.2589774761397561,-859.5927264446033,0.009658833609023532,0.03191640830630149,Local vertical face plane within32 native sampled strip; full-width extrapolation not independently certified
WEST_FACE_5,-1198.06,1080.0,-4.0,-82.52266969333952,0.9914964278646005,0.13013390615722317,-1047.327591717662,0.00991496427900529,0.05558576848807206,Local vertical face plane within32 native sampled strip; full-width extrapolation not independently certified
WEST_FACE_6,-1215.97,1080.0,4.0,-90.0,1.0,0.0,-1215.97,0.0,0.0,Local vertical face plane within32 native sampled strip; full-width extrapolation not independently certified
WEST_FACE_7,-1231.97,1080.0,12.0,-90.0,1.0,0.0,-1231.97,0.0,16.0,Local vertical face plane within32 native sampled strip; full-width extrapolation not independently certified
WEST_FACE_8,-1247.97,1080.0,20.0,-90.0,1.0,0.0,-1247.97,0.0,32.0,Local vertical face plane within32 native sampled strip; full-width extrapolation not independently certified
WEST_FACE_9,-1263.97,1080.0,28.0,-90.0,1.0,0.0,-1263.97,0.0,48.0,Local vertical face plane within32 native sampled strip; full-width extrapolation not independently certified
