id,branch,source_x,source_y,source_z,x_cm,y_cm,z_cm,surface_semantics,confidence,limits
TUNSTAIR_X-1100_Y1108_001,south,-1100.0,1108.0,-47.97,-2794.0,2814.32,-121.8438,Concrete tread collision point in sampled stair section; sand/tile mesh floor is adjacent landing/entry and may slope slightly. No floor interpolation or rendered-face exactness inferred.,confirmed repeated collision floor point,Sample points; no tread/face interpolation or render accuracy certification
TUNSTAIR_X-1100_Y1116_001,south,-1100.0,1116.0,-47.97,-2794.0,2834.64,-121.8438,Concrete tread collision point in sampled stair section; sand/tile mesh floor is adjacent landing/entry and may slope slightly. No floor interpolation or rendered-face exactness inferred.,confirmed repeated collision floor point,Sample points; no tread/face interpolation or render accuracy certification
TUNSTAIR_X-1100_Y1124_001,south,-1100.0,1124.0,-47.97,-2794.0,2854.96,-121.8438,Concrete tread collision point in sampled stair section; sand/tile mesh floor is adjacent landing/entry and may slope slightly. No floor interpolation or rendered-face exactness inferred.,confirmed repeated collision floor point,Sample points; no tread/face interpolation or render accuracy certification
TUNSTAIR_X-1100_Y1132_001,south,-1100.0,1132.0,-55.97,-2794.0,2875.28,-142.1638,Concrete tread collision point in sampled stair section; sand/tile mesh floor is adjacent landing/entry and may slope slightly. No floor interpolation or rendered-face exactness inferred.,confirmed repeated collision floor point,Sample points; no tread/face interpolation or render accuracy certification
TUNSTAIR_X-1100_Y1140_001,south,-1100.0,1140.0,-55.97,-2794.0,2895.6,-142.1638,Concrete tread collision point in sampled stair section; sand/tile mesh floor is adjacent landing/entry and may slope slightly. No floor interpolation or rendered-face exactness inferred.,confirmed repeated collision floor point,Sample points; no tread/face interpolation or render accuracy certification
TUNSTAIR_X-1100_Y1148_001,south,-1100.0,1148.0,-55.97,-2794.0,2915.92,-142.1638,Concrete tread collision point in sampled stair section; sand/tile mesh floor is adjacent landing/entry and may slope slightly. No floor interpolation or rendered-face exactness inferred.,confirmed repeated collision floor point,Sample points; no tread/face interpolation or render accuracy certification
TUNSTAIR_X-1100_Y1156_001,south,-1100.0,1156.0,-63.97,-2794.0,2936.24,-162.4838,Concrete tread collision point in sampled stair section; sand/tile mesh floor is adjacent landing/entry and may slope slightly. No floor interpolation or rendered-face exactness inferred.,confirmed repeated collision floor point,Sample points; no tread/face interpolation or render accuracy certification
TUNSTAIR_X-1100_Y1164_001,south,-1100.0,1164.0,-63.97,-2794.0,2956.56,-162.4838,Concrete tread collision point in sampled stair section; sand/tile mesh floor is adjacent landing/entry and may slope slightly. No floor interpolation or rendered-face exactness inferred.,confirmed repeated collision floor point,Sample points; no tread/face interpolation or render accuracy certification
TUNSTAIR_X-1100_Y1172_001,south,-1100.0,1172.0,-71.97,-2794.0,2976.88,-182.8038,Concrete tread collision point in sampled stair section; sand/tile mesh floor is adjacent landing/entry and may slope slightly. No floor interpolation or rendered-face exactness inferred.,confirmed repeated collision floor point,Sample points; no tread/face interpolation or render accuracy certification
TUNSTAIR_X-1100_Y1180_001,south,-1100.0,1180.0,-71.97,-2794.0,2997.2,-182.8038,Concrete tread collision point in sampled stair section; sand/tile mesh floor is adjacent landing/entry and may slope slightly. No floor interpolation or rendered-face exactness inferred.,confirmed repeated collision floor point,Sample points; no tread/face interpolation or render accuracy certification
TUNSTAIR_X-1100_Y1188_001,south,-1100.0,1188.0,-79.97,-2794.0,3017.52,-203.1238,Concrete tread collision point in sampled stair section; sand/tile mesh floor is adjacent landing/entry and may slope slightly. No floor interpolation or rendered-face exactness inferred.,confirmed repeated collision floor point,Sample points; no tread/face interpolation or render accuracy certification
TUNSTAIR_X-1100_Y1196_001,south,-1100.0,1196.0,-79.97,-2794.0,3037.84,-203.1238,Concrete tread collision point in sampled stair section; sand/tile mesh floor is adjacent landing/entry and may slope slightly. No floor interpolation or rendered-face exactness inferred.,confirmed repeated collision floor point,Sample points; no tread/face interpolation or render accuracy certification
TUNSTAIR_X-1100_Y1204_001,south,-1100.0,1204.0,-87.97,-2794.0,3058.16,-223.4438,Concrete tread collision point in sampled stair section; sand/tile mesh floor is adjacent landing/entry and may slope slightly. No floor interpolation or rendered-face exactness inferred.,confirmed repeated collision floor point,Sample points; no tread/face interpolation or render accuracy certification
TUNSTAIR_X-1100_Y1212_001,south,-1100.0,1212.0,-87.97,-2794.0,3078.48,-223.4438,Concrete tread collision point in sampled stair section; sand/tile mesh floor is adjacent landing/entry and may slope slightly. No floor interpolation or rendered-face exactness inferred.,confirmed repeated collision floor point,Sample points; no tread/face interpolation or render accuracy certification
TUNSTAIR_X-1100_Y1220_001,south,-1100.0,1220.0,-95.97,-2794.0,3098.8,-243.7638,Concrete tread collision point in sampled stair section; sand/tile mesh floor is adjacent landing/entry and may slope slightly. No floor interpolation or rendered-face exactness inferred.,confirmed repeated collision floor point,Sample points; no tread/face interpolation or render accuracy certification
TUNSTAIR_X-1100_Y1228_001,south,-1100.0,1228.0,-95.97,-2794.0,3119.12,-243.7638,Concrete tread collision point in sampled stair section; sand/tile mesh floor is adjacent landing/entry and may slope slightly. No floor interpolation or rendered-face exactness inferred.,confirmed repeated collision floor point,Sample points; no tread/face interpolation or render accuracy certification
TUNSTAIR_X-1100_Y1236_001,south,-1100.0,1236.0,-103.97,-2794.0,3139.44,-264.0838,Concrete tread collision point in sampled stair section; sand/tile mesh floor is adjacent landing/entry and may slope slightly. No floor interpolation or rendered-face exactness inferred.,confirmed repeated collision floor point,Sample points; no tread/face interpolation or render accuracy certification
TUNSTAIR_X-1100_Y1244_001,south,-1100.0,1244.0,-103.97,-2794.0,3159.76,-264.0838,Concrete tread collision point in sampled stair section; sand/tile mesh floor is adjacent landing/entry and may slope slightly. No floor interpolation or rendered-face exactness inferred.,confirmed repeated collision floor point,Sample points; no tread/face interpolation or render accuracy certification
TUNSTAIR_X-1100_Y1252_001,south,-1100.0,1252.0,-111.98,-2794.0,3180.08,-284.4292,Concrete tread collision point in sampled stair section; sand/tile mesh floor is adjacent landing/entry and may slope slightly. No floor interpolation or rendered-face exactness inferred.,confirmed repeated collision floor point,Sample points; no tread/face interpolation or render accuracy certification
TUNSTAIR_X-1100_Y1260_001,south,-1100.0,1260.0,-112.19,-2794.0,3200.4,-284.9626,Concrete tread collision point in sampled stair section; sand/tile mesh floor is adjacent landing/entry and may slope slightly. No floor interpolation or rendered-face exactness inferred.,confirmed repeated collision floor point,Sample points; no tread/face interpolation or render accuracy certification
TUNSTAIR_X-1100_Y1268_001,south,-1100.0,1268.0,-112.28,-2794.0,3220.72,-285.1912,Concrete tread collision point in sampled stair section; sand/tile mesh floor is adjacent landing/entry and may slope slightly. No floor interpolation or rendered-face exactness inferred.,confirmed repeated collision floor point,Sample points; no tread/face interpolation or render accuracy certification
TUNSTAIR_X-1100_Y1276_001,south,-1100.0,1276.0,-112.4,-2794.0,3241.04,-285.496,Concrete tread collision point in sampled stair section; sand/tile mesh floor is adjacent landing/entry and may slope slightly. No floor interpolation or rendered-face exactness inferred.,confirmed repeated collision floor point,Sample points; no tread/face interpolation or render accuracy certification
TUNSTAIR_X-1100_Y1284_001,south,-1100.0,1284.0,-112.4,-2794.0,3261.36,-285.496,Concrete tread collision point in sampled stair section; sand/tile mesh floor is adjacent landing/entry and may slope slightly. No floor interpolation or rendered-face exactness inferred.,confirmed repeated collision floor point,Sample points; no tread/face interpolation or render accuracy certification
TUNSTAIR_X-1100_Y1292_002,south,-1100.0,1292.0,-112.17,-2794.0,3281.68,-284.9118,Concrete tread collision point in sampled stair section; sand/tile mesh floor is adjacent landing/entry and may slope slightly. No floor interpolation or rendered-face exactness inferred.,confirmed repeated collision floor point,Sample points; no tread/face interpolation or render accuracy certification
TUNSTAIR_X-1100_Y1300_002,south,-1100.0,1300.0,-112.0,-2794.0,3302.0,-284.48,Concrete tread collision point in sampled stair section; sand/tile mesh floor is adjacent landing/entry and may slope slightly. No floor interpolation or rendered-face exactness inferred.,confirmed repeated collision floor point,Sample points; no tread/face interpolation or render accuracy certification
TUNSTAIR_X-1100_Y1080_003,west,-1100.0,1080.0,-39.97,-2794.0,2743.2,-101.5238,Concrete tread collision point in sampled stair section; sand/tile mesh floor is adjacent landing/entry and may slope slightly. No floor interpolation or rendered-face exactness inferred.,confirmed repeated collision floor point,Sample points; no tread/face interpolation or render accuracy certification
TUNSTAIR_X-1100_Y1084_003,south,-1100.0,1084.0,-39.97,-2794.0,2753.36,-101.5238,Concrete tread collision point in sampled stair section; sand/tile mesh floor is adjacent landing/entry and may slope slightly. No floor interpolation or rendered-face exactness inferred.,confirmed repeated collision floor point,Sample points; no tread/face interpolation or render accuracy certification
TUNSTAIR_X-1100_Y1092_003,south,-1100.0,1092.0,-39.97,-2794.0,2773.68,-101.5238,Concrete tread collision point in sampled stair section; sand/tile mesh floor is adjacent landing/entry and may slope slightly. No floor interpolation or rendered-face exactness inferred.,confirmed repeated collision floor point,Sample points; no tread/face interpolation or render accuracy certification
TUNSTAIR_X-1100_Y1098_003,south,-1100.0,1098.0,-39.97,-2794.0,2788.92,-101.5238,Concrete tread collision point in sampled stair section; sand/tile mesh floor is adjacent landing/entry and may slope slightly. No floor interpolation or rendered-face exactness inferred.,confirmed repeated collision floor point,Sample points; no tread/face interpolation or render accuracy certification
TUNSTAIR_X-1100_Y1102_003,south,-1100.0,1102.0,-47.97,-2794.0,2799.08,-121.8438,Concrete tread collision point in sampled stair section; sand/tile mesh floor is adjacent landing/entry and may slope slightly. No floor interpolation or rendered-face exactness inferred.,confirmed repeated collision floor point,Sample points; no tread/face interpolation or render accuracy certification
TUNSTAIR_X-1108_Y1080_003,west,-1108.0,1080.0,-39.97,-2814.32,2743.2,-101.5238,Concrete tread collision point in sampled stair section; sand/tile mesh floor is adjacent landing/entry and may slope slightly. No floor interpolation or rendered-face exactness inferred.,confirmed repeated collision floor point,Sample points; no tread/face interpolation or render accuracy certification
TUNSTAIR_X-1116_Y1080_003,west,-1116.0,1080.0,-31.97,-2834.64,2743.2,-81.2038,Concrete tread collision point in sampled stair section; sand/tile mesh floor is adjacent landing/entry and may slope slightly. No floor interpolation or rendered-face exactness inferred.,confirmed repeated collision floor point,Sample points; no tread/face interpolation or render accuracy certification
TUNSTAIR_X-1124_Y1080_003,west,-1124.0,1080.0,-31.97,-2854.96,2743.2,-81.2038,Concrete tread collision point in sampled stair section; sand/tile mesh floor is adjacent landing/entry and may slope slightly. No floor interpolation or rendered-face exactness inferred.,confirmed repeated collision floor point,Sample points; no tread/face interpolation or render accuracy certification
TUNSTAIR_X-1132_Y1080_003,west,-1132.0,1080.0,-31.97,-2875.28,2743.2,-81.2038,Concrete tread collision point in sampled stair section; sand/tile mesh floor is adjacent landing/entry and may slope slightly. No floor interpolation or rendered-face exactness inferred.,confirmed repeated collision floor point,Sample points; no tread/face interpolation or render accuracy certification
TUNSTAIR_X-1140_Y1080_003,west,-1140.0,1080.0,-23.97,-2895.6,2743.2,-60.8838,Concrete tread collision point in sampled stair section; sand/tile mesh floor is adjacent landing/entry and may slope slightly. No floor interpolation or rendered-face exactness inferred.,confirmed repeated collision floor point,Sample points; no tread/face interpolation or render accuracy certification
TUNSTAIR_X-1148_Y1080_003,west,-1148.0,1080.0,-23.97,-2915.92,2743.2,-60.8838,Concrete tread collision point in sampled stair section; sand/tile mesh floor is adjacent landing/entry and may slope slightly. No floor interpolation or rendered-face exactness inferred.,confirmed repeated collision floor point,Sample points; no tread/face interpolation or render accuracy certification
TUNSTAIR_X-1156_Y1080_003,west,-1156.0,1080.0,-23.97,-2936.24,2743.2,-60.8838,Concrete tread collision point in sampled stair section; sand/tile mesh floor is adjacent landing/entry and may slope slightly. No floor interpolation or rendered-face exactness inferred.,confirmed repeated collision floor point,Sample points; no tread/face interpolation or render accuracy certification
TUNSTAIR_X-1164_Y1080_003,west,-1164.0,1080.0,-15.97,-2956.56,2743.2,-40.5638,Concrete tread collision point in sampled stair section; sand/tile mesh floor is adjacent landing/entry and may slope slightly. No floor interpolation or rendered-face exactness inferred.,confirmed repeated collision floor point,Sample points; no tread/face interpolation or render accuracy certification
TUNSTAIR_X-1172_Y1080_003,west,-1172.0,1080.0,-15.97,-2976.88,2743.2,-40.5638,Concrete tread collision point in sampled stair section; sand/tile mesh floor is adjacent landing/entry and may slope slightly. No floor interpolation or rendered-face exactness inferred.,confirmed repeated collision floor point,Sample points; no tread/face interpolation or render accuracy certification
TUNSTAIR_X-1180_Y1080_003,west,-1180.0,1080.0,-7.97,-2997.2,2743.2,-20.2438,Concrete tread collision point in sampled stair section; sand/tile mesh floor is adjacent landing/entry and may slope slightly. No floor interpolation or rendered-face exactness inferred.,confirmed repeated collision floor point,Sample points; no tread/face interpolation or render accuracy certification
TUNSTAIR_X-1188_Y1080_003,west,-1188.0,1080.0,-7.97,-3017.52,2743.2,-20.2438,Concrete tread collision point in sampled stair section; sand/tile mesh floor is adjacent landing/entry and may slope slightly. No floor interpolation or rendered-face exactness inferred.,confirmed repeated collision floor point,Sample points; no tread/face interpolation or render accuracy certification
TUNSTAIR_X-1196_Y1080_003,west,-1196.0,1080.0,-7.97,-3037.84,2743.2,-20.2438,Concrete tread collision point in sampled stair section; sand/tile mesh floor is adjacent landing/entry and may slope slightly. No floor interpolation or rendered-face exactness inferred.,confirmed repeated collision floor point,Sample points; no tread/face interpolation or render accuracy certification
TUNSTAIR_X-1204_Y1080_003,west,-1204.0,1080.0,0.03,-3058.16,2743.2,0.0762,Concrete tread collision point in sampled stair section; sand/tile mesh floor is adjacent landing/entry and may slope slightly. No floor interpolation or rendered-face exactness inferred.,confirmed repeated collision floor point,Sample points; no tread/face interpolation or render accuracy certification
TUNSTAIR_X-1212_Y1080_003,west,-1212.0,1080.0,0.03,-3078.48,2743.2,0.0762,Concrete tread collision point in sampled stair section; sand/tile mesh floor is adjacent landing/entry and may slope slightly. No floor interpolation or rendered-face exactness inferred.,confirmed repeated collision floor point,Sample points; no tread/face interpolation or render accuracy certification
TUNSTAIR_X-1220_Y1080_003,west,-1220.0,1080.01,8.03,-3098.8,2743.2254,20.3962,Concrete tread collision point in sampled stair section; sand/tile mesh floor is adjacent landing/entry and may slope slightly. No floor interpolation or rendered-face exactness inferred.,confirmed repeated collision floor point,Sample points; no tread/face interpolation or render accuracy certification
TUNSTAIR_X-1228_Y1080_003,west,-1228.0,1080.01,8.03,-3119.12,2743.2254,20.3962,Concrete tread collision point in sampled stair section; sand/tile mesh floor is adjacent landing/entry and may slope slightly. No floor interpolation or rendered-face exactness inferred.,confirmed repeated collision floor point,Sample points; no tread/face interpolation or render accuracy certification
TUNSTAIR_X-1236_Y1080_003,west,-1236.0,1080.0,16.03,-3139.44,2743.2,40.7162,Concrete tread collision point in sampled stair section; sand/tile mesh floor is adjacent landing/entry and may slope slightly. No floor interpolation or rendered-face exactness inferred.,confirmed repeated collision floor point,Sample points; no tread/face interpolation or render accuracy certification
TUNSTAIR_X-1244_Y1080_003,west,-1244.0,1080.0,16.03,-3159.76,2743.2,40.7162,Concrete tread collision point in sampled stair section; sand/tile mesh floor is adjacent landing/entry and may slope slightly. No floor interpolation or rendered-face exactness inferred.,confirmed repeated collision floor point,Sample points; no tread/face interpolation or render accuracy certification
TUNSTAIR_X-1252_Y1080_003,west,-1252.0,1080.0,24.03,-3180.08,2743.2,61.0362,Concrete tread collision point in sampled stair section; sand/tile mesh floor is adjacent landing/entry and may slope slightly. No floor interpolation or rendered-face exactness inferred.,confirmed repeated collision floor point,Sample points; no tread/face interpolation or render accuracy certification
TUNSTAIR_X-1260_Y1080_003,west,-1260.0,1080.0,24.03,-3200.4,2743.2,61.0362,Concrete tread collision point in sampled stair section; sand/tile mesh floor is adjacent landing/entry and may slope slightly. No floor interpolation or rendered-face exactness inferred.,confirmed repeated collision floor point,Sample points; no tread/face interpolation or render accuracy certification
TUNSTAIR_X-1268_Y1080_003,west,-1268.0,1080.0,32.03,-3220.72,2743.2,81.3562,Concrete tread collision point in sampled stair section; sand/tile mesh floor is adjacent landing/entry and may slope slightly. No floor interpolation or rendered-face exactness inferred.,confirmed repeated collision floor point,Sample points; no tread/face interpolation or render accuracy certification
TUNSTAIR_X-1276_Y1080_003,west,-1276.0,1080.0,32.03,-3241.04,2743.2,81.3562,Concrete tread collision point in sampled stair section; sand/tile mesh floor is adjacent landing/entry and may slope slightly. No floor interpolation or rendered-face exactness inferred.,confirmed repeated collision floor point,Sample points; no tread/face interpolation or render accuracy certification
TUNSTAIR_X-1284_Y1080_003,west,-1284.0,1080.0,31.4,-3261.36,2743.2,79.756,Concrete tread collision point in sampled stair section; sand/tile mesh floor is adjacent landing/entry and may slope slightly. No floor interpolation or rendered-face exactness inferred.,confirmed repeated collision floor point,Sample points; no tread/face interpolation or render accuracy certification
TUNSTAIR_X-1292_Y1080_003,west,-1292.0,1080.0,31.88,-3281.68,2743.2,80.9752,Concrete tread collision point in sampled stair section; sand/tile mesh floor is adjacent landing/entry and may slope slightly. No floor interpolation or rendered-face exactness inferred.,confirmed repeated collision floor point,Sample points; no tread/face interpolation or render accuracy certification
