report,station,side,sector,source_x,source_y,source_z,predicted_x,predicted_y,prediction_error_cm,predeclared_threshold_cm,component_match,status
TUNNEL_WINDER_FRESH_ANGLE_SIDE_CHECKS_002,TUN_WINDER_01_ANGLE_LOW_WALL_002,outer,1,-1025.95,1198.57,-83.97,-1025.7590647103766,1198.5520705665706,0.4871091541658427,2.54,True,point pass
TUNNEL_WINDER_FRESH_ANGLE_SIDE_CHECKS_002,TUN_WINDER_01_ANGLE_LOW_WALL_002,inner,1,-1148.73,1209.85,-83.97,-1148.6942380078233,1209.8482261045626,0.0909471390366455,2.54,True,point pass
TUNNEL_WINDER_FRESH_ANGLE_SIDE_CHECKS_002,TUN_WINDER_01_ANGLE_HIGH_WALL_002,outer,1,-1024.81,1208.52,-83.97,-1024.9486438143188,1208.5247509060664,0.35236198275366265,2.54,True,point pass
TUNNEL_WINDER_FRESH_ANGLE_SIDE_CHECKS_002,TUN_WINDER_01_ANGLE_HIGH_WALL_002,inner,1,-1148.31,1213.37,-83.97,-1148.390847955122,1213.374808316021,0.20571666439213243,2.54,True,point pass
TUNNEL_WINDER_FRESH_ANGLE_SIDE_CHECKS_002,TUN_WINDER_02_ANGLE_LOW_WALL_002,outer,2,-1029.66,1173.87,-75.97,-1030.00732080029,1173.9509414365748,0.9058341374287211,2.54,True,point pass
TUNNEL_WINDER_FRESH_ANGLE_SIDE_CHECKS_002,TUN_WINDER_02_ANGLE_LOW_WALL_002,inner,2,-1149.79,1201.05,-75.97,-1150.2317189876042,1201.1549453529744,1.1531968996820554,2.54,True,point pass
TUNNEL_WINDER_FRESH_ANGLE_SIDE_CHECKS_002,TUN_WINDER_02_ANGLE_HIGH_WALL_002,outer,2,-1028.03,1183.74,-75.97,-1027.9301418118534,1183.7188434349748,0.2592699072526854,2.54,True,point pass
TUNNEL_WINDER_FRESH_ANGLE_SIDE_CHECKS_002,TUN_WINDER_02_ANGLE_HIGH_WALL_002,inner,2,-1149.36,1204.58,-75.97,-1149.484349202777,1204.605676328162,0.3225099729907515,2.54,True,point pass
TUNNEL_WINDER_FRESH_ANGLE_SIDE_CHECKS_002,TUN_WINDER_03_ANGLE_LOW_WALL_002,outer,3,-1037.21,1150.08,-67.97,-1037.355655252214,1150.1356896379605,0.3960835659639357,2.54,True,point pass
TUNNEL_WINDER_FRESH_ANGLE_SIDE_CHECKS_002,TUN_WINDER_03_ANGLE_LOW_WALL_002,inner,3,-1152.29,1192.54,-67.97,-1152.8544415484012,1192.7454414851695,1.5256933776193267,2.54,True,point pass
TUNNEL_WINDER_FRESH_ANGLE_SIDE_CHECKS_002,TUN_WINDER_03_ANGLE_HIGH_WALL_002,outer,3,-1033.8,1159.47,-67.97,-1034.0517469683152,1159.5428806089897,0.6656938260016616,2.54,True,point pass
TUNNEL_WINDER_FRESH_ANGLE_SIDE_CHECKS_002,TUN_WINDER_03_ANGLE_HIGH_WALL_002,inner,3,-1150.92,1195.83,-67.97,-1151.6778180359704,1196.0667464979022,2.0166017714841895,2.54,True,point pass
TUNNEL_WINDER_FRESH_ANGLE_SIDE_CHECKS_002,TUN_WINDER_04_ANGLE_LOW_WALL_002,outer,4,-1047.4,1127.34,-59.97,-1047.672374400583,1127.4843355610228,0.7829653237803965,2.54,True,point pass
TUNNEL_WINDER_FRESH_ANGLE_SIDE_CHECKS_002,TUN_WINDER_04_ANGLE_LOW_WALL_002,inner,4,-1155.71,1184.32,-59.97,-1156.5152305981726,1184.749332419662,2.3178424023926034,2.54,True,point pass
TUNNEL_WINDER_FRESH_ANGLE_SIDE_CHECKS_002,TUN_WINDER_04_ANGLE_HIGH_WALL_002,outer,4,-1043.0,1136.29,-59.97,-1043.1997319884954,1136.381815791115,0.558355361930125,2.54,True,point pass
TUNNEL_WINDER_FRESH_ANGLE_SIDE_CHECKS_002,TUN_WINDER_04_ANGLE_HIGH_WALL_002,inner,4,-1154.34,1187.62,-59.97,-1154.9299616120757,1187.8901571599997,1.648144122931839,2.54,True,point pass
TUNNEL_WINDER_FRESH_ANGLE_SIDE_CHECKS_002,TUN_WINDER_05_ANGLE_LOW_WALL_002,outer,5,-1060.61,1106.24,-51.97,-1060.782734869159,1106.3544846787427,0.5263629975354771,2.54,True,point pass
TUNNEL_WINDER_FRESH_ANGLE_SIDE_CHECKS_002,TUN_WINDER_05_ANGLE_LOW_WALL_002,inner,5,-1160.9,1177.11,-51.97,-1161.152860470253,1177.2890762972597,0.7870178324960266,2.54,True,point pass
TUNNEL_WINDER_FRESH_ANGLE_SIDE_CHECKS_002,TUN_WINDER_05_ANGLE_HIGH_WALL_002,outer,5,-1055.06,1114.5,-51.97,-1055.2162441409778,1114.6019335742326,0.4738491357871226,2.54,True,point pass
TUNNEL_WINDER_FRESH_ANGLE_SIDE_CHECKS_002,TUN_WINDER_05_ANGLE_HIGH_WALL_002,inner,5,-1158.56,1179.81,-51.97,-1159.1850622499103,1180.2013724501307,1.87319654900033,2.54,True,point pass
TUNNEL_WINDER_FRESH_ANGLE_SIDE_CHECKS_002,TUN_WINDER_06_ANGLE_LOW_WALL_002,outer,6,-1076.41,1087.02,-43.97,-1076.4717961103531,1087.0791869571704,0.21734231228777082,2.54,True,point pass
TUNNEL_WINDER_FRESH_ANGLE_SIDE_CHECKS_002,TUN_WINDER_06_ANGLE_LOW_WALL_002,inner,6,-1166.67,1170.46,-43.97,-1166.6929994170205,1170.478809439816,0.07546699530380732,2.54,True,point pass
TUNNEL_WINDER_FRESH_ANGLE_SIDE_CHECKS_002,TUN_WINDER_06_ANGLE_HIGH_WALL_002,outer,6,-1069.87,1094.52,-43.97,-1069.9020659661803,1094.5465822768995,0.10579469352379632,2.54,True,point pass
TUNNEL_WINDER_FRESH_ANGLE_SIDE_CHECKS_002,TUN_WINDER_06_ANGLE_HIGH_WALL_002,inner,6,-1164.36,1173.11,-43.97,-1164.3739170553254,1173.1179914479987,0.04076266119988537,2.54,True,point pass
TUNNEL_WINDER_FRESH_ANGLE_SIDE_CHECKS_002,TUN_WINDER_07_ANGLE_LOW_WALL_002,outer,7,-1094.52,1070.01,-35.97,-1094.4874616730979,1069.963123325181,0.14493956131608385,2.54,True,point pass
TUNNEL_WINDER_FRESH_ANGLE_SIDE_CHECKS_002,TUN_WINDER_07_ANGLE_LOW_WALL_002,inner,7,-1173.19,1164.59,-35.97,-1173.0491436288914,1164.4232787091637,0.5543750379974283,2.54,True,point pass
TUNNEL_WINDER_FRESH_ANGLE_SIDE_CHECKS_002,TUN_WINDER_07_ANGLE_HIGH_WALL_002,outer,7,-1087.03,1076.55,-35.97,-1087.0195874651836,1076.5322293774807,0.05231511578224857,2.54,True,point pass
TUNNEL_WINDER_FRESH_ANGLE_SIDE_CHECKS_002,TUN_WINDER_07_ANGLE_HIGH_WALL_002,inner,7,-1170.55,1166.89,-35.97,-1170.4147799552325,1166.7486403451564,0.4968736841518948,2.54,True,point pass
TUNNEL_WINDER_FRESH_ANGLE_SIDE_CHECKS_002,TUN_WINDER_08_ANGLE_LOW_WALL_002,outer,8,-1114.61,1055.39,-27.97,-1114.5437044859564,1055.2790508661885,0.32828756145777666,2.54,True,point pass
TUNNEL_WINDER_FRESH_ANGLE_SIDE_CHECKS_002,TUN_WINDER_08_ANGLE_LOW_WALL_002,inner,8,-1180.24,1159.4,-27.97,-1180.1235516041609,1159.2168179184814,0.5513374334214314,2.54,True,point pass
TUNNEL_WINDER_FRESH_ANGLE_SIDE_CHECKS_002,TUN_WINDER_08_ANGLE_HIGH_WALL_002,outer,8,-1106.36,1060.93,-27.97,-1106.2959540567722,1060.8448139909815,0.2707041744421307,2.54,True,point pass
TUNNEL_WINDER_FRESH_ANGLE_SIDE_CHECKS_002,TUN_WINDER_08_ANGLE_HIGH_WALL_002,inner,8,-1177.35,1161.39,-27.97,-1177.2142911674248,1161.191939995423,0.6098362411744555,2.54,True,point pass
TUNNEL_WINDER_FRESH_ANGLE_SIDE_CHECKS_002,TUN_WINDER_09_ANGLE_LOW_WALL_002,outer,9,-1136.45,1043.55,-19.97,-1136.3239967469237,1043.2644628473583,0.7927416310497857,2.54,True,point pass
TUNNEL_WINDER_FRESH_ANGLE_SIDE_CHECKS_002,TUN_WINDER_09_ANGLE_LOW_WALL_002,inner,9,-1187.97,1155.3,-19.97,-1187.8082026928437,1154.9423386913713,0.9970914867043116,2.54,True,point pass
TUNNEL_WINDER_FRESH_ANGLE_SIDE_CHECKS_002,TUN_WINDER_09_ANGLE_HIGH_WALL_002,outer,9,-1127.53,1047.93,-19.97,-1127.4264128544332,1047.7363226859295,0.5578825302982181,2.54,True,point pass
TUNNEL_WINDER_FRESH_ANGLE_SIDE_CHECKS_002,TUN_WINDER_09_ANGLE_HIGH_WALL_002,inner,9,-1184.8,1156.79,-19.97,-1184.6684246169198,1156.535491401593,0.7277297616223478,2.54,True,point pass
TUNNEL_WINDER_FRESH_ANGLE_SIDE_CHECKS_002,TUN_WINDER_10_ANGLE_LOW_WALL_002,outer,10,-1159.62,1034.56,-11.97,-1159.4849614249783,1034.118448290954,1.1728182272564927,2.54,True,point pass
TUNNEL_WINDER_FRESH_ANGLE_SIDE_CHECKS_002,TUN_WINDER_10_ANGLE_LOW_WALL_002,inner,10,-1196.04,1151.86,-11.97,-1195.9857901137616,1151.670327449466,0.5010589454941253,2.54,True,point pass
TUNNEL_WINDER_FRESH_ANGLE_SIDE_CHECKS_002,TUN_WINDER_10_ANGLE_HIGH_WALL_002,outer,10,-1150.22,1037.81,-11.97,-1150.0778721799404,1037.4215712911202,1.0505815193454837,2.54,True,point pass
TUNNEL_WINDER_FRESH_ANGLE_SIDE_CHECKS_002,TUN_WINDER_10_ANGLE_HIGH_WALL_002,inner,10,-1192.58,1152.63,-11.97,-1192.6634651425284,1152.8548720650724,0.6092499915915868,2.54,True,point pass
TUNNEL_WINDER_FRESH_ANGLE_SIDE_CHECKS_002,TUN_WINDER_11_ANGLE_LOW_WALL_002,outer,11,-1183.76,1028.58,-3.97,-1183.6603188274798,1027.9987280904675,1.4979828874938144,2.54,True,point pass
TUNNEL_WINDER_FRESH_ANGLE_SIDE_CHECKS_002,TUN_WINDER_11_ANGLE_LOW_WALL_002,inner,11,-1204.61,1149.92,-3.97,-1204.5308082481968,1149.4578220741876,1.1910400142311728,2.54,True,point pass
TUNNEL_WINDER_FRESH_ANGLE_SIDE_CHECKS_002,TUN_WINDER_11_ANGLE_HIGH_WALL_002,outer,11,-1174.02,1030.63,-3.97,-1173.8927179090642,1030.0751716790278,1.4458718730446325,2.54,True,point pass
TUNNEL_WINDER_FRESH_ANGLE_SIDE_CHECKS_002,TUN_WINDER_11_ANGLE_HIGH_WALL_002,inner,11,-1201.18,1150.69,-3.97,-1201.0770478151817,1150.2126232516684,1.2404141744077628,2.54,True,point pass
TUNNEL_WINDER_FRESH_ANGLE_SIDE_CHECKS_002,TUN_WINDER_12_ANGLE_LOW_WALL_002,outer,12,-1208.45,1024.65,4.03,-1208.465153986043,1025.0189028847974,0.9378035734451471,2.54,True,point pass
TUNNEL_WINDER_FRESH_ANGLE_SIDE_CHECKS_002,TUN_WINDER_12_ANGLE_LOW_WALL_002,inner,12,-1213.32,1148.5,4.03,-1213.3107433582143,1148.3473878702246,0.3883472076297859,2.54,True,point pass
TUNNEL_WINDER_FRESH_ANGLE_SIDE_CHECKS_002,TUN_WINDER_12_ANGLE_HIGH_WALL_002,outer,12,-1198.52,1026.07,4.03,-1198.4929548006432,1025.8286877603246,0.6167705795006042,2.54,True,point pass
TUNNEL_WINDER_FRESH_ANGLE_SIDE_CHECKS_002,TUN_WINDER_12_ANGLE_HIGH_WALL_002,inner,12,-1209.79,1148.75,4.03,-1209.7793115615236,1148.6572217362536,0.23721545258858534,2.54,True,point pass
TUNNEL_WINDER_FIXED_HEIGHT_SIDE_CHECKS_003,TUN_WINDER_01_Z10_WALL_003,outer,1,-1026.09,1203.58,10.0,-1025.2898244026028,1203.5321605311472,2.03607515595928,2.54,True,point pass
TUNNEL_WINDER_FIXED_HEIGHT_SIDE_CHECKS_003,TUN_WINDER_01_Z10_WALL_003,inner,1,-1149.01,1211.64,10.0,-1148.5200775948035,1211.6090980489626,1.2468758681358587,2.54,True,point pass
TUNNEL_WINDER_FIXED_HEIGHT_SIDE_CHECKS_003,TUN_WINDER_02_Z10_WALL_003,outer,2,-1029.61,1178.96,10.0,-1028.9062370224635,1178.8207042948147,1.8222364717879247,2.54,True,point pass
TUNNEL_WINDER_FIXED_HEIGHT_SIDE_CHECKS_003,TUN_WINDER_02_Z10_WALL_003,inner,2,-1149.8,1202.87,10.0,-1149.8361516110326,1202.875159892647,0.09275569038310344,2.54,True,point pass
TUNNEL_WINDER_FIXED_HEIGHT_SIDE_CHECKS_003,TUN_WINDER_03_Z10_WALL_003,outer,3,-1036.15,1154.99,10.0,-1035.6436663119678,1154.817457747325,1.358709207905448,2.54,True,point pass
TUNNEL_WINDER_FIXED_HEIGHT_SIDE_CHECKS_003,TUN_WINDER_03_Z10_WALL_003,inner,3,-1151.89,1194.28,10.0,-1152.2451339935878,1194.3983225415714,0.9507894750348322,2.54,True,point pass
TUNNEL_WINDER_FIXED_HEIGHT_SIDE_CHECKS_003,TUN_WINDER_04_Z10_WALL_003,outer,4,-1045.72,1132.07,10.0,-1045.3793497536626,1131.9040014966783,0.9625162126445669,2.54,True,point pass
TUNNEL_WINDER_FIXED_HEIGHT_SIDE_CHECKS_003,TUN_WINDER_04_Z10_WALL_003,inner,4,-1155.39,1186.16,10.0,-1155.7027713973284,1186.3094922643752,0.8805190688596555,2.54,True,point pass
TUNNEL_WINDER_FIXED_HEIGHT_SIDE_CHECKS_003,TUN_WINDER_05_Z10_WALL_003,outer,5,-1058.14,1110.57,10.0,-1057.946934043443,1110.4423626054415,0.5878647032155409,2.54,True,point pass
TUNNEL_WINDER_FIXED_HEIGHT_SIDE_CHECKS_003,TUN_WINDER_05_Z10_WALL_003,inner,5,-1159.78,1178.49,10.0,-1160.1505742559266,1178.7326517130127,1.125094234256313,2.54,True,point pass
TUNNEL_WINDER_FIXED_HEIGHT_SIDE_CHECKS_003,TUN_WINDER_06_Z10_WALL_003,outer,6,-1073.25,1090.87,10.0,-1073.1392789996198,1090.7708195098385,0.37756320011038935,2.54,True,point pass
TUNNEL_WINDER_FIXED_HEIGHT_SIDE_CHECKS_003,TUN_WINDER_06_Z10_WALL_003,inner,6,-1165.35,1171.64,10.0,-1165.5167554781335,1171.783692092162,0.5591162954094895,2.54,True,point pass
TUNNEL_WINDER_FIXED_HEIGHT_SIDE_CHECKS_003,TUN_WINDER_07_Z10_WALL_003,outer,7,-1090.81,1073.31,10.0,-1090.7114676170227,1073.2000180242248,0.3750666339185646,2.54,True,point pass
TUNNEL_WINDER_FIXED_HEIGHT_SIDE_CHECKS_003,TUN_WINDER_07_Z10_WALL_003,inner,7,-1171.6,1165.44,10.0,-1171.7171714487363,1165.56932010934,0.44324884275081,2.54,True,point pass
TUNNEL_WINDER_FIXED_HEIGHT_SIDE_CHECKS_003,TUN_WINDER_08_Z10_WALL_003,outer,8,-1110.5,1058.19,10.0,-1110.3839922369696,1058.0093729593789,0.5452660594669908,2.54,True,point pass
TUNNEL_WINDER_FIXED_HEIGHT_SIDE_CHECKS_003,TUN_WINDER_08_Z10_WALL_003,inner,8,-1178.62,1160.13,10.0,-1178.6562533837164,1160.1860324218035,0.1695141295122282,2.54,True,point pass
TUNNEL_WINDER_FIXED_HEIGHT_SIDE_CHECKS_003,TUN_WINDER_09_Z10_WALL_003,outer,9,-1132.0,1045.76,10.0,-1131.8461408170788,1045.443687866291,0.8934376041853738,2.54,True,point pass
TUNNEL_WINDER_FIXED_HEIGHT_SIDE_CHECKS_003,TUN_WINDER_09_Z10_WALL_003,inner,9,-1186.25,1155.77,10.0,-1186.2279586032737,1155.7191054522243,0.14087450399558035,2.54,True,point pass
TUNNEL_WINDER_FIXED_HEIGHT_SIDE_CHECKS_003,TUN_WINDER_10_Z10_WALL_003,outer,10,-1154.93,1036.2,10.0,-1154.7595996602283,1035.7099761839086,1.3177671188157285,2.54,True,point pass
TUNNEL_WINDER_FIXED_HEIGHT_SIDE_CHECKS_003,TUN_WINDER_10_Z10_WALL_003,inner,10,-1194.46,1152.68,10.0,-1194.31675312647,1152.2415925456955,1.1714901933265878,2.54,True,point pass
TUNNEL_WINDER_FIXED_HEIGHT_SIDE_CHECKS_003,TUN_WINDER_11_Z10_WALL_003,outer,11,-1178.89,1029.62,10.0,-1178.7623398221112,1028.9744593734313,1.6714277372462045,2.54,True,point pass
TUNNEL_WINDER_FIXED_HEIGHT_SIDE_CHECKS_003,TUN_WINDER_11_Z10_WALL_003,inner,11,-1202.94,1150.52,10.0,-1202.7986802505684,1149.8133028555953,1.8305491626300294,2.54,True,point pass
TUNNEL_WINDER_FIXED_HEIGHT_SIDE_CHECKS_003,TUN_WINDER_12_Z10_WALL_003,outer,12,-1203.47,1025.36,10.0,-1203.4728125034114,1025.359771577139,0.007167280726890597,2.54,True,point pass
TUNNEL_WINDER_FIXED_HEIGHT_SIDE_CHECKS_003,TUN_WINDER_12_Z10_WALL_003,inner,12,-1211.59,1149.27,10.0,-1211.5425240976556,1148.4797784799184,2.010781839107966,2.54,True,point pass
