id,area,source_report,axis,ray_z_cm,from_native,to_native,sampled_endpoint_chord_cm,check_report,check_yaw,check_axis_error_cm,result,limits
AXIS_CANDIDATE_B_SITE_56.25_1,B_SITE,PLAN_SECTION_B_SITE_001,Y,264.16,"[-1546.09, 2880.0, 104.0]","[-1642.59, 2880.01, 104.0]",245.11,PLAN_SECTION_CHECKS_B_SITE_001,61.875,0.7239,candidate axis line rejected,"Local candidate only; midpoint agreement does not locate exact ends, close angular gaps, identify component or certify continuous architectural footprint."
AXIS_CANDIDATE_B_SITE_67.5_1,B_SITE,PLAN_SECTION_B_SITE_001,Y,264.16,"[-1642.59, 2880.01, 104.0]","[-1724.41, 2880.01, 104.0]",207.8228,PLAN_SECTION_CHECKS_B_SITE_001,73.125,0.0,agrees at checked point only,"Local candidate only; midpoint agreement does not locate exact ends, close angular gaps, identify component or certify continuous architectural footprint."
AXIS_CANDIDATE_B_SITE_78.75_1,B_SITE,PLAN_SECTION_B_SITE_001,Y,264.16,"[-1724.41, 2880.01, 104.0]","[-1800.0, 2880.0, 104.0]",191.9986,PLAN_SECTION_CHECKS_B_SITE_001,84.375,0.0127,agrees at checked point only,"Local candidate only; midpoint agreement does not locate exact ends, close angular gaps, identify component or certify continuous architectural footprint."
AXIS_CANDIDATE_B_SITE_157.5_0,B_SITE,PLAN_SECTION_B_SITE_001,X,264.16,"[-2128.01, 2635.86, 104.0]","[-2128.0, 2565.24, 104.0]",179.3748,PLAN_SECTION_CHECKS_B_SITE_001,163.125,0.0127,agrees at checked point only,"Local candidate only; midpoint agreement does not locate exact ends, close angular gaps, identify component or certify continuous architectural footprint."
AXIS_CANDIDATE_B_SITE_168.75_0,B_SITE,PLAN_SECTION_B_SITE_001,X,264.16,"[-2128.0, 2565.24, 104.0]","[-2128.01, 2500.0, 104.0]",165.7096,PLAN_SECTION_CHECKS_B_SITE_001,174.375,0.0127,agrees at checked point only,"Local candidate only; midpoint agreement does not locate exact ends, close angular gaps, identify component or certify continuous architectural footprint."
AXIS_CANDIDATE_B_SITE_180.0_0,B_SITE,PLAN_SECTION_B_SITE_001,X,264.16,"[-2128.01, 2500.0, 104.0]","[-2128.01, 2434.76, 104.0]",165.7096,PLAN_SECTION_CHECKS_B_SITE_001,185.625,0.0,agrees at checked point only,"Local candidate only; midpoint agreement does not locate exact ends, close angular gaps, identify component or certify continuous architectural footprint."
AXIS_CANDIDATE_B_SITE_281.25_1,B_SITE,PLAN_SECTION_B_SITE_001,Y,264.16,"[-1620.98, 1600.0, 104.0]","[-1427.21, 1600.0, 104.0]",492.1758,PLAN_SECTION_CHECKS_B_SITE_001,286.875,261.0612,candidate axis line rejected,"Local candidate only; midpoint agreement does not locate exact ends, close angular gaps, identify component or certify continuous architectural footprint."
AXIS_CANDIDATE_CT_SPAWN_123.75_0,CT_SPAWN,PLAN_SECTION_CT_SPAWN_001,X,-91.44,"[67.36, 2508.65, -36.0]","[67.36, 2462.64, -36.0]",116.8654,PLAN_SECTION_CHECKS_CT_SPAWN_001,129.375,0.0,agrees at checked point only,"Local candidate only; midpoint agreement does not locate exact ends, close angular gaps, identify component or certify continuous architectural footprint."
AXIS_CANDIDATE_CT_SPAWN_270.0_1,CT_SPAWN,PLAN_SECTION_CT_SPAWN_001,Y,-91.44,"[160.0, 2032.0, -36.0]","[227.23, 2032.0, -36.0]",170.7642,PLAN_SECTION_CHECKS_CT_SPAWN_001,275.625,0.0,agrees at checked point only,"Local candidate only; midpoint agreement does not locate exact ends, close angular gaps, identify component or certify continuous architectural footprint."
AXIS_CANDIDATE_UPPER_CHAMBER_22.5_1,UPPER_CHAMBER,PLAN_SECTION_UPPER_CHAMBER_001,Y,264.16,"[-1406.86, 1280.0, 104.0]","[-1480.27, 1280.0, 104.0]",186.4614,PLAN_SECTION_CHECKS_UPPER_CHAMBER_001,28.125,0.0,agrees at checked point only,"Local candidate only; midpoint agreement does not locate exact ends, close angular gaps, identify component or certify continuous architectural footprint."
AXIS_CANDIDATE_UPPER_CHAMBER_67.5_1,UPPER_CHAMBER,PLAN_SECTION_UPPER_CHAMBER_001,Y,264.16,"[-1566.86, 1280.0, 104.0]","[-1584.09, 1280.0, 104.0]",43.7642,PLAN_SECTION_CHECKS_UPPER_CHAMBER_001,73.125,0.0,agrees at checked point only,"Local candidate only; midpoint agreement does not locate exact ends, close angular gaps, identify component or certify continuous architectural footprint."
AXIS_CANDIDATE_UPPER_CHAMBER_303.75_1,UPPER_CHAMBER,PLAN_SECTION_UPPER_CHAMBER_001,Y,264.16,"[-1482.4, 1024.0, 104.0]","[-1424.0, 1024.0, 104.0]",148.336,PLAN_SECTION_CHECKS_UPPER_CHAMBER_001,309.375,0.0,agrees at checked point only,"Local candidate only; midpoint agreement does not locate exact ends, close angular gaps, identify component or certify continuous architectural footprint."
AXIS_CANDIDATE_UPPER_CHAMBER_315.0_1,UPPER_CHAMBER,PLAN_SECTION_UPPER_CHAMBER_001,Y,264.16,"[-1424.0, 1024.0, 104.0]","[-1336.6, 1024.0, 104.0]",221.996,PLAN_SECTION_CHECKS_UPPER_CHAMBER_001,320.625,0.0,agrees at checked point only,"Local candidate only; midpoint agreement does not locate exact ends, close angular gaps, identify component or certify continuous architectural footprint."
AXIS_CANDIDATE_LONG_CHAMBER_0.0_0,LONG_CHAMBER,PLAN_SECTION_LONG_CHAMBER_001,X,203.2,"[768.0, 500.0, 80.0]","[768.0, 525.46, 80.0]",64.6684,AXIS_WALL_MIDPOINTS_LONG_CHAMBER_002,5.625,0.0,agrees at checked point only,"Local candidate only; midpoint agreement does not locate exact ends, close angular gaps, identify component or certify continuous architectural footprint."
AXIS_CANDIDATE_LONG_CHAMBER_11.25_0,LONG_CHAMBER,PLAN_SECTION_LONG_CHAMBER_001,X,203.2,"[768.0, 525.46, 80.0]","[768.0, 553.02, 80.0]",70.0024,AXIS_WALL_MIDPOINTS_LONG_CHAMBER_002,16.875,0.0,agrees at checked point only,"Local candidate only; midpoint agreement does not locate exact ends, close angular gaps, identify component or certify continuous architectural footprint."
AXIS_CANDIDATE_LONG_CHAMBER_123.75_0,LONG_CHAMBER,PLAN_SECTION_LONG_CHAMBER_001,X,203.2,"[512.0, 691.57, 80.0]","[512.0, 628.0, 80.0]",161.4678,AXIS_WALL_MIDPOINTS_LONG_CHAMBER_002,129.375,0.0,agrees at checked point only,"Local candidate only; midpoint agreement does not locate exact ends, close angular gaps, identify component or certify continuous architectural footprint."
AXIS_CANDIDATE_LONG_CHAMBER_213.75_0,LONG_CHAMBER,PLAN_SECTION_LONG_CHAMBER_001,X,203.2,"[512.0, 414.47, 80.0]","[512.0, 372.0, 80.0]",107.8738,AXIS_WALL_MIDPOINTS_LONG_CHAMBER_002,219.375,0.0,agrees at checked point only,"Local candidate only; midpoint agreement does not locate exact ends, close angular gaps, identify component or certify continuous architectural footprint."
AXIS_CANDIDATE_LONG_CHAMBER_315.0_0,LONG_CHAMBER,PLAN_SECTION_LONG_CHAMBER_001,X,203.2,"[768.0, 372.0, 80.0]","[768.0, 414.47, 80.0]",107.8738,AXIS_WALL_MIDPOINTS_LONG_CHAMBER_002,320.625,0.0,agrees at checked point only,"Local candidate only; midpoint agreement does not locate exact ends, close angular gaps, identify component or certify continuous architectural footprint."
AXIS_CANDIDATE_LONG_CHAMBER_348.75_0,LONG_CHAMBER,PLAN_SECTION_LONG_CHAMBER_001,X,203.2,"[768.0, 474.54, 80.0]","[768.0, 500.0, 80.0]",64.6684,AXIS_WALL_MIDPOINTS_LONG_CHAMBER_002,354.375,0.0,agrees at checked point only,"Local candidate only; midpoint agreement does not locate exact ends, close angular gaps, identify component or certify continuous architectural footprint."
AXIS_CANDIDATE_LOWER_PASSAGE_11.25_1,LOWER_PASSAGE,PLAN_SECTION_LOWER_PASSAGE_001,Y,-91.44,"[-567.65, 1536.0, -36.0]","[-792.38, 1536.0, -36.0]",570.8142,AXIS_WALL_MIDPOINTS_LOWER_PASSAGE_002,16.875,0.0,agrees at checked point only,"Local candidate only; midpoint agreement does not locate exact ends, close angular gaps, identify component or certify continuous architectural footprint."
AXIS_CANDIDATE_LOWER_PASSAGE_45.0_1,LOWER_PASSAGE,PLAN_SECTION_LOWER_PASSAGE_001,Y,-91.44,"[-914.0, 1536.0, -36.0]","[-942.54, 1536.0, -36.0]",72.4916,AXIS_WALL_MIDPOINTS_LOWER_PASSAGE_002,50.625,0.0,agrees at checked point only,"Local candidate only; midpoint agreement does not locate exact ends, close angular gaps, identify component or certify continuous architectural footprint."
AXIS_CANDIDATE_LOWER_PASSAGE_56.25_1,LOWER_PASSAGE,PLAN_SECTION_LOWER_PASSAGE_001,Y,-91.44,"[-942.54, 1536.0, -36.0]","[-964.38, 1536.0, -36.0]",55.4736,AXIS_WALL_MIDPOINTS_LOWER_PASSAGE_002,61.875,0.0,agrees at checked point only,"Local candidate only; midpoint agreement does not locate exact ends, close angular gaps, identify component or certify continuous architectural footprint."
AXIS_CANDIDATE_LOWER_PASSAGE_67.5_1,LOWER_PASSAGE,PLAN_SECTION_LOWER_PASSAGE_001,Y,-91.44,"[-964.38, 1536.0, -36.0]","[-982.89, 1536.0, -36.0]",47.0154,AXIS_WALL_MIDPOINTS_LOWER_PASSAGE_002,73.125,0.0,agrees at checked point only,"Local candidate only; midpoint agreement does not locate exact ends, close angular gaps, identify component or certify continuous architectural footprint."
AXIS_CANDIDATE_LOWER_PASSAGE_78.75_1,LOWER_PASSAGE,PLAN_SECTION_LOWER_PASSAGE_001,Y,-91.44,"[-982.89, 1536.0, -36.0]","[-1000.0, 1536.0, -36.0]",43.4594,AXIS_WALL_MIDPOINTS_LOWER_PASSAGE_002,84.375,0.0,agrees at checked point only,"Local candidate only; midpoint agreement does not locate exact ends, close angular gaps, identify component or certify continuous architectural footprint."
AXIS_CANDIDATE_LOWER_PASSAGE_90.0_1,LOWER_PASSAGE,PLAN_SECTION_LOWER_PASSAGE_001,Y,-91.44,"[-1000.0, 1536.0, -36.0]","[-1017.11, 1536.0, -36.0]",43.4594,AXIS_WALL_MIDPOINTS_LOWER_PASSAGE_002,95.625,0.0,agrees at checked point only,"Local candidate only; midpoint agreement does not locate exact ends, close angular gaps, identify component or certify continuous architectural footprint."
AXIS_CANDIDATE_LOWER_PASSAGE_101.25_1,LOWER_PASSAGE,PLAN_SECTION_LOWER_PASSAGE_001,Y,-91.44,"[-1017.11, 1536.0, -36.0]","[-1035.62, 1536.0, -36.0]",47.0154,AXIS_WALL_MIDPOINTS_LOWER_PASSAGE_002,106.875,0.0,agrees at checked point only,"Local candidate only; midpoint agreement does not locate exact ends, close angular gaps, identify component or certify continuous architectural footprint."
AXIS_CANDIDATE_LOWER_PASSAGE_112.5_1,LOWER_PASSAGE,PLAN_SECTION_LOWER_PASSAGE_001,Y,-91.44,"[-1035.62, 1536.0, -36.0]","[-1057.46, 1536.0, -36.0]",55.4736,AXIS_WALL_MIDPOINTS_LOWER_PASSAGE_002,118.125,0.0,agrees at checked point only,"Local candidate only; midpoint agreement does not locate exact ends, close angular gaps, identify component or certify continuous architectural footprint."
AXIS_CANDIDATE_LOWER_PASSAGE_123.75_1,LOWER_PASSAGE,PLAN_SECTION_LOWER_PASSAGE_001,Y,-91.44,"[-1057.46, 1536.0, -36.0]","[-1086.0, 1536.0, -36.0]",72.4916,AXIS_WALL_MIDPOINTS_LOWER_PASSAGE_002,129.375,0.0,agrees at checked point only,"Local candidate only; midpoint agreement does not locate exact ends, close angular gaps, identify component or certify continuous architectural footprint."
AXIS_CANDIDATE_LOWER_PASSAGE_135.0_1,LOWER_PASSAGE,PLAN_SECTION_LOWER_PASSAGE_001,Y,-91.44,"[-1086.0, 1536.0, -36.0]","[-1128.71, 1536.0, -36.0]",108.4834,AXIS_WALL_MIDPOINTS_LOWER_PASSAGE_002,140.625,0.0,agrees at checked point only,"Local candidate only; midpoint agreement does not locate exact ends, close angular gaps, identify component or certify continuous architectural footprint."
AXIS_CANDIDATE_LOWER_PASSAGE_168.75_0,LOWER_PASSAGE,PLAN_SECTION_LOWER_PASSAGE_001,X,-91.44,"[-1216.0, 1492.97, -36.0]","[-1216.0, 1450.0, -36.0]",109.1438,AXIS_WALL_MIDPOINTS_LOWER_PASSAGE_002,174.375,0.0,agrees at checked point only,"Local candidate only; midpoint agreement does not locate exact ends, close angular gaps, identify component or certify continuous architectural footprint."
AXIS_CANDIDATE_LOWER_PASSAGE_180.0_0,LOWER_PASSAGE,PLAN_SECTION_LOWER_PASSAGE_001,X,-91.44,"[-1216.0, 1450.0, -36.0]","[-1216.0, 1407.03, -36.0]",109.1438,AXIS_WALL_MIDPOINTS_LOWER_PASSAGE_002,185.625,0.0,agrees at checked point only,"Local candidate only; midpoint agreement does not locate exact ends, close angular gaps, identify component or certify continuous architectural footprint."
AXIS_CANDIDATE_LOWER_PASSAGE_191.25_0,LOWER_PASSAGE,PLAN_SECTION_LOWER_PASSAGE_001,X,-91.44,"[-1216.0, 1407.03, -36.0]","[-1216.0, 1360.53, -36.0]",118.11,AXIS_WALL_MIDPOINTS_LOWER_PASSAGE_002,196.875,0.0,agrees at checked point only,"Local candidate only; midpoint agreement does not locate exact ends, close angular gaps, identify component or certify continuous architectural footprint."
AXIS_CANDIDATE_LOWER_PASSAGE_281.25_1,LOWER_PASSAGE,PLAN_SECTION_LOWER_PASSAGE_001,Y,-91.44,"[-972.55, 1312.0, -36.0]","[-942.84, 1312.0, -36.0]",75.4634,AXIS_WALL_MIDPOINTS_LOWER_PASSAGE_002,286.875,0.0,agrees at checked point only,"Local candidate only; midpoint agreement does not locate exact ends, close angular gaps, identify component or certify continuous architectural footprint."
AXIS_CANDIDATE_LOWER_PASSAGE_292.5_1,LOWER_PASSAGE,PLAN_SECTION_LOWER_PASSAGE_001,Y,-91.44,"[-942.84, 1312.0, -36.0]","[-907.79, 1312.0, -36.0]",89.027,AXIS_WALL_MIDPOINTS_LOWER_PASSAGE_002,298.125,0.0,agrees at checked point only,"Local candidate only; midpoint agreement does not locate exact ends, close angular gaps, identify component or certify continuous architectural footprint."
AXIS_CANDIDATE_A_SITE_33.75_1,A_SITE,PLAN_SECTION_A_SITE_001,Y,467.36,"[1000.88, 2784.0, 184.0]","[984.0, 2784.0, 184.0]",42.8752,AXIS_WALL_MIDPOINTS_A_SITE_002,39.375,0.0,agrees at checked point only,"Local candidate only; midpoint agreement does not locate exact ends, close angular gaps, identify component or certify continuous architectural footprint."
AXIS_CANDIDATE_A_SITE_45.0_1,A_SITE,PLAN_SECTION_A_SITE_001,Y,467.36,"[984.0, 2784.0, 184.0]","[972.72, 2784.0, 184.0]",28.6512,AXIS_WALL_MIDPOINTS_A_SITE_002,50.625,0.0,agrees at checked point only,"Local candidate only; midpoint agreement does not locate exact ends, close angular gaps, identify component or certify continuous architectural footprint."
AXIS_CANDIDATE_A_SITE_123.75_1,A_SITE,PLAN_SECTION_A_SITE_001,Y,467.36,"[927.28, 2784.0, 184.0]","[916.0, 2784.0, 184.0]",28.6512,AXIS_WALL_MIDPOINTS_A_SITE_002,129.375,0.0,agrees at checked point only,"Local candidate only; midpoint agreement does not locate exact ends, close angular gaps, identify component or certify continuous architectural footprint."
AXIS_CANDIDATE_A_SITE_135.0_1,A_SITE,PLAN_SECTION_A_SITE_001,Y,467.36,"[916.0, 2784.0, 184.0]","[899.12, 2784.0, 184.0]",42.8752,AXIS_WALL_MIDPOINTS_A_SITE_002,140.625,0.0,agrees at checked point only,"Local candidate only; midpoint agreement does not locate exact ends, close angular gaps, identify component or certify continuous architectural footprint."
AXIS_CANDIDATE_A_SITE_146.25_1,A_SITE,PLAN_SECTION_A_SITE_001,Y,467.36,"[899.12, 2784.0, 184.0]","[867.92, 2784.0, 184.0]",79.248,AXIS_WALL_MIDPOINTS_A_SITE_002,151.875,0.0,agrees at checked point only,"Local candidate only; midpoint agreement does not locate exact ends, close angular gaps, identify component or certify continuous architectural footprint."
AXIS_CANDIDATE_A_SITE_157.5_1,A_SITE,PLAN_SECTION_A_SITE_001,Y,467.36,"[867.92, 2784.0, 184.0]","[779.07, 2784.0, 184.0]",225.679,AXIS_WALL_MIDPOINTS_A_SITE_002,163.125,0.0,agrees at checked point only,"Local candidate only; midpoint agreement does not locate exact ends, close angular gaps, identify component or certify continuous architectural footprint."
AXIS_CANDIDATE_A_SITE_202.5_0,A_SITE,PLAN_SECTION_A_SITE_001,X,467.36,"[256.0, 2462.54, 184.0]","[256.0, 2286.28, 184.0]",447.7004,AXIS_WALL_MIDPOINTS_A_SITE_002,208.125,0.0,agrees at checked point only,"Local candidate only; midpoint agreement does not locate exact ends, close angular gaps, identify component or certify continuous architectural footprint."
AXIS_CANDIDATE_A_SITE_270.0_1,A_SITE,PLAN_SECTION_A_SITE_001,Y,467.36,"[950.0, 2016.0, 184.0]","[1096.0, 2016.0, 184.0]",370.84,AXIS_WALL_MIDPOINTS_A_SITE_002,275.625,9.3218,candidate axis line rejected,"Local candidate only; midpoint agreement does not locate exact ends, close angular gaps, identify component or certify continuous architectural footprint."
AXIS_CANDIDATE_TOP_MID_45.0_0,TOP_MID,PLAN_SECTION_TOP_MID_001,X,187.96,"[-128.0, 622.0, 74.0]","[-128.0, 781.91, 74.0]",406.1714,AXIS_WALL_MIDPOINTS_TOP_MID_002,50.625,0.0,agrees at checked point only,"Local candidate only; midpoint agreement does not locate exact ends, close angular gaps, identify component or certify continuous architectural footprint."
AXIS_CANDIDATE_TOP_MID_56.25_0,TOP_MID,PLAN_SECTION_TOP_MID_001,X,187.96,"[-128.0, 781.91, 74.0]","[-128.0, 1077.38, 74.0]",750.4938,AXIS_WALL_MIDPOINTS_TOP_MID_002,61.875,0.0,agrees at checked point only,"Local candidate only; midpoint agreement does not locate exact ends, close angular gaps, identify component or certify continuous architectural footprint."
AXIS_CANDIDATE_TOP_MID_213.75_1,TOP_MID,PLAN_SECTION_TOP_MID_001,Y,187.96,"[-611.63, 192.0, 74.0]","[-558.0, 192.0, 74.0]",136.2202,AXIS_WALL_MIDPOINTS_TOP_MID_002,219.375,0.0,agrees at checked point only,"Local candidate only; midpoint agreement does not locate exact ends, close angular gaps, identify component or certify continuous architectural footprint."
AXIS_CANDIDATE_TOP_MID_281.25_0,TOP_MID,PLAN_SECTION_TOP_MID_001,X,187.96,"[-384.01, -31.77, 74.0]","[-384.0, 140.67, 74.0]",437.9976,AXIS_WALL_MIDPOINTS_TOP_MID_002,286.875,0.0127,agrees at checked point only,"Local candidate only; midpoint agreement does not locate exact ends, close angular gaps, identify component or certify continuous architectural footprint."
AXIS_CANDIDATE_LONG_CORNER_180.0_0,LONG_CORNER,PLAN_SECTION_LONG_CORNER_001,X,203.2,"[496.0, 950.0, 80.0]","[496.0, 809.97, 80.0]",355.6762,AXIS_WALL_MIDPOINTS_LONG_CORNER_002,185.625,0.0,agrees at checked point only,"Local candidate only; midpoint agreement does not locate exact ends, close angular gaps, identify component or certify continuous architectural footprint."
AXIS_CANDIDATE_LONG_CORNER_236.25_0,LONG_CORNER,PLAN_SECTION_LONG_CORNER_001,X,203.2,"[944.0, 566.87, 80.0]","[944.0, 331.97, 80.0]",596.646,AXIS_WALL_MIDPOINTS_LONG_CORNER_002,241.875,0.0,agrees at checked point only,"Local candidate only; midpoint agreement does not locate exact ends, close angular gaps, identify component or certify continuous architectural footprint."
AXIS_CANDIDATE_LONG_CORNER_281.25_1,LONG_CORNER,PLAN_SECTION_LONG_CORNER_001,Y,203.2,"[1325.31, 320.0, 80.0]","[1460.95, 320.0, 80.0]",344.5256,AXIS_WALL_MIDPOINTS_LONG_CORNER_002,286.875,1164.1582,candidate axis line rejected,"Local candidate only; midpoint agreement does not locate exact ends, close angular gaps, identify component or certify continuous architectural footprint."
AXIS_CANDIDATE_LONG_CORNER_315.0_0,LONG_CORNER,PLAN_SECTION_LONG_CORNER_001,X,203.2,"[1792.0, 358.0, 80.0]","[1792.0, 554.44, 80.0]",498.9576,AXIS_WALL_MIDPOINTS_LONG_CORNER_002,320.625,0.0,agrees at checked point only,"Local candidate only; midpoint agreement does not locate exact ends, close angular gaps, identify component or certify continuous architectural footprint."
AXIS_CANDIDATE_LONG_CORNER_326.25_0,LONG_CORNER,PLAN_SECTION_LONG_CORNER_001,X,203.2,"[1792.0, 554.44, 80.0]","[1792.0, 704.78, 80.0]",381.8636,AXIS_WALL_MIDPOINTS_LONG_CORNER_002,331.875,0.0,agrees at checked point only,"Local candidate only; midpoint agreement does not locate exact ends, close angular gaps, identify component or certify continuous architectural footprint."
AXIS_CANDIDATE_PIT_0.0_0,PIT,PLAN_SECTION_PIT_001,X,-167.64000000000001,"[1592.0, 350.0, -66.0]","[1592.0, 388.19, -66.0]",97.0026,AXIS_WALL_MIDPOINTS_PIT_002,5.625,0.0,agrees at checked point only,"Local candidate only; midpoint agreement does not locate exact ends, close angular gaps, identify component or certify continuous architectural footprint."
AXIS_CANDIDATE_PIT_11.25_0,PIT,PLAN_SECTION_PIT_001,X,-167.64000000000001,"[1592.0, 388.19, -66.0]","[1592.0, 429.53, -66.0]",105.0036,AXIS_WALL_MIDPOINTS_PIT_002,16.875,0.0,agrees at checked point only,"Local candidate only; midpoint agreement does not locate exact ends, close angular gaps, identify component or certify continuous architectural footprint."
AXIS_CANDIDATE_PIT_22.5_0,PIT,PLAN_SECTION_PIT_001,X,-167.64000000000001,"[1592.0, 429.53, -66.0]","[1592.0, 478.29, -66.0]",123.8504,AXIS_WALL_MIDPOINTS_PIT_002,28.125,0.0,agrees at checked point only,"Local candidate only; midpoint agreement does not locate exact ends, close angular gaps, identify component or certify continuous architectural footprint."
AXIS_CANDIDATE_PIT_33.75_0,PIT,PLAN_SECTION_PIT_001,X,-167.64000000000001,"[1592.0, 478.29, -66.0]","[1592.0, 542.0, -66.0]",161.8234,AXIS_WALL_MIDPOINTS_PIT_002,39.375,0.0,agrees at checked point only,"Local candidate only; midpoint agreement does not locate exact ends, close angular gaps, identify component or certify continuous architectural footprint."
AXIS_CANDIDATE_PIT_123.75_0,PIT,PLAN_SECTION_PIT_001,X,-167.64000000000001,"[1272.0, 541.56, -66.0]","[1272.0, 478.0, -66.0]",161.4424,AXIS_WALL_MIDPOINTS_PIT_002,129.375,0.0,agrees at checked point only,"Local candidate only; midpoint agreement does not locate exact ends, close angular gaps, identify component or certify continuous architectural footprint."
AXIS_CANDIDATE_PIT_135.0_0,PIT,PLAN_SECTION_PIT_001,X,-167.64000000000001,"[1272.0, 478.0, -66.0]","[1272.0, 435.53, -66.0]",107.8738,AXIS_WALL_MIDPOINTS_PIT_002,140.625,0.0,agrees at checked point only,"Local candidate only; midpoint agreement does not locate exact ends, close angular gaps, identify component or certify continuous architectural footprint."
AXIS_CANDIDATE_PIT_146.25_0,PIT,PLAN_SECTION_PIT_001,X,-167.64000000000001,"[1272.0, 435.53, -66.0]","[1272.0, 403.02, -66.0]",82.5754,AXIS_WALL_MIDPOINTS_PIT_002,151.875,0.0,agrees at checked point only,"Local candidate only; midpoint agreement does not locate exact ends, close angular gaps, identify component or certify continuous architectural footprint."
AXIS_CANDIDATE_PIT_157.5_0,PIT,PLAN_SECTION_PIT_001,X,-167.64000000000001,"[1272.0, 403.02, -66.0]","[1272.0, 375.46, -66.0]",70.0024,AXIS_WALL_MIDPOINTS_PIT_002,163.125,0.0,agrees at checked point only,"Local candidate only; midpoint agreement does not locate exact ends, close angular gaps, identify component or certify continuous architectural footprint."
AXIS_CANDIDATE_PIT_168.75_0,PIT,PLAN_SECTION_PIT_001,X,-167.64000000000001,"[1272.0, 375.46, -66.0]","[1272.0, 350.0, -66.0]",64.6684,AXIS_WALL_MIDPOINTS_PIT_002,174.375,0.0,agrees at checked point only,"Local candidate only; midpoint agreement does not locate exact ends, close angular gaps, identify component or certify continuous architectural footprint."
AXIS_CANDIDATE_PIT_180.0_0,PIT,PLAN_SECTION_PIT_001,X,-167.64000000000001,"[1272.0, 350.0, -66.0]","[1272.0, 324.54, -66.0]",64.6684,AXIS_WALL_MIDPOINTS_PIT_002,185.625,0.0,agrees at checked point only,"Local candidate only; midpoint agreement does not locate exact ends, close angular gaps, identify component or certify continuous architectural footprint."
AXIS_CANDIDATE_PIT_191.25_0,PIT,PLAN_SECTION_PIT_001,X,-167.64000000000001,"[1272.0, 324.54, -66.0]","[1272.0, 296.98, -66.0]",70.0024,AXIS_WALL_MIDPOINTS_PIT_002,196.875,0.0,agrees at checked point only,"Local candidate only; midpoint agreement does not locate exact ends, close angular gaps, identify component or certify continuous architectural footprint."
AXIS_CANDIDATE_PIT_202.5_0,PIT,PLAN_SECTION_PIT_001,X,-167.64000000000001,"[1272.0, 296.98, -66.0]","[1272.0, 264.47, -66.0]",82.5754,AXIS_WALL_MIDPOINTS_PIT_002,208.125,0.0,agrees at checked point only,"Local candidate only; midpoint agreement does not locate exact ends, close angular gaps, identify component or certify continuous architectural footprint."
AXIS_CANDIDATE_PIT_213.75_0,PIT,PLAN_SECTION_PIT_001,X,-167.64000000000001,"[1272.0, 264.47, -66.0]","[1272.0, 222.0, -66.0]",107.8738,AXIS_WALL_MIDPOINTS_PIT_002,219.375,0.0,agrees at checked point only,"Local candidate only; midpoint agreement does not locate exact ends, close angular gaps, identify component or certify continuous architectural footprint."
AXIS_CANDIDATE_PIT_326.25_0,PIT,PLAN_SECTION_PIT_001,X,-167.64000000000001,"[1592.0, 221.71, -66.0]","[1592.0, 270.47, -66.0]",123.8504,AXIS_WALL_MIDPOINTS_PIT_002,331.875,0.0,agrees at checked point only,"Local candidate only; midpoint agreement does not locate exact ends, close angular gaps, identify component or certify continuous architectural footprint."
AXIS_CANDIDATE_PIT_337.5_0,PIT,PLAN_SECTION_PIT_001,X,-167.64000000000001,"[1592.0, 270.47, -66.0]","[1592.0, 311.81, -66.0]",105.0036,AXIS_WALL_MIDPOINTS_PIT_002,343.125,0.0,agrees at checked point only,"Local candidate only; midpoint agreement does not locate exact ends, close angular gaps, identify component or certify continuous architectural footprint."
AXIS_CANDIDATE_PIT_348.75_0,PIT,PLAN_SECTION_PIT_001,X,-167.64000000000001,"[1592.0, 311.81, -66.0]","[1592.0, 350.0, -66.0]",97.0026,AXIS_WALL_MIDPOINTS_PIT_002,354.375,0.0,agrees at checked point only,"Local candidate only; midpoint agreement does not locate exact ends, close angular gaps, identify component or certify continuous architectural footprint."
AXIS_CANDIDATE_SIDE_PIT_0.0_0,SIDE_PIT,PLAN_SECTION_SIDE_PIT_001,X,327.66,"[1792.0, 500.0, 129.0]","[1792.0, 518.3, 129.0]",46.482,AXIS_WALL_MIDPOINTS_SIDE_PIT_002,5.625,0.0,agrees at checked point only,"Local candidate only; midpoint agreement does not locate exact ends, close angular gaps, identify component or certify continuous architectural footprint."
AXIS_CANDIDATE_SIDE_PIT_11.25_0,SIDE_PIT,PLAN_SECTION_SIDE_PIT_001,X,327.66,"[1792.0, 518.3, 129.0]","[1792.0, 538.11, 129.0]",50.3174,AXIS_WALL_MIDPOINTS_SIDE_PIT_002,16.875,0.0,agrees at checked point only,"Local candidate only; midpoint agreement does not locate exact ends, close angular gaps, identify component or certify continuous architectural footprint."
AXIS_CANDIDATE_SIDE_PIT_22.5_0,SIDE_PIT,PLAN_SECTION_SIDE_PIT_001,X,327.66,"[1792.0, 538.11, 129.0]","[1792.0, 561.47, 129.0]",59.3344,AXIS_WALL_MIDPOINTS_SIDE_PIT_002,28.125,0.0,agrees at checked point only,"Local candidate only; midpoint agreement does not locate exact ends, close angular gaps, identify component or certify continuous architectural footprint."
AXIS_CANDIDATE_SIDE_PIT_33.75_0,SIDE_PIT,PLAN_SECTION_SIDE_PIT_001,X,327.66,"[1792.0, 561.47, 129.0]","[1792.0, 592.0, 129.0]",77.5462,AXIS_WALL_MIDPOINTS_SIDE_PIT_002,39.375,0.0,agrees at checked point only,"Local candidate only; midpoint agreement does not locate exact ends, close angular gaps, identify component or certify continuous architectural footprint."
AXIS_CANDIDATE_SIDE_PIT_45.0_0,SIDE_PIT,PLAN_SECTION_SIDE_PIT_001,X,327.66,"[1792.0, 592.0, 129.0]","[1792.0, 637.69, 129.0]",116.0526,AXIS_WALL_MIDPOINTS_SIDE_PIT_002,50.625,0.0,agrees at checked point only,"Local candidate only; midpoint agreement does not locate exact ends, close angular gaps, identify component or certify continuous architectural footprint."
AXIS_CANDIDATE_SIDE_PIT_56.25_0,SIDE_PIT,PLAN_SECTION_SIDE_PIT_001,X,327.66,"[1792.0, 637.69, 129.0]","[1792.0, 722.11, 129.0]",214.4268,AXIS_WALL_MIDPOINTS_SIDE_PIT_002,61.875,0.0,agrees at checked point only,"Local candidate only; midpoint agreement does not locate exact ends, close angular gaps, identify component or certify continuous architectural footprint."
AXIS_CANDIDATE_SIDE_PIT_180.0_0,SIDE_PIT,PLAN_SECTION_SIDE_PIT_001,X,327.66,"[944.0, 500.0, 129.0]","[944.0, 349.62, 129.0]",381.9652,AXIS_WALL_MIDPOINTS_SIDE_PIT_002,185.625,0.0,agrees at checked point only,"Local candidate only; midpoint agreement does not locate exact ends, close angular gaps, identify component or certify continuous architectural footprint."
AXIS_CANDIDATE_SIDE_PIT_202.5_1,SIDE_PIT,PLAN_SECTION_SIDE_PIT_001,Y,327.66,"[1265.44, 320.0, 129.0]","[1430.61, 320.0, 129.0]",419.5318,AXIS_WALL_MIDPOINTS_SIDE_PIT_002,208.125,0.0,agrees at checked point only,"Local candidate only; midpoint agreement does not locate exact ends, close angular gaps, identify component or certify continuous architectural footprint."
AXIS_CANDIDATE_SIDE_PIT_213.75_1,SIDE_PIT,PLAN_SECTION_SIDE_PIT_001,Y,327.66,"[1430.61, 320.0, 129.0]","[1520.0, 320.0, 129.0]",227.0506,AXIS_WALL_MIDPOINTS_SIDE_PIT_002,219.375,0.0,agrees at checked point only,"Local candidate only; midpoint agreement does not locate exact ends, close angular gaps, identify component or certify continuous architectural footprint."
AXIS_CANDIDATE_SIDE_PIT_225.0_1,SIDE_PIT,PLAN_SECTION_SIDE_PIT_001,Y,327.66,"[1520.0, 320.0, 129.0]","[1579.73, 320.0, 129.0]",151.7142,AXIS_WALL_MIDPOINTS_SIDE_PIT_002,230.625,0.0,agrees at checked point only,"Local candidate only; midpoint agreement does not locate exact ends, close angular gaps, identify component or certify continuous architectural footprint."
AXIS_CANDIDATE_SIDE_PIT_258.75_1,SIDE_PIT,PLAN_SECTION_SIDE_PIT_001,Y,327.66,"[1657.83, 288.0, 129.0]","[1700.0, 288.0, 129.0]",107.1118,AXIS_WALL_MIDPOINTS_SIDE_PIT_002,264.375,0.0,agrees at checked point only,"Local candidate only; midpoint agreement does not locate exact ends, close angular gaps, identify component or certify continuous architectural footprint."
AXIS_CANDIDATE_SIDE_PIT_270.0_1,SIDE_PIT,PLAN_SECTION_SIDE_PIT_001,Y,327.66,"[1700.0, 288.0, 129.0]","[1742.17, 288.0, 129.0]",107.1118,AXIS_WALL_MIDPOINTS_SIDE_PIT_002,275.625,0.0,agrees at checked point only,"Local candidate only; midpoint agreement does not locate exact ends, close angular gaps, identify component or certify continuous architectural footprint."
AXIS_CANDIDATE_SIDE_PIT_281.25_1,SIDE_PIT,PLAN_SECTION_SIDE_PIT_001,Y,327.66,"[1742.17, 288.0, 129.0]","[1787.81, 288.0, 129.0]",115.9256,AXIS_WALL_MIDPOINTS_SIDE_PIT_002,286.875,0.0,agrees at checked point only,"Local candidate only; midpoint agreement does not locate exact ends, close angular gaps, identify component or certify continuous architectural footprint."
AXIS_CANDIDATE_SIDE_PIT_303.75_0,SIDE_PIT,PLAN_SECTION_SIDE_PIT_001,X,327.66,"[1792.0, 362.31, 129.0]","[1792.0, 408.0, 129.0]",116.0526,AXIS_WALL_MIDPOINTS_SIDE_PIT_002,309.375,0.0,agrees at checked point only,"Local candidate only; midpoint agreement does not locate exact ends, close angular gaps, identify component or certify continuous architectural footprint."
AXIS_CANDIDATE_SIDE_PIT_315.0_0,SIDE_PIT,PLAN_SECTION_SIDE_PIT_001,X,327.66,"[1792.0, 408.0, 129.0]","[1792.0, 438.53, 129.0]",77.5462,AXIS_WALL_MIDPOINTS_SIDE_PIT_002,320.625,0.0,agrees at checked point only,"Local candidate only; midpoint agreement does not locate exact ends, close angular gaps, identify component or certify continuous architectural footprint."
AXIS_CANDIDATE_SIDE_PIT_326.25_0,SIDE_PIT,PLAN_SECTION_SIDE_PIT_001,X,327.66,"[1792.0, 438.53, 129.0]","[1792.0, 461.89, 129.0]",59.3344,AXIS_WALL_MIDPOINTS_SIDE_PIT_002,331.875,0.0,agrees at checked point only,"Local candidate only; midpoint agreement does not locate exact ends, close angular gaps, identify component or certify continuous architectural footprint."
AXIS_CANDIDATE_SIDE_PIT_337.5_0,SIDE_PIT,PLAN_SECTION_SIDE_PIT_001,X,327.66,"[1792.0, 461.89, 129.0]","[1792.0, 481.7, 129.0]",50.3174,AXIS_WALL_MIDPOINTS_SIDE_PIT_002,343.125,0.0,agrees at checked point only,"Local candidate only; midpoint agreement does not locate exact ends, close angular gaps, identify component or certify continuous architectural footprint."
AXIS_CANDIDATE_SIDE_PIT_348.75_0,SIDE_PIT,PLAN_SECTION_SIDE_PIT_001,X,327.66,"[1792.0, 481.7, 129.0]","[1792.0, 500.0, 129.0]",46.482,AXIS_WALL_MIDPOINTS_SIDE_PIT_002,354.375,0.0,agrees at checked point only,"Local candidate only; midpoint agreement does not locate exact ends, close angular gaps, identify component or certify continuous architectural footprint."
AXIS_CANDIDATE_LONG_A_11.25_0,LONG_A,PLAN_SECTION_LONG_A_001,X,213.36,"[1616.0, 1542.97, 84.0]","[1616.0, 1589.47, 84.0]",118.11,AXIS_WALL_MIDPOINTS_LONG_A_002,16.875,0.0,agrees at checked point only,"Local candidate only; midpoint agreement does not locate exact ends, close angular gaps, identify component or certify continuous architectural footprint."
AXIS_CANDIDATE_LONG_A_22.5_0,LONG_A,PLAN_SECTION_LONG_A_001,X,213.36,"[1616.0, 1589.47, 84.0]","[1616.0, 1644.33, 84.0]",139.3444,AXIS_WALL_MIDPOINTS_LONG_A_002,28.125,0.0,agrees at checked point only,"Local candidate only; midpoint agreement does not locate exact ends, close angular gaps, identify component or certify continuous architectural footprint."
AXIS_CANDIDATE_LONG_A_168.75_0,LONG_A,PLAN_SECTION_LONG_A_001,X,213.36,"[1248.01, 1530.23, 84.0]","[1248.01, 1500.0, 84.0]",76.7842,AXIS_WALL_MIDPOINTS_LONG_A_002,174.375,0.0,agrees at checked point only,"Local candidate only; midpoint agreement does not locate exact ends, close angular gaps, identify component or certify continuous architectural footprint."
AXIS_CANDIDATE_LONG_A_180.0_0,LONG_A,PLAN_SECTION_LONG_A_001,X,213.36,"[1248.01, 1500.0, 84.0]","[1248.01, 1469.77, 84.0]",76.7842,AXIS_WALL_MIDPOINTS_LONG_A_002,185.625,0.0,agrees at checked point only,"Local candidate only; midpoint agreement does not locate exact ends, close angular gaps, identify component or certify continuous architectural footprint."
AXIS_CANDIDATE_LONG_A_191.25_0,LONG_A,PLAN_SECTION_LONG_A_001,X,213.36,"[1248.01, 1469.77, 84.0]","[1248.01, 1437.04, 84.0]",83.1342,AXIS_WALL_MIDPOINTS_LONG_A_002,196.875,0.0,agrees at checked point only,"Local candidate only; midpoint agreement does not locate exact ends, close angular gaps, identify component or certify continuous architectural footprint."
AXIS_CANDIDATE_LONG_A_202.5_0,LONG_A,PLAN_SECTION_LONG_A_001,X,213.36,"[1248.01, 1437.04, 84.0]","[1248.01, 1398.45, 84.0]",98.0186,AXIS_WALL_MIDPOINTS_LONG_A_002,208.125,0.0,agrees at checked point only,"Local candidate only; midpoint agreement does not locate exact ends, close angular gaps, identify component or certify continuous architectural footprint."
AXIS_CANDIDATE_CATWALK_0.0_0,CATWALK,PLAN_SECTION_CATWALK_001,X,187.96,"[512.0, 1400.0, 74.0]","[512.0, 1452.12, 74.0]",132.3848,AXIS_WALL_MIDPOINTS_CATWALK_002,5.625,0.0,agrees at checked point only,"Local candidate only; midpoint agreement does not locate exact ends, close angular gaps, identify component or certify continuous architectural footprint."
AXIS_CANDIDATE_CATWALK_11.25_0,CATWALK,PLAN_SECTION_CATWALK_001,X,187.96,"[512.0, 1452.12, 74.0]","[512.0, 1508.52, 74.0]",143.256,AXIS_WALL_MIDPOINTS_CATWALK_002,16.875,0.0,agrees at checked point only,"Local candidate only; midpoint agreement does not locate exact ends, close angular gaps, identify component or certify continuous architectural footprint."
AXIS_CANDIDATE_CATWALK_112.5_1,CATWALK,PLAN_SECTION_CATWALK_001,Y,187.96,"[193.42, 1536.6, 74.0]","[158.72, 1536.61, 74.0]",88.138,AXIS_WALL_MIDPOINTS_CATWALK_002,118.125,0.0127,agrees at checked point only,"Local candidate only; midpoint agreement does not locate exact ends, close angular gaps, identify component or certify continuous architectural footprint."
AXIS_CANDIDATE_CATWALK_123.75_1,CATWALK,PLAN_SECTION_CATWALK_001,Y,187.96,"[158.72, 1536.61, 74.0]","[113.39, 1536.61, 74.0]",115.1382,AXIS_WALL_MIDPOINTS_CATWALK_002,129.375,0.0,agrees at checked point only,"Local candidate only; midpoint agreement does not locate exact ends, close angular gaps, identify component or certify continuous architectural footprint."
AXIS_CANDIDATE_CATWALK_258.75_1,CATWALK,PLAN_SECTION_CATWALK_001,Y,187.96,"[235.68, 1328.0, 74.0]","[250.0, 1328.0, 74.0]",36.3728,AXIS_WALL_MIDPOINTS_CATWALK_002,264.375,0.0,agrees at checked point only,"Local candidate only; midpoint agreement does not locate exact ends, close angular gaps, identify component or certify continuous architectural footprint."
AXIS_CANDIDATE_CATWALK_270.0_1,CATWALK,PLAN_SECTION_CATWALK_001,Y,187.96,"[250.0, 1328.0, 74.0]","[264.32, 1328.0, 74.0]",36.3728,AXIS_WALL_MIDPOINTS_CATWALK_002,275.625,0.0,agrees at checked point only,"Local candidate only; midpoint agreement does not locate exact ends, close angular gaps, identify component or certify continuous architectural footprint."
AXIS_CANDIDATE_CATWALK_281.25_1,CATWALK,PLAN_SECTION_CATWALK_001,Y,187.96,"[264.32, 1328.0, 74.0]","[279.82, 1328.0, 74.0]",39.37,AXIS_WALL_MIDPOINTS_CATWALK_002,286.875,0.0,agrees at checked point only,"Local candidate only; midpoint agreement does not locate exact ends, close angular gaps, identify component or certify continuous architectural footprint."
AXIS_CANDIDATE_CATWALK_348.75_0,CATWALK,PLAN_SECTION_CATWALK_001,X,187.96,"[512.0, 1347.88, 74.0]","[512.0, 1400.0, 74.0]",132.3848,AXIS_WALL_MIDPOINTS_CATWALK_002,354.375,0.0,agrees at checked point only,"Local candidate only; midpoint agreement does not locate exact ends, close angular gaps, identify component or certify continuous architectural footprint."
AXIS_CANDIDATE_MID_123.75_1,MID,PLAN_SECTION_MID_001,Y,-91.44,"[-577.69, 1536.0, -36.0]","[-656.0, 1536.0, -36.0]",198.9074,AXIS_WALL_MIDPOINTS_MID_002,129.375,0.0,agrees at checked point only,"Local candidate only; midpoint agreement does not locate exact ends, close angular gaps, identify component or certify continuous architectural footprint."
AXIS_CANDIDATE_MID_168.75_0,MID,PLAN_SECTION_MID_001,X,-91.44,"[-512.0, 1318.3, -36.0]","[-512.0, 1300.0, -36.0]",46.482,AXIS_WALL_MIDPOINTS_MID_002,174.375,0.0,agrees at checked point only,"Local candidate only; midpoint agreement does not locate exact ends, close angular gaps, identify component or certify continuous architectural footprint."
AXIS_CANDIDATE_MID_180.0_0,MID,PLAN_SECTION_MID_001,X,-91.44,"[-512.0, 1300.0, -36.0]","[-512.0, 1281.7, -36.0]",46.482,AXIS_WALL_MIDPOINTS_MID_002,185.625,0.0,agrees at checked point only,"Local candidate only; midpoint agreement does not locate exact ends, close angular gaps, identify component or certify continuous architectural footprint."
AXIS_CANDIDATE_MID_191.25_0,MID,PLAN_SECTION_MID_001,X,-91.44,"[-512.0, 1281.7, -36.0]","[-512.0, 1261.89, -36.0]",50.3174,AXIS_WALL_MIDPOINTS_MID_002,196.875,0.0,agrees at checked point only,"Local candidate only; midpoint agreement does not locate exact ends, close angular gaps, identify component or certify continuous architectural footprint."
AXIS_CANDIDATE_MID_202.5_0,MID,PLAN_SECTION_MID_001,X,-91.44,"[-512.0, 1261.89, -36.0]","[-512.0, 1238.53, -36.0]",59.3344,AXIS_WALL_MIDPOINTS_MID_002,208.125,0.0,agrees at checked point only,"Local candidate only; midpoint agreement does not locate exact ends, close angular gaps, identify component or certify continuous architectural footprint."
AXIS_CANDIDATE_MID_213.75_0,MID,PLAN_SECTION_MID_001,X,-91.44,"[-512.0, 1238.53, -36.0]","[-512.0, 1208.0, -36.0]",77.5462,AXIS_WALL_MIDPOINTS_MID_002,219.375,0.0,agrees at checked point only,"Local candidate only; midpoint agreement does not locate exact ends, close angular gaps, identify component or certify continuous architectural footprint."
AXIS_CANDIDATE_CT_MID_11.25_0,CT_MID,PLAN_SECTION_CT_MID_001,X,-91.44,"[-319.0, 2336.0, -36.0]","[-319.0, 2374.97, -36.0]",98.9838,AXIS_WALL_MIDPOINTS_CT_MID_002,16.875,0.0,agrees at checked point only,"Local candidate only; midpoint agreement does not locate exact ends, close angular gaps, identify component or certify continuous architectural footprint."
AXIS_CANDIDATE_CT_MID_22.5_0,CT_MID,PLAN_SECTION_CT_MID_001,X,-91.44,"[-319.0, 2374.97, -36.0]","[-319.0, 2420.94, -36.0]",116.7638,AXIS_WALL_MIDPOINTS_CT_MID_002,28.125,0.0,agrees at checked point only,"Local candidate only; midpoint agreement does not locate exact ends, close angular gaps, identify component or certify continuous architectural footprint."
AXIS_CANDIDATE_OUTSIDE_TUNNELS_56.25_0,OUTSIDE_TUNNELS,PLAN_SECTION_OUTSIDE_TUNNELS_001,X,264.16,"[-1600.0, 749.66, 104.0]","[-1600.0, 841.42, 104.0]",233.0704,AXIS_WALL_MIDPOINTS_OUTSIDE_TUNNELS_002,61.875,0.0,agrees at checked point only,"Local candidate only; midpoint agreement does not locate exact ends, close angular gaps, identify component or certify continuous architectural footprint."
AXIS_CANDIDATE_OUTSIDE_TUNNELS_270.0_1,OUTSIDE_TUNNELS,PLAN_SECTION_OUTSIDE_TUNNELS_001,Y,264.16,"[-1700.0, -128.0, 104.0]","[-1555.19, -128.0, 104.0]",367.8174,AXIS_WALL_MIDPOINTS_OUTSIDE_TUNNELS_002,275.625,0.0,agrees at checked point only,"Local candidate only; midpoint agreement does not locate exact ends, close angular gaps, identify component or certify continuous architectural footprint."
AXIS_CANDIDATE_OUTSIDE_TUNNELS_348.75_0,OUTSIDE_TUNNELS,PLAN_SECTION_OUTSIDE_TUNNELS_001,X,264.16,"[-1312.0, 522.82, 104.0]","[-1312.0, 600.0, 104.0]",196.0372,AXIS_WALL_MIDPOINTS_OUTSIDE_TUNNELS_002,354.375,0.0,agrees at checked point only,"Local candidate only; midpoint agreement does not locate exact ends, close angular gaps, identify component or certify continuous architectural footprint."
AXIS_CANDIDATE_UNDER_A_247.5_1,UNDER_A,PLAN_SECTION_UNDER_A_001,Y,-90.8558,"[553.53, 2048.01, -35.77]","[575.49, 2048.01, -35.77]",55.7784,AXIS_WALL_MIDPOINTS_UNDER_A_002,253.125,0.0,agrees at checked point only,"Local candidate only; midpoint agreement does not locate exact ends, close angular gaps, identify component or certify continuous architectural footprint."
AXIS_CANDIDATE_UNDER_A_258.75_1,UNDER_A,PLAN_SECTION_UNDER_A_001,Y,-90.8558,"[575.49, 2048.01, -35.77]","[595.78, 2048.01, -35.77]",51.5366,AXIS_WALL_MIDPOINTS_UNDER_A_002,264.375,0.0,agrees at checked point only,"Local candidate only; midpoint agreement does not locate exact ends, close angular gaps, identify component or certify continuous architectural footprint."
AXIS_CANDIDATE_UNDER_A_270.0_1,UNDER_A,PLAN_SECTION_UNDER_A_001,Y,-90.8558,"[595.78, 2048.01, -35.77]","[616.07, 2048.01, -35.77]",51.5366,AXIS_WALL_MIDPOINTS_UNDER_A_002,275.625,0.0,agrees at checked point only,"Local candidate only; midpoint agreement does not locate exact ends, close angular gaps, identify component or certify continuous architectural footprint."
AXIS_CANDIDATE_UNDER_A_281.25_1,UNDER_A,PLAN_SECTION_UNDER_A_001,Y,-90.8558,"[616.07, 2048.01, -35.77]","[638.02, 2048.01, -35.77]",55.753,AXIS_WALL_MIDPOINTS_UNDER_A_002,286.875,0.0,agrees at checked point only,"Local candidate only; midpoint agreement does not locate exact ends, close angular gaps, identify component or certify continuous architectural footprint."
AXIS_CANDIDATE_UNDER_A_292.5_1,UNDER_A,PLAN_SECTION_UNDER_A_001,Y,-90.8558,"[638.02, 2048.01, -35.77]","[663.93, 2048.01, -35.77]",65.8114,AXIS_WALL_MIDPOINTS_UNDER_A_002,298.125,0.0,agrees at checked point only,"Local candidate only; midpoint agreement does not locate exact ends, close angular gaps, identify component or certify continuous architectural footprint."
AXIS_CANDIDATE_UNDER_A_303.75_1,UNDER_A,PLAN_SECTION_UNDER_A_001,Y,-90.8558,"[663.93, 2048.01, -35.77]","[697.77, 2048.01, -35.77]",85.9536,AXIS_WALL_MIDPOINTS_UNDER_A_002,309.375,0.0,agrees at checked point only,"Local candidate only; midpoint agreement does not locate exact ends, close angular gaps, identify component or certify continuous architectural footprint."
AXIS_CANDIDATE_UNDER_A_315.0_1,UNDER_A,PLAN_SECTION_UNDER_A_001,Y,-90.8558,"[697.77, 2048.01, -35.77]","[748.42, 2048.01, -35.77]",128.651,AXIS_WALL_MIDPOINTS_UNDER_A_002,320.625,0.0,agrees at checked point only,"Local candidate only; midpoint agreement does not locate exact ends, close angular gaps, identify component or certify continuous architectural footprint."
AXIS_CANDIDATE_UNDER_A_326.25_1,UNDER_A,PLAN_SECTION_UNDER_A_001,Y,-90.8558,"[748.42, 2048.01, -35.77]","[842.01, 2048.01, -35.77]",237.7186,AXIS_WALL_MIDPOINTS_UNDER_A_002,331.875,0.0,agrees at checked point only,"Local candidate only; midpoint agreement does not locate exact ends, close angular gaps, identify component or certify continuous architectural footprint."
AXIS_CANDIDATE_T_SPAWN_78.75_1,T_SPAWN,PLAN_SECTION_T_SPAWN_OPEN_003,Y,467.36,"[-392.59, -360.0, 184.0]","[-500.0, -360.0, 184.0]",272.8214,AXIS_WALL_MIDPOINTS_T_SPAWN_002,84.375,0.0,agrees at checked point only,"Local candidate only; midpoint agreement does not locate exact ends, close angular gaps, identify component or certify continuous architectural footprint."
AXIS_CANDIDATE_T_SPAWN_135.0_1,T_SPAWN,PLAN_SECTION_T_SPAWN_OPEN_003,Y,467.36,"[-760.0, -640.0, 184.0]","[-889.12, -640.0, 184.0]",327.9648,AXIS_WALL_MIDPOINTS_T_SPAWN_002,140.625,3.8862,candidate axis line rejected,"Local candidate only; midpoint agreement does not locate exact ends, close angular gaps, identify component or certify continuous architectural footprint."
AXIS_CANDIDATE_T_SPAWN_247.5_1,T_SPAWN,PLAN_SECTION_T_SPAWN_OPEN_003,Y,467.36,"[-571.25, -1072.0, 184.0]","[-534.21, -1072.0, 184.0]",94.0816,AXIS_WALL_MIDPOINTS_T_SPAWN_002,253.125,0.0,agrees at checked point only,"Local candidate only; midpoint agreement does not locate exact ends, close angular gaps, identify component or certify continuous architectural footprint."
AXIS_CANDIDATE_T_SPAWN_258.75_1,T_SPAWN,PLAN_SECTION_T_SPAWN_OPEN_003,Y,467.36,"[-534.21, -1072.0, 184.0]","[-500.0, -1072.0, 184.0]",86.8934,AXIS_WALL_MIDPOINTS_T_SPAWN_002,264.375,0.0,agrees at checked point only,"Local candidate only; midpoint agreement does not locate exact ends, close angular gaps, identify component or certify continuous architectural footprint."
AXIS_CANDIDATE_T_SPAWN_303.75_1,T_SPAWN,PLAN_SECTION_T_SPAWN_OPEN_003,Y,467.36,"[-385.07, -1072.0, 184.0]","[-328.0, -1072.0, 184.0]",144.9578,AXIS_WALL_MIDPOINTS_T_SPAWN_002,309.375,0.0,agrees at checked point only,"Local candidate only; midpoint agreement does not locate exact ends, close angular gaps, identify component or certify continuous architectural footprint."
