group,component,report,x_native,y_native,z_native,x_cm,y_cm,z_cm,confidence,limits
XBOX_JOINT_Y1390_005,plastic_cover,XBOX_EAST_JOINT_X280_Y1390_004,-280.0,1390.0,-28.83,-711.2,3530.6,-73.2282,confirmed repeated selected first support,"Adjacent first-plastic-cover-top and first-Rock-Hull support at sameY. Independent repeated/corrected points bracket a local downward-hit material transition. Elevation difference is not exact vertical face height, hidden cover extent or rendered-surface acceptance."
XBOX_JOINT_Y1390_005,plastic_cover,XBOX_EAST_JOINT_X270_Y1390_004,-270.0,1390.0,-28.95,-685.8,3530.6,-73.533,confirmed repeated selected first support,"Adjacent first-plastic-cover-top and first-Rock-Hull support at sameY. Independent repeated/corrected points bracket a local downward-hit material transition. Elevation difference is not exact vertical face height, hidden cover extent or rendered-surface acceptance."
XBOX_JOINT_Y1390_005,plastic_cover,XBOX_EAST_JOINT_X260_Y1390_004,-260.0,1390.0,-28.93,-660.4,3530.6,-73.4822,confirmed repeated selected first support,"Adjacent first-plastic-cover-top and first-Rock-Hull support at sameY. Independent repeated/corrected points bracket a local downward-hit material transition. Elevation difference is not exact vertical face height, hidden cover extent or rendered-surface acceptance."
XBOX_JOINT_Y1390_005,rock_support,XBOX_EAST_JOINT_X258_Y1390_005,-257.99,1390.0,27.87,-655.2946000000001,3530.6,70.7898,confirmed repeated selected first support,"Adjacent first-plastic-cover-top and first-Rock-Hull support at sameY. Independent repeated/corrected points bracket a local downward-hit material transition. Elevation difference is not exact vertical face height, hidden cover extent or rendered-surface acceptance."
XBOX_JOINT_Y1390_005,rock_support,XBOX_EAST_JOINT_X256_Y1390_005,-256.0,1390.0,28.78,-650.24,3530.6,73.1012,confirmed repeated selected first support,"Adjacent first-plastic-cover-top and first-Rock-Hull support at sameY. Independent repeated/corrected points bracket a local downward-hit material transition. Elevation difference is not exact vertical face height, hidden cover extent or rendered-surface acceptance."
XBOX_JOINT_Y1390_005,rock_support,XBOX_EAST_JOINT_X254_Y1390_005,-254.0,1390.0,29.32,-645.16,3530.6,74.4728,confirmed repeated selected first support,"Adjacent first-plastic-cover-top and first-Rock-Hull support at sameY. Independent repeated/corrected points bracket a local downward-hit material transition. Elevation difference is not exact vertical face height, hidden cover extent or rendered-surface acceptance."
XBOX_JOINT_Y1390_005,rock_support,XBOX_EAST_JOINT_X252_Y1390_005,-252.0,1390.0,29.86,-640.08,3530.6,75.8444,confirmed repeated selected first support,"Adjacent first-plastic-cover-top and first-Rock-Hull support at sameY. Independent repeated/corrected points bracket a local downward-hit material transition. Elevation difference is not exact vertical face height, hidden cover extent or rendered-surface acceptance."
XBOX_JOINT_Y1390_005,rock_support,XBOX_EAST_JOINT_X250_Y1390_005,-250.0,1390.0,30.4,-635.0,3530.6,77.216,confirmed repeated selected first support,"Adjacent first-plastic-cover-top and first-Rock-Hull support at sameY. Independent repeated/corrected points bracket a local downward-hit material transition. Elevation difference is not exact vertical face height, hidden cover extent or rendered-surface acceptance."
XBOX_JOINT_Y1450_005,plastic_cover,XBOX_EAST_JOINT_X280_Y1450_004,-280.0,1450.0,-28.96,-711.2,3683.0,-73.5584,confirmed repeated selected first support,"Adjacent first-plastic-cover-top and first-Rock-Hull support at sameY. Independent repeated/corrected points bracket a local downward-hit material transition. Elevation difference is not exact vertical face height, hidden cover extent or rendered-surface acceptance."
XBOX_JOINT_Y1450_005,plastic_cover,XBOX_EAST_JOINT_X270_Y1450_004,-270.0,1450.0,-28.98,-685.8,3683.0,-73.6092,confirmed repeated selected first support,"Adjacent first-plastic-cover-top and first-Rock-Hull support at sameY. Independent repeated/corrected points bracket a local downward-hit material transition. Elevation difference is not exact vertical face height, hidden cover extent or rendered-surface acceptance."
XBOX_JOINT_Y1450_005,plastic_cover,XBOX_EAST_JOINT_X260_Y1450_004,-260.0,1450.0,-28.96,-660.4,3683.0,-73.5584,confirmed repeated selected first support,"Adjacent first-plastic-cover-top and first-Rock-Hull support at sameY. Independent repeated/corrected points bracket a local downward-hit material transition. Elevation difference is not exact vertical face height, hidden cover extent or rendered-surface acceptance."
XBOX_JOINT_Y1450_005,rock_support,XBOX_EAST_JOINT_X258_Y1450_005,-258.0,1450.0,25.7,-655.32,3683.0,65.278,confirmed repeated selected first support,"Adjacent first-plastic-cover-top and first-Rock-Hull support at sameY. Independent repeated/corrected points bracket a local downward-hit material transition. Elevation difference is not exact vertical face height, hidden cover extent or rendered-surface acceptance."
XBOX_JOINT_Y1450_005,rock_support,XBOX_EAST_JOINT_X256_Y1450_005,-256.0,1450.0,28.58,-650.24,3683.0,72.5932,confirmed repeated selected first support,"Adjacent first-plastic-cover-top and first-Rock-Hull support at sameY. Independent repeated/corrected points bracket a local downward-hit material transition. Elevation difference is not exact vertical face height, hidden cover extent or rendered-surface acceptance."
XBOX_JOINT_Y1450_005,rock_support,XBOX_EAST_JOINT_X254_Y1450_005,-254.0,1450.0,29.14,-645.16,3683.0,74.0156,confirmed repeated selected first support,"Adjacent first-plastic-cover-top and first-Rock-Hull support at sameY. Independent repeated/corrected points bracket a local downward-hit material transition. Elevation difference is not exact vertical face height, hidden cover extent or rendered-surface acceptance."
XBOX_JOINT_Y1450_005,rock_support,XBOX_EAST_JOINT_X252_Y1450_005,-252.0,1450.0,29.7,-640.08,3683.0,75.438,confirmed repeated selected first support,"Adjacent first-plastic-cover-top and first-Rock-Hull support at sameY. Independent repeated/corrected points bracket a local downward-hit material transition. Elevation difference is not exact vertical face height, hidden cover extent or rendered-surface acceptance."
XBOX_JOINT_Y1450_005,rock_support,XBOX_EAST_JOINT_X250_Y1450_005,-250.0,1450.0,30.26,-635.0,3683.0,76.8604,confirmed repeated selected first support,"Adjacent first-plastic-cover-top and first-Rock-Hull support at sameY. Independent repeated/corrected points bracket a local downward-hit material transition. Elevation difference is not exact vertical face height, hidden cover extent or rendered-surface acceptance."
