camera_id,area,purpose,position_x,position_y,position_z,rotation_pitch,rotation_yaw,rotation_roll,fov,reference_id,status,notes
QA_TSPAWN_001,T Spawn,entry/proportion,,,,,,,,,,PLANNED,
QA_LONG_001,Long,forward sightline,,,,,,,,,,PLANNED,
QA_LONG_002,Long,reverse sightline,,,,,,,,,,PLANNED,
QA_A_001,A Site,site composition,,,,,,,,,,PLANNED,
QA_SHORT_001,Short / Catwalk,elevation transition,,,,,,,,,,PLANNED,
QA_MID_001,Mid,forward sightline,,,,,,,,,,PLANNED,
QA_MID_002,Mid,reverse sightline,,,,,,,,,,PLANNED,
QA_CT_001,CT Spawn,entry/proportion,,,,,,,,,,PLANNED,
QA_B_001,B Site,site composition,,,,,,,,,,PLANNED,
QA_TUNNELS_UPPER_001,Upper Tunnels,interior proportion,,,,,,,,,,PLANNED,
QA_TUNNELS_LOWER_001,Lower Tunnels,interior proportion,,,,,,,,,,PLANNED,
